pos,age,team_id,g,gs,mp,fg_per_poss,fga_per_poss,fg_pct,fg3_per_poss,fg3a_per_poss,fg3_pct,fg2_per_poss,fg2a_per_poss,fg2_pct,ft_per_poss,fta_per_poss,ft_pct,orb_per_poss,drb_per_poss,trb_per_poss,ast_per_poss,stl_per_poss,blk_per_poss,tov_per_poss,pf_per_poss,pts_per_poss,,off_rtg,def_rtg
C,35,LAL,79,79,2554,13.1,22.2,.588,0.0,0.0,.000,13.1,22.2,.589,5.0,6.7,.749,3.0,7.7,10.7,3.6,1.1,3.1,3.6,4.0,31.2,,118,104
C,28,PHO,80,75,2447,9.2,18.9,.486,0.0,0.1,.333,9.2,18.9,.487,3.5,4.2,.829,3.1,7.5,10.6,7.3,2.2,1.4,4.7,5.5,21.9,,102,98
SF,23,DAL,81,75,2784,12.9,26.7,.483,0.3,1.3,.211,12.6,25.4,.496,7.2,9.9,.728,3.2,5.3,8.5,5.6,1.3,0.4,4.4,4.1,33.2,,108,110
SG,23,BOS,80,76,2048,8.0,16.2,.496,0.1,0.7,.172,7.9,15.6,.509,1.6,2.2,.742,1.9,3.0,4.8,5.7,2.5,0.1,2.2,5.8,17.8,,110,104
PG,22,DEN,5,0,33,9.1,18.2,.500,0.0,0.0,,9.1,18.2,.500,9.1,13.0,.700,0.0,2.6,2.6,3.9,1.3,0.0,6.5,9.1,27.3,,96,112
SF,22,TOT,65,2,1202,7.1,14.1,.501,0.0,0.1,.000,7.1,14.0,.507,3.7,6.5,.571,4.4,6.5,11.0,2.5,2.3,0.8,2.9,5.7,17.9,,103,103
SF,22,PHI,13,0,48,7.8,21.4,.364,0.0,1.0,.000,7.8,20.4,.381,1.0,2.9,.333,3.9,7.8,11.7,1.0,1.0,0.0,4.9,5.8,16.6,,74,102
SF,22,UTA,52,2,1154,7.1,13.8,.510,0.0,0.1,.000,7.1,13.7,.514,3.8,6.7,.576,4.5,6.5,10.9,2.6,2.4,0.8,2.9,5.7,17.9,,105,103
C,22,SDC,78,5,1274,6.4,15.8,.404,0.3,0.7,.368,6.1,15.1,.405,1.8,2.5,.696,4.1,5.9,10.0,4.4,2.1,1.0,3.4,6.2,14.7,,94,108
PG,34,BOS,66,19,1811,6.0,14.1,.425,0.1,0.6,.208,5.9,13.5,.435,5.6,7.5,.743,0.6,1.7,2.3,10.4,1.0,0.1,4.2,2.8,17.7,,104,108
PG,22,CLE,68,3,990,8.0,18.5,.432,0.0,0.7,.000,8.0,17.8,.448,3.2,4.2,.762,0.8,3.9,4.8,8.3,2.7,0.2,5.9,3.7,19.2,,89,106
PF,25,TOT,75,39,1765,10.2,20.6,.497,0.0,0.0,.000,10.2,20.6,.498,6.0,8.6,.702,4.5,8.1,12.6,1.8,1.1,1.6,5.2,7.2,26.5,,99,106
PF,25,NJN,6,0,50,8.3,16.6,.500,0.0,0.0,,8.3,16.6,.500,1.8,1.8,1.000,2.8,2.8,5.5,1.8,0.9,0.9,5.5,13.9,18.5,,89,103
PF,25,HOU,69,39,1715,10.3,20.7,.497,0.0,0.0,.000,10.3,20.7,.498,6.1,8.8,.700,4.6,8.2,12.8,1.8,1.2,1.6,5.2,7.0,26.7,,99,107
SF,28,WSB,78,78,2840,10.2,21.7,.473,0.2,0.6,.351,10.0,21.0,.477,3.1,4.0,.781,2.1,6.5,8.6,4.5,2.3,0.4,2.7,3.0,23.8,,104,99
PF,23,SAS,81,81,2722,8.6,15.7,.550,0.0,0.1,.000,8.6,15.6,.553,3.3,4.7,.705,3.8,6.7,10.4,4.8,1.3,0.4,2.9,3.9,20.6,,116,107
SG,26,TOT,19,3,304,8.7,22.9,.379,0.3,0.8,.400,8.4,22.1,.379,1.7,3.5,.500,1.7,1.3,3.0,2.2,2.2,0.5,1.9,3.0,19.5,,86,103
SG,26,WSB,15,3,277,9.2,22.5,.411,0.3,0.9,.400,8.9,21.6,.411,1.7,3.5,.500,1.7,1.4,3.1,2.4,2.3,0.5,2.1,3.1,20.6,,89,102
SG,26,LAL,4,0,27,3.4,27.4,.125,0.0,0.0,,3.4,27.4,.125,1.7,3.4,.500,1.7,0.0,1.7,0.0,1.7,0.0,0.0,1.7,8.6,,44,111
C,26,WSB,54,5,558,7.4,16.5,.445,0.0,0.3,.000,7.4,16.3,.452,0.7,1.5,.471,3.9,6.4,10.3,2.5,1.3,1.1,2.4,4.8,15.4,,93,100
C,28,DET,21,15,599,6.4,13.8,.467,0.0,0.1,.000,6.4,13.7,.470,2.9,3.8,.760,4.0,7.7,11.7,3.7,1.1,1.3,2.6,4.6,15.7,,106,105
PF,26,BOS,79,79,2982,11.6,22.9,.504,0.3,1.2,.286,11.2,21.7,.516,5.4,6.5,.840,3.0,10.5,13.5,7.1,2.3,1.1,3.7,3.0,28.9,,115,98
SG,27,NJN,62,54,1885,10.4,20.4,.511,0.0,0.1,.333,10.4,20.3,.512,2.0,3.6,.566,1.3,2.4,3.7,5.9,2.1,0.4,2.8,3.8,22.9,,108,102
SG,23,DAL,75,62,2349,10.2,20.7,.492,0.1,0.3,.200,10.1,20.4,.497,5.9,7.6,.780,2.1,3.7,5.8,3.7,0.7,0.6,2.3,2.3,26.4,,114,113
SG,23,BOS,51,5,532,6.0,15.3,.392,0.0,0.3,.000,6.0,15.0,.399,4.0,7.8,.511,2.6,4.2,6.8,2.4,2.8,2.3,3.6,7.3,16.0,,86,100
SG,25,CHI,58,11,683,5.4,10.5,.516,0.1,0.3,.200,5.4,10.2,.526,2.4,3.0,.800,1.8,5.2,7.0,7.0,3.2,0.7,3.9,6.0,13.3,,103,105
PF,24,IND,62,2,680,8.9,20.9,.425,0.0,0.1,.000,8.9,20.9,.427,5.2,7.3,.704,5.0,6.8,11.8,3.1,1.8,1.8,3.1,5.5,23.0,,102,107
PG,27,CHI,15,0,140,4.5,13.6,.333,0.3,2.6,.125,4.2,11.0,.382,3.2,4.2,.769,1.0,5.2,6.1,7.4,2.3,0.0,4.5,6.5,12.6,,84,108
SG,27,TOT,74,52,1964,8.2,19.3,.426,0.2,0.4,.389,8.1,18.9,.427,3.4,4.1,.835,1.4,2.0,3.4,2.3,2.2,0.6,2.3,2.9,20.0,,99,109
SG,27,CLE,21,18,563,8.6,21.4,.400,0.0,0.3,.000,8.6,21.1,.405,3.8,4.5,.863,0.8,2.4,3.2,2.4,1.7,0.5,2.2,2.4,21.0,,95,109
SG,27,GSW,53,34,1401,8.1,18.5,.438,0.2,0.5,.467,7.9,18.0,.437,3.2,3.9,.824,1.6,1.9,3.5,2.3,2.3,0.6,2.4,3.2,19.7,,101,109
SF,29,MIL,70,5,1855,10.9,22.1,.492,0.0,0.3,.077,10.9,21.8,.498,4.2,5.1,.837,1.1,5.2,6.4,5.4,1.0,0.2,3.2,4.0,26.1,,107,104
SF,31,DAL,37,0,371,5.5,12.5,.444,0.8,1.6,.462,4.8,10.8,.442,1.3,1.8,.714,3.0,4.4,7.4,8.8,0.8,0.1,3.9,5.8,13.1,,102,112
SG,24,SDC,58,0,466,9.1,21.3,.427,0.3,1.3,.231,8.8,20.0,.440,3.4,4.3,.791,3.3,2.9,6.2,6.6,2.6,0.9,4.3,7.9,21.9,,99,109
SF,24,SDC,82,26,2457,7.6,15.7,.484,0.1,0.3,.333,7.5,15.5,.487,3.7,5.3,.697,4.5,5.4,9.9,5.0,2.1,0.7,3.4,5.6,19.0,,108,109
PG,34,SEA,80,1,1432,12.1,23.2,.520,0.5,1.0,.438,11.6,22.2,.523,1.9,2.3,.806,1.0,2.1,3.2,7.9,1.9,0.4,3.6,3.2,26.4,,108,106
C,24,TOT,76,7,1048,7.5,15.6,.479,0.0,0.1,.000,7.5,15.5,.483,2.9,4.7,.619,4.1,7.8,11.9,1.1,0.6,1.2,3.7,7.7,17.8,,96,107
C,24,GSW,50,7,743,7.3,15.2,.482,0.0,0.1,.000,7.3,15.1,.486,2.5,4.0,.615,3.5,7.6,11.1,1.0,0.5,1.3,3.7,7.8,17.1,,94,108
C,24,ATL,26,0,305,7.8,16.5,.471,0.0,0.2,.000,7.8,16.4,.476,4.0,6.4,.625,5.6,8.4,14.0,1.4,0.8,0.8,3.5,7.3,19.6,,99,103
SF,28,HOU,81,56,2055,7.9,17.6,.448,0.2,0.8,.222,7.7,16.7,.459,2.7,3.8,.703,2.0,4.3,6.3,4.3,1.9,0.7,4.0,5.9,18.6,,92,109
SG,28,BOS,72,56,1565,7.3,16.5,.442,0.0,0.1,.000,7.3,16.4,.445,2.2,3.4,.632,1.8,3.7,5.5,8.1,3.2,0.1,4.7,5.7,16.8,,93,102
PG,32,POR,41,1,643,5.3,13.5,.396,0.7,2.6,.257,4.7,10.9,.429,3.0,3.4,.891,1.4,2.6,4.0,8.5,3.3,0.1,1.8,4.4,14.3,,112,104
SF,26,IND,80,12,1436,5.0,12.0,.420,0.2,0.8,.231,4.9,11.2,.434,2.3,3.1,.747,2.4,3.7,6.1,5.8,1.3,0.2,2.3,4.8,12.6,,103,112
PF,27,POR,82,26,2331,7.4,14.6,.505,0.0,0.1,.333,7.3,14.5,.506,5.2,7.5,.697,3.7,8.3,12.0,2.4,1.3,0.9,3.8,6.2,20.0,,105,103
SF,32,BOS,77,0,883,7.1,16.5,.429,0.2,1.0,.158,6.9,15.5,.446,3.1,4.2,.741,2.7,4.5,7.2,3.7,2.5,0.5,4.1,7.3,17.4,,93,102
C,24,GSW,79,79,2988,12.1,23.6,.513,0.0,0.0,.000,12.1,23.6,.514,5.2,7.2,.719,3.4,7.2,10.6,2.6,1.7,2.4,4.4,4.0,29.4,,105,106
SG,24,IND,81,28,1716,9.5,19.0,.501,0.5,1.4,.333,9.1,17.6,.515,3.3,4.1,.805,1.7,2.4,4.0,5.2,2.1,0.3,3.2,5.6,22.9,,109,111
C,25,NYK,82,82,2468,9.1,16.1,.566,0.0,0.0,,9.1,16.1,.566,7.6,10.2,.744,3.7,8.1,11.8,2.7,0.8,2.5,4.1,6.3,25.9,,114,99
C,31,MIL,74,33,1554,2.8,6.1,.457,0.0,0.0,,2.8,6.1,.457,1.9,2.8,.674,4.1,8.5,12.6,2.4,0.8,4.6,2.6,6.9,7.5,,99,98
PF,23,SDC,79,79,2665,9.1,19.2,.472,0.0,0.1,.000,9.1,19.1,.476,6.2,8.5,.723,3.8,5.3,9.1,3.4,1.4,1.0,4.1,5.8,24.3,,105,110
PG,26,PHI,79,79,2465,7.7,14.1,.542,0.0,0.1,.167,7.6,14.0,.545,3.4,4.6,.754,1.0,3.0,4.0,10.3,3.5,0.6,3.4,3.5,18.8,,117,101
SF,24,WSB,65,21,1575,10.2,19.5,.523,0.0,0.2,.000,10.2,19.3,.528,3.1,4.2,.743,3.6,2.9,6.4,4.0,2.7,0.9,4.5,5.1,23.4,,101,100
PG,23,GSW,75,10,1416,4.7,9.9,.479,0.0,0.1,.000,4.7,9.7,.485,2.6,3.7,.699,2.2,5.0,7.2,8.2,3.8,0.2,3.2,4.6,12.0,,106,105
PG,24,NJN,82,47,2625,7.8,17.3,.449,0.1,0.7,.211,7.7,16.7,.459,3.3,4.3,.769,1.3,2.9,4.2,7.9,3.4,0.8,4.2,3.7,19.0,,100,99
PF,26,TOT,75,22,1333,5.4,11.0,.487,0.0,0.1,.000,5.4,10.9,.492,2.9,3.8,.760,4.3,7.8,12.2,3.7,1.4,1.1,3.8,6.6,13.6,,100,103
PF,26,PHO,45,2,551,5.2,12.2,.430,0.0,0.2,.000,5.2,12.0,.436,3.5,4.6,.759,3.8,7.3,11.1,5.0,1.0,1.1,4.8,7.6,14.0,,92,101
PF,26,CLE,30,20,782,5.5,10.2,.537,0.0,0.1,.000,5.5,10.1,.540,2.4,3.1,.760,4.7,8.2,13.0,2.8,1.7,1.1,3.1,5.8,13.3,,108,105
C,25,TOT,20,4,333,5.2,10.1,.514,0.0,0.0,,5.2,10.1,.514,2.3,4.1,.552,5.9,6.2,12.1,2.4,1.3,2.8,4.5,6.9,12.7,,94,107
C,25,LAL,2,0,11,4.2,16.8,.250,0.0,0.0,,4.2,16.8,.250,0.0,0.0,,8.4,0.0,8.4,0.0,4.2,4.2,12.6,12.6,8.4,,46,102
C,25,WSB,5,0,47,5.1,9.2,.556,0.0,0.0,,5.1,9.2,.556,5.1,9.2,.556,4.1,9.2,13.4,2.1,0.0,0.0,6.2,7.2,15.4,,88,101
C,25,SDC,13,4,275,5.3,10.0,.525,0.0,0.0,,5.3,10.0,.525,1.9,3.4,.550,6.1,5.9,12.0,2.5,1.4,3.2,3.9,6.6,12.4,,99,108
SG,26,LAL,82,3,2148,5.7,10.7,.535,0.1,0.5,.238,5.6,10.2,.548,2.2,2.8,.785,1.8,4.1,5.9,6.8,2.5,1.1,2.8,4.5,13.8,,114,105
C,26,POR,80,60,2099,7.2,16.4,.443,0.0,0.1,.000,7.2,16.3,.446,3.1,4.5,.685,4.8,9.0,13.8,2.6,0.6,3.1,3.7,7.2,17.6,,97,102
C,26,CHI,82,71,2496,8.3,16.7,.497,0.0,0.0,.000,8.3,16.6,.498,4.2,5.8,.720,4.4,8.6,13.0,2.8,0.9,2.0,4.1,4.4,20.8,,103,107
PF,34,MIL,40,34,1014,6.4,14.5,.444,0.0,0.1,.000,6.4,14.4,.447,2.5,3.0,.825,3.5,9.5,13.0,3.9,1.4,0.7,2.1,6.5,15.3,,105,99
SG,27,WSB,7,0,78,8.0,22.9,.351,0.0,1.2,.000,8.0,21.7,.371,1.9,3.7,.500,4.3,1.9,6.2,3.7,0.0,0.6,5.6,9.9,17.9,,74,106
PG,34,MIL,66,0,922,8.8,19.5,.451,0.3,1.6,.194,8.5,17.9,.474,3.5,4.0,.895,0.7,3.4,4.1,6.6,1.4,0.0,2.3,2.3,21.4,,108,105
C,27,SAS,14,0,148,4.4,10.7,.412,0.0,0.0,,4.4,10.7,.412,0.9,1.6,.600,5.6,9.4,15.1,2.2,0.9,1.6,1.6,7.8,9.7,,105,105
C,26,DAL,81,71,2317,8.7,17.7,.493,0.0,0.0,.000,8.7,17.7,.494,3.0,4.0,.755,4.5,8.9,13.5,2.9,1.1,0.7,3.3,6.0,20.4,,106,108
PF,21,SDC,70,69,2531,12.6,24.1,.523,0.0,0.0,.000,12.6,24.1,.523,5.4,7.6,.709,5.6,8.1,13.7,3.3,2.4,1.1,3.8,5.4,30.6,,113,106
C,25,PHI,73,3,987,5.1,12.2,.419,0.0,0.0,,5.1,12.2,.419,1.6,3.2,.493,4.0,8.8,12.7,2.0,1.8,1.1,3.6,6.8,11.8,,87,99
SG,22,CHI,76,32,2081,10.2,21.9,.466,0.1,0.5,.200,10.1,21.4,.473,4.5,6.1,.730,1.9,3.8,5.7,6.1,1.6,0.2,4.5,5.4,25.0,,100,110
SF,26,UTA,22,22,887,11.7,20.3,.580,0.0,0.0,,11.7,20.3,.580,10.6,12.5,.847,2.9,4.1,7.1,5.3,1.0,0.0,4.1,3.1,34.1,,124,109
PG,27,DAL,79,78,2323,7.2,12.6,.572,0.2,0.9,.256,7.0,11.8,.595,3.7,4.4,.845,0.7,3.3,4.0,11.4,1.6,0.2,2.9,3.5,18.4,,125,111
SF,24,WSB,74,10,1161,10.4,22.2,.470,0.1,0.4,.200,10.4,21.8,.475,2.3,3.7,.629,3.5,5.4,8.9,3.0,1.3,0.9,3.8,5.1,23.3,,95,101
SG,27,ATL,53,33,1465,8.5,18.8,.455,0.2,0.6,.278,8.4,18.2,.461,5.4,6.8,.796,1.2,3.0,4.2,10.4,1.4,0.2,3.8,3.3,22.7,,107,107
PF,26,NYK,8,0,28,7.1,17.7,.400,0.0,0.0,,7.1,17.7,.400,10.6,17.7,.600,5.3,12.4,17.7,0.0,0.0,7.1,0.0,7.1,24.7,,116,93
SG,28,PHO,80,79,2491,12.6,24.5,.516,0.1,0.4,.304,12.5,24.0,.520,3.5,4.3,.818,1.2,2.5,3.7,7.5,2.2,0.2,3.6,3.5,28.9,,109,103
C,26,NJN,81,81,2093,8.8,14.8,.599,0.0,0.0,,8.8,14.8,.599,3.7,5.7,.646,2.8,6.5,9.3,2.5,1.5,3.4,6.2,8.4,21.4,,96,98
PF,24,KCK,22,0,224,2.2,6.8,.324,0.0,0.0,,2.2,6.8,.324,1.2,1.8,.667,4.0,6.4,10.5,1.2,3.2,0.2,1.0,5.4,5.6,,97,102
C,34,SAS,8,0,34,1.4,6.8,.200,0.0,0.0,,1.4,6.8,.200,0.0,2.7,.000,2.7,8.2,10.9,8.2,1.4,0.0,1.4,8.2,2.7,,81,106
C,25,SEA,82,11,1789,7.5,12.9,.583,0.0,0.0,,7.5,12.9,.583,3.9,5.7,.688,3.4,9.6,13.0,2.5,0.5,2.6,3.4,4.4,18.9,,110,101
SG,26,SDC,3,1,12,3.9,23.3,.167,3.9,7.8,.500,0.0,15.5,.000,7.8,7.8,1.000,0.0,3.9,3.9,3.9,0.0,0.0,0.0,0.0,19.4,,101,115
C,28,KCK,5,0,46,2.0,2.9,.667,0.0,0.0,,2.0,2.9,.667,0.0,2.0,.000,2.9,3.9,6.9,0.0,0.0,2.9,1.0,12.7,3.9,,98,107
SF,28,UTA,44,33,1206,11.8,24.9,.474,0.0,0.2,.000,11.8,24.7,.477,11.0,14.5,.755,3.6,5.1,8.7,3.6,1.3,0.3,5.0,5.6,34.6,,106,107
PG,24,KCK,75,74,2690,10.0,20.4,.492,0.0,0.3,.125,10.0,20.1,.497,5.2,6.3,.820,0.7,2.7,3.5,10.2,2.1,0.2,4.6,3.5,25.3,,109,107
SG,26,GSW,5,0,49,8.5,17.9,.474,0.0,0.0,,8.5,17.9,.474,0.0,0.0,,0.0,2.8,2.8,4.7,1.9,0.9,8.5,4.7,17.0,,70,109
PG,28,SAS,79,9,1619,6.1,14.6,.418,1.9,5.6,.345,4.2,9.1,.462,3.4,4.4,.779,0.5,3.3,3.8,12.5,2.1,0.1,4.6,6.0,17.6,,107,108
SG,27,DEN,82,80,2640,4.1,8.5,.482,0.0,0.0,.000,4.1,8.5,.483,1.9,2.6,.730,3.7,6.2,10.0,3.1,2.4,0.4,1.8,3.5,10.2,,111,108
PG,24,IND,82,24,1433,5.3,11.6,.453,0.0,0.4,.000,5.3,11.2,.470,1.4,1.7,.796,1.2,2.2,3.4,6.4,2.1,0.2,3.1,6.5,11.9,,97,111
C,26,UTA,81,32,1528,4.3,10.3,.414,0.0,0.0,.000,4.3,10.3,.415,1.7,2.6,.656,2.5,11.0,13.5,3.3,0.7,8.1,4.1,7.5,10.3,,81,98
PG,23,UTA,82,7,1588,7.9,16.2,.487,0.0,0.2,.125,7.9,16.0,.492,5.6,7.0,.810,1.0,2.5,3.4,5.9,1.4,0.1,4.3,3.3,21.4,,103,109
SG,22,ATL,32,2,309,7.5,21.8,.345,0.0,0.3,.000,7.5,21.5,.350,2.5,4.2,.593,3.1,3.0,6.1,3.5,1.7,0.9,3.1,6.4,17.6,,81,105
PG,23,PHI,81,3,1266,8.4,17.8,.472,0.0,0.3,.000,8.4,17.5,.480,3.2,4.2,.761,0.8,2.3,3.1,8.2,3.0,0.2,4.1,4.4,20.0,,103,102
C,27,TOT,31,9,667,9.3,19.1,.487,0.0,0.0,,9.3,19.1,.487,5.0,7.8,.639,4.1,7.2,11.2,2.9,0.9,1.4,3.6,8.0,23.6,,103,104
C,27,CLE,15,8,382,9.4,19.3,.487,0.0,0.0,,9.4,19.3,.487,4.9,7.9,.623,4.8,7.6,12.4,1.7,0.9,1.8,3.9,7.9,23.7,,101,106
C,27,PHO,16,1,285,9.1,18.7,.487,0.0,0.0,,9.1,18.7,.487,5.1,7.8,.660,3.2,6.6,9.8,4.5,0.8,0.8,3.2,8.1,23.4,,106,102
C,30,NJN,74,0,975,4.6,11.6,.398,0.0,0.0,.000,4.6,11.5,.399,2.6,4.0,.643,3.8,7.4,11.3,1.8,2.1,1.8,3.9,5.9,11.7,,85,97
C,23,GSW,54,1,369,4.8,11.8,.404,0.0,0.0,,4.8,11.8,.404,0.6,2.0,.313,5.4,7.6,13.0,1.4,0.9,2.1,3.0,11.9,10.1,,86,107
SF,29,DEN,82,82,2988,13.7,26.6,.516,0.0,0.2,.167,13.7,26.4,.519,5.8,7.0,.829,3.8,4.8,8.6,5.7,1.7,1.8,3.8,3.4,33.3,,113,109
SF,32,PHI,72,72,2421,11.7,22.6,.517,0.0,0.1,.286,11.6,22.5,.518,6.4,8.4,.759,3.3,6.1,9.5,5.1,2.2,2.5,3.8,3.9,29.8,,115,99
SG,27,DEN,42,5,695,7.1,15.0,.473,0.0,0.6,.000,7.1,14.4,.491,2.0,2.5,.805,0.2,3.3,3.6,7.0,1.4,0.2,4.4,5.8,16.2,,93,112
PF,25,CLE,53,5,699,7.7,14.5,.534,0.0,0.1,.000,7.7,14.4,.539,2.9,3.7,.774,5.0,7.7,12.7,3.3,1.3,0.8,3.0,7.0,18.4,,112,106
PG,22,TOT,76,17,1248,8.4,19.5,.429,0.4,0.9,.400,8.0,18.6,.430,5.5,6.7,.833,2.1,3.0,5.1,5.1,2.1,0.6,3.9,5.0,22.6,,103,106
PG,22,NJN,43,6,494,8.6,20.2,.426,0.4,1.3,.286,8.2,18.9,.436,3.6,4.2,.844,1.5,2.4,3.9,6.3,1.8,0.8,3.7,5.2,21.1,,100,102
PG,22,GSW,33,11,754,8.2,19.0,.431,0.4,0.7,.545,7.8,18.4,.427,6.9,8.3,.830,2.4,3.4,5.8,4.3,2.4,0.5,4.0,4.8,23.6,,104,108
PG,26,TOT,77,63,1610,6.3,13.2,.479,0.0,0.3,.111,6.3,12.9,.486,2.9,3.7,.789,0.5,2.5,3.1,8.6,1.5,0.1,4.0,5.6,15.6,,101,105
PG,26,NJN,7,7,163,5.7,9.9,.571,0.0,0.3,.000,5.7,9.6,.588,2.0,2.8,.700,0.0,2.0,2.0,10.8,1.7,0.0,5.9,6.2,13.3,,96,103
PG,26,MIL,70,56,1447,6.4,13.6,.471,0.0,0.3,.125,6.4,13.3,.478,3.0,3.7,.796,0.6,2.6,3.2,8.4,1.5,0.1,3.7,5.6,15.8,,101,105
SG,29,TOT,73,69,2638,11.9,26.1,.456,0.3,0.8,.333,11.6,25.3,.460,7.9,10.7,.738,1.7,2.0,3.7,5.3,1.8,0.3,3.8,4.4,31.9,,106,110
SG,29,GSW,19,18,700,10.8,24.0,.451,0.0,0.2,.000,10.8,23.8,.454,7.0,9.8,.711,1.5,1.5,2.9,5.9,1.0,0.2,3.3,4.4,28.6,,106,113
SG,29,CLE,54,51,1938,12.3,26.9,.458,0.4,1.1,.357,11.9,25.8,.462,8.2,11.0,.747,1.8,2.2,4.0,5.1,2.1,0.3,4.0,4.4,33.2,,106,108
C,22,DAL,75,13,1411,5.6,10.6,.533,0.0,0.1,.000,5.6,10.5,.538,4.3,5.8,.741,4.7,8.8,13.4,3.4,1.6,2.3,2.7,8.1,15.5,,117,106
SF,26,HOU,4,0,34,5.5,15.2,.364,0.0,1.4,.000,5.5,13.8,.400,2.8,2.8,1.000,4.1,5.5,9.7,4.1,0.0,0.0,4.1,5.5,13.8,,86,112
SG,30,SAS,78,78,2830,12.4,25.5,.487,0.2,0.5,.364,12.2,24.9,.490,8.5,9.9,.853,1.8,4.0,5.9,4.3,1.4,1.1,4.1,4.0,33.5,,112,108
C,33,SAS,82,82,2797,9.2,14.7,.626,0.0,0.1,.000,9.2,14.6,.630,6.1,8.2,.740,5.0,11.4,16.3,2.1,0.7,3.2,4.2,4.5,24.6,,119,103
SG,27,ATL,73,4,1124,9.9,19.2,.518,0.0,0.0,.000,9.9,19.1,.519,3.2,3.8,.831,0.7,3.2,3.9,5.4,1.3,0.4,2.2,5.7,23.1,,112,106
C,23,NJN,80,1,1255,7.8,15.7,.500,0.0,0.0,.000,7.8,15.6,.501,6.4,8.3,.778,5.7,8.4,14.1,2.2,1.3,4.3,4.6,4.3,22.1,,107,96
PF,27,DEN,76,2,1130,5.1,11.1,.456,0.0,0.1,.000,5.1,11.0,.460,3.1,4.3,.719,4.1,7.3,11.4,3.8,3.0,0.3,1.9,6.1,13.3,,112,105
PG,28,UTA,78,78,2783,7.5,15.1,.493,0.0,0.2,.154,7.4,14.9,.497,3.0,3.7,.797,1.0,2.6,3.6,11.2,3.5,0.1,3.6,2.5,17.9,,108,105
PF,25,CHI,79,61,2355,6.0,13.2,.455,0.0,0.1,.000,6.0,13.1,.457,3.2,4.5,.708,4.2,10.5,14.7,2.9,1.0,1.7,3.0,5.0,15.2,,102,105
SF,21,SEA,9,0,26,12.5,23.3,.538,0.0,0.0,,12.5,23.3,.538,8.9,10.7,.833,3.6,7.2,10.7,0.0,0.0,1.8,3.6,7.2,34.0,,115,105
SF,29,WSB,41,11,756,7.3,18.8,.388,1.0,2.4,.395,6.3,16.3,.387,3.4,4.4,.783,1.1,2.0,3.1,3.1,1.1,0.4,1.7,3.9,19.0,,98,104
PF,29,SAS,53,0,956,2.9,5.6,.517,0.0,0.0,,2.9,5.6,.517,2.6,3.7,.697,3.7,6.8,10.5,4.2,1.6,1.2,3.3,7.4,8.4,,104,106
SG,24,UTA,77,76,2787,12.1,24.9,.484,0.6,2.1,.288,11.5,22.8,.502,2.7,3.9,.679,1.6,3.3,4.9,4.3,2.2,0.5,4.0,3.0,27.4,,98,107
SF,29,SDC,27,3,373,4.4,10.2,.427,0.1,0.4,.333,4.2,9.9,.430,1.5,2.4,.632,4.0,4.2,8.2,4.2,2.7,0.9,3.0,8.6,10.4,,97,108
SF,27,NYK,77,0,1422,5.8,13.1,.443,0.0,0.1,.000,5.8,13.0,.448,2.8,3.4,.827,1.5,4.2,5.7,4.7,1.4,0.3,2.9,6.0,14.4,,98,102
SF,25,DEN,82,8,1547,5.2,12.1,.428,0.0,0.2,.143,5.1,11.9,.433,3.5,4.4,.781,2.2,4.3,6.5,7.4,2.1,0.4,4.0,6.1,13.8,,98,109
SG,27,GSW,6,2,139,6.3,14.6,.432,0.3,3.0,.111,6.0,11.6,.514,0.0,0.0,,1.0,2.7,3.7,7.0,0.7,0.0,3.0,4.6,12.9,,94,113
C-PF,22,TOT,31,0,140,4.6,13.4,.342,0.0,1.1,.000,4.6,12.3,.371,3.9,7.0,.550,5.3,9.1,14.4,1.1,2.1,0.4,3.2,11.9,13.0,,85,98
C,22,NYK,21,0,98,4.0,11.1,.364,0.0,0.5,.000,4.0,10.6,.381,3.5,7.1,.500,5.0,10.6,15.7,0.5,2.5,0.0,3.0,15.7,11.6,,85,95
PF,22,ATL,10,0,42,5.8,18.5,.313,0.0,2.3,.000,5.8,16.2,.357,4.6,6.9,.667,5.8,5.8,11.6,2.3,1.2,1.2,3.5,3.5,16.2,,84,104
PF,32,TOT,77,4,1416,5.5,13.1,.418,0.2,0.7,.238,5.3,12.4,.428,2.3,3.2,.734,2.7,9.4,12.2,3.2,1.3,0.5,3.6,6.4,13.5,,89,102
PF,32,ATL,46,3,860,5.1,13.8,.373,0.1,0.8,.143,5.0,13.0,.387,2.6,3.5,.742,3.0,9.9,12.9,3.3,1.6,0.5,4.1,6.2,13.0,,83,101
PF,32,SEA,31,1,556,6.0,12.2,.493,0.3,0.6,.429,5.8,11.6,.496,1.9,2.7,.719,2.3,8.8,11.1,3.0,0.8,0.5,2.8,6.6,14.2,,101,103
PF,37,HOU,81,43,2302,8.7,18.2,.476,0.0,0.1,.500,8.6,18.1,.476,4.0,5.9,.683,4.1,8.5,12.6,3.2,1.0,1.7,4.1,4.7,21.3,,98,107
C,27,CLE,65,3,1058,4.8,10.1,.479,0.0,0.0,.000,4.8,10.0,.481,1.3,2.4,.569,4.7,6.2,11.0,1.7,0.8,1.9,2.3,10.0,11.0,,101,107
PF,33,WSB,38,25,775,7.8,19.4,.401,0.0,0.1,.000,7.8,19.4,.402,3.9,5.4,.724,4.8,6.6,11.4,1.9,0.7,1.7,4.2,5.9,19.5,,89,100
PG,27,BOS,82,9,1551,8.5,18.4,.463,0.1,0.5,.188,8.4,17.9,.470,2.9,4.0,.722,1.7,2.0,3.7,5.8,2.8,0.1,3.8,5.7,20.0,,99,104
SG,31,HOU,51,2,789,6.4,15.7,.407,0.0,0.1,.000,6.4,15.5,.410,2.7,3.4,.789,1.1,3.0,4.1,8.2,2.2,0.1,3.0,3.4,15.4,,96,110
SF,23,CHI,82,42,2196,6.4,14.4,.448,0.3,0.8,.317,6.2,13.5,.457,4.3,5.4,.792,3.3,4.3,7.5,3.6,1.4,1.3,2.6,5.1,17.5,,108,109
SG,25,PHO,82,2,1155,4.1,8.9,.461,0.0,0.2,.200,4.1,8.7,.467,2.6,5.6,.463,1.8,4.3,6.1,6.3,3.5,1.4,4.3,8.4,10.8,,87,98
PG,29,MIL,14,3,169,4.0,7.4,.538,0.0,0.0,,4.0,7.4,.538,5.1,6.2,.818,1.4,4.3,5.7,7.7,2.6,0.0,3.7,5.7,13.1,,114,102
SG,22,SDC,76,48,2022,7.3,16.2,.452,0.5,2.1,.222,6.9,14.2,.485,2.2,3.0,.723,1.2,1.6,2.8,6.3,1.9,0.1,3.7,4.4,17.3,,99,112
PG,29,SDC,56,54,1844,7.9,18.1,.437,0.1,0.5,.143,7.8,17.6,.445,3.3,4.5,.721,0.8,2.5,3.2,9.4,2.8,0.4,5.0,3.9,19.2,,96,110
SF,26,CLE,82,38,1953,7.3,15.0,.482,0.0,0.1,.000,7.3,15.0,.484,5.1,7.5,.689,5.6,6.3,11.9,2.2,2.2,0.2,4.0,6.8,19.6,,103,106
PG,25,CLE,80,79,2716,7.3,15.1,.482,0.1,0.2,.333,7.2,14.9,.484,3.0,4.4,.686,0.7,2.1,2.9,8.8,1.3,0.1,3.5,3.9,17.6,,104,110
PF,26,PHI,80,77,1612,4.7,10.2,.462,0.0,0.1,.000,4.7,10.2,.464,2.3,3.3,.690,3.4,6.1,9.5,2.4,0.9,1.3,3.9,6.9,11.7,,92,103
C,34,DEN,80,80,2431,11.6,22.8,.510,0.1,0.3,.211,11.6,22.5,.514,7.0,8.4,.835,2.7,7.8,10.5,3.9,1.5,0.8,3.1,4.0,30.4,,115,108
SG,23,CHI,78,3,1309,6.9,14.7,.467,0.1,0.4,.154,6.8,14.3,.477,3.2,4.4,.730,3.0,3.2,6.2,3.6,2.2,0.4,2.9,4.6,17.0,,104,109
SG,26,LAL,48,0,447,5.5,14.0,.393,0.0,0.2,.000,5.5,13.8,.398,3.9,5.0,.792,4.1,3.0,7.1,2.5,2.3,0.4,2.6,6.4,14.9,,101,107
C,26,TOT,83,11,1914,7.2,14.1,.515,0.0,0.0,.000,7.2,14.1,.516,2.7,4.4,.617,4.6,8.1,12.7,3.4,1.6,2.2,3.0,5.4,17.2,,107,104
C,26,IND,51,7,1216,7.9,15.2,.521,0.0,0.0,.000,7.9,15.1,.523,2.9,4.6,.631,4.4,7.7,12.1,4.4,1.9,2.4,3.3,5.2,18.7,,107,106
C,26,PHI,32,4,698,6.1,12.2,.500,0.0,0.0,,6.1,12.2,.500,2.3,3.9,.586,5.0,8.7,13.7,1.6,1.1,1.9,2.4,5.6,14.5,,108,100
PG,28,PHO,77,74,2551,7.4,15.9,.462,0.1,0.6,.161,7.3,15.4,.473,5.4,6.8,.791,1.7,4.5,6.2,7.2,1.8,0.7,3.8,3.8,20.2,,106,102
SG,27,ATL,61,57,1813,10.4,23.0,.453,0.4,1.1,.341,10.0,21.9,.459,5.0,6.3,.785,0.7,2.6,3.3,8.5,1.6,0.2,4.2,3.7,26.2,,102,106
SF,23,KCK,82,82,2933,10.4,21.0,.494,0.3,1.1,.282,10.1,20.0,.506,3.8,4.9,.779,2.9,4.8,7.7,3.3,1.1,0.3,2.8,4.0,24.9,,110,107
PG,24,WSB,68,65,2324,6.7,16.3,.408,0.3,1.3,.230,6.4,15.1,.423,4.1,5.4,.751,1.0,2.7,3.7,11.4,2.3,0.1,4.9,3.5,17.7,,95,101
C,34,ATL,37,0,461,2.6,6.0,.439,0.0,0.0,,2.6,6.0,.439,1.5,2.0,.737,4.6,7.7,12.3,1.8,1.1,6.2,2.0,7.3,6.7,,102,99
SF,26,IND,82,64,2297,8.2,17.3,.477,0.1,0.8,.184,8.1,16.5,.490,2.5,3.5,.733,3.5,7.4,11.0,4.4,1.5,1.1,4.9,5.6,19.1,,95,108
SG,23,LAL,79,79,2907,8.1,14.8,.548,0.0,0.3,.000,8.1,14.5,.560,4.8,6.0,.800,3.4,7.5,10.9,13.2,2.8,0.7,4.8,3.2,21.1,,119,103
SF,26,MIL,80,80,2853,12.2,23.9,.509,0.1,0.3,.200,12.1,23.6,.514,4.4,6.0,.735,3.3,6.2,9.5,6.1,1.7,0.9,3.3,3.5,28.8,,111,102
PF,30,TOT,78,16,2053,8.8,20.8,.425,0.1,0.8,.083,8.7,20.0,.438,7.0,8.6,.821,3.7,7.5,11.1,5.7,1.8,1.0,5.4,6.5,24.7,,100,102
PF,30,MIL,6,0,153,9.4,20.7,.455,0.0,0.6,.000,9.4,20.1,.469,2.2,2.8,.778,2.8,5.0,7.8,3.5,0.3,0.6,3.8,6.9,21.0,,94,105
PF,30,NJN,42,7,1001,9.2,22.9,.401,0.1,0.8,.118,9.1,22.1,.411,7.6,9.3,.816,3.0,7.3,10.3,6.6,2.6,1.0,5.6,6.2,26.0,,98,97
PF,30,GSW,30,9,899,8.3,18.4,.451,0.1,0.9,.059,8.3,17.6,.471,7.2,8.7,.829,4.5,8.1,12.6,5.1,1.3,1.2,5.4,6.7,23.9,,103,107
SF,25,TOT,79,8,1541,7.3,15.1,.485,0.0,0.1,.250,7.3,15.0,.487,2.8,3.8,.731,3.2,5.4,8.6,2.1,0.8,1.3,3.1,6.9,17.5,,102,105
SF,25,KCK,50,0,992,8.1,16.1,.501,0.0,0.2,.250,8.0,15.9,.504,3.3,4.5,.730,3.4,5.7,9.1,2.2,0.8,1.2,3.1,6.8,19.5,,105,106
SF,25,PHI,29,8,549,5.9,13.1,.448,0.0,0.0,,5.9,13.1,.448,1.9,2.6,.733,2.7,4.9,7.7,2.0,0.7,1.4,3.0,7.0,13.6,,95,104
C,25,KCK,79,21,1544,10.8,17.4,.624,0.0,0.0,,10.8,17.4,.624,5.4,9.5,.574,4.1,7.5,11.6,2.8,1.2,2.4,5.3,9.4,27.1,,108,103
SG,26,DET,82,51,2511,9.4,18.3,.513,0.2,0.7,.275,9.2,17.6,.523,4.4,5.7,.778,3.0,3.4,6.4,5.4,1.7,0.9,2.7,4.7,23.4,,116,107
PF-C,22,TOT,23,0,191,2.6,7.2,.367,0.0,0.0,,2.6,7.2,.367,2.2,4.8,.450,3.6,7.4,11.0,2.6,0.7,1.7,3.6,7.9,7.4,,79,106
C,22,SAS,7,0,54,1.7,8.6,.200,0.0,0.0,,1.7,8.6,.200,2.6,4.3,.600,3.4,10.3,13.8,0.9,0.9,0.9,3.4,7.7,6.0,,65,105
PF,22,DET,16,0,137,3.0,6.6,.450,0.0,0.0,,3.0,6.6,.450,2.0,5.0,.400,3.6,6.3,9.9,3.3,0.7,2.0,3.6,7.9,7.9,,85,106
PF,31,PHI,74,0,1749,6.7,12.3,.543,0.0,0.0,.000,6.7,12.3,.545,4.4,5.6,.793,2.7,6.5,9.2,3.8,2.3,2.4,2.9,5.3,17.8,,117,99
C,32,HOU,82,82,2440,5.9,13.0,.453,0.0,0.0,.000,5.9,13.0,.455,3.1,4.0,.786,4.3,8.6,12.9,2.7,0.9,2.5,3.3,5.4,14.9,,98,106
PF,30,TOT,81,2,1164,5.8,12.7,.455,0.0,0.0,.000,5.8,12.7,.457,3.1,4.8,.642,3.3,8.8,12.1,2.4,1.2,0.9,4.0,6.7,14.7,,93,106
PF,30,CHI,49,2,673,5.8,13.0,.446,0.0,0.0,,5.8,13.0,.446,3.2,5.0,.627,3.8,9.3,13.1,2.7,1.2,0.9,4.4,6.0,14.7,,90,106
PF,30,LAL,32,0,491,5.8,12.4,.470,0.0,0.1,.000,5.8,12.3,.473,3.0,4.5,.667,2.6,8.1,10.7,2.1,1.2,0.8,3.3,7.7,14.7,,97,105
PF,26,TOT,77,28,1658,6.5,13.2,.495,0.1,0.2,.222,6.5,13.0,.500,5.5,7.9,.703,3.8,8.6,12.4,2.5,1.2,3.0,4.0,7.4,18.7,,104,103
PF,26,DET,49,25,1036,6.3,12.9,.493,0.1,0.3,.333,6.3,12.6,.497,5.1,7.5,.680,3.5,8.4,11.9,3.0,1.2,3.4,4.5,7.0,17.9,,100,103
PF,26,SAS,28,3,622,6.9,13.8,.497,0.0,0.2,.000,6.9,13.6,.505,6.3,8.5,.737,4.2,9.0,13.2,1.5,1.0,2.3,3.2,8.0,20.0,,111,104
SF,23,SDC,9,0,85,9.3,20.3,.459,0.0,0.0,,9.3,20.3,.459,3.3,3.3,1.000,5.5,3.8,9.3,2.2,1.6,0.0,3.3,7.7,21.9,,105,111
PF,29,HOU,60,4,878,7.6,16.6,.457,0.0,0.1,.000,7.6,16.5,.460,3.0,5.5,.549,6.1,8.0,14.1,2.1,1.2,1.2,4.4,5.6,18.2,,91,107
PG,28,LAL,35,0,333,5.6,18.3,.303,0.4,2.2,.188,5.1,16.1,.319,1.5,2.4,.647,1.1,2.5,3.6,11.1,4.3,0.1,7.5,7.2,13.1,,72,103
SF,26,POR,34,0,309,6.0,13.5,.443,0.3,1.2,.250,5.7,12.3,.463,3.8,4.6,.833,2.8,3.8,6.6,2.6,2.3,0.3,2.6,6.0,16.2,,105,105
C,29,TOT,70,23,1345,4.2,9.6,.444,0.0,0.0,,4.2,9.6,.444,4.6,5.7,.811,4.3,8.9,13.2,4.5,1.8,1.3,3.9,7.2,13.1,,103,104
C,29,DEN,38,0,565,4.5,10.7,.418,0.0,0.0,,4.5,10.7,.418,4.2,5.3,.786,4.6,8.4,13.0,4.5,1.6,1.4,4.0,8.7,13.1,,99,107
C,29,UTA,32,23,780,4.1,8.7,.467,0.0,0.0,,4.1,8.7,.467,5.0,6.0,.829,4.0,9.3,13.3,4.5,1.9,1.2,3.7,6.1,13.1,,106,102
PF,21,IND,81,81,2761,11.4,23.8,.479,0.1,0.3,.222,11.3,23.5,.482,4.4,5.9,.741,5.7,8.7,14.4,3.7,2.4,0.7,3.6,5.0,27.2,,107,106
SF,25,SEA,80,9,1507,7.6,13.9,.549,0.0,0.1,.000,7.6,13.8,.553,5.3,7.9,.673,4.9,7.6,12.4,3.0,1.6,1.1,4.6,7.5,20.6,,106,102
PF,30,TOT,48,7,770,7.5,16.2,.463,0.0,0.1,.000,7.5,16.1,.465,2.6,3.6,.737,4.2,5.1,9.3,2.5,1.5,0.6,3.0,4.0,17.7,,101,108
PF,30,CHI,5,0,25,3.6,10.9,.333,0.0,0.0,,3.6,10.9,.333,0.0,0.0,,1.8,5.4,7.2,0.0,1.8,0.0,3.6,3.6,7.2,,59,108
PF,30,GSW,11,0,121,6.5,14.9,.436,0.0,0.0,,6.5,14.9,.436,2.7,4.2,.636,5.0,5.0,9.9,1.9,0.4,0.0,2.3,5.0,15.6,,102,112
PF,30,CLE,32,7,624,7.9,16.7,.472,0.0,0.1,.000,7.9,16.6,.474,2.8,3.6,.761,4.1,5.1,9.2,2.7,1.7,0.7,3.1,3.9,18.5,,102,107
SF,23,NJN,79,75,2447,11.0,23.1,.475,0.1,0.4,.261,10.9,22.7,.479,3.3,4.3,.775,3.0,5.6,8.6,5.5,1.8,0.8,4.6,5.2,25.4,,101,100
SF,26,NYK,68,68,2207,13.5,25.6,.528,0.0,0.1,.000,13.5,25.5,.531,6.3,8.7,.722,2.2,5.1,7.3,4.4,2.0,0.3,4.4,5.2,33.3,,107,100
SF,25,KCK,58,5,995,4.7,10.2,.462,0.0,0.0,,4.7,10.2,.462,3.3,4.3,.760,4.1,6.7,10.9,2.6,1.3,0.5,2.9,4.3,12.7,,104,105
SG,30,IND,80,54,2262,10.5,20.1,.520,0.1,0.4,.158,10.4,19.7,.527,7.0,8.3,.841,3.1,3.5,6.6,3.9,1.3,0.2,3.9,2.9,28.0,,114,112
PF,22,WSB,17,1,201,5.5,12.2,.451,0.0,0.2,.000,5.5,12.0,.460,5.0,6.0,.840,4.3,10.6,14.9,2.2,2.2,0.5,1.9,5.0,16.1,,114,96
C,27,PHO,54,4,458,4.5,10.7,.423,0.0,0.1,.000,4.5,10.6,.427,1.4,1.7,.875,4.2,4.8,9.1,3.8,1.5,0.6,2.3,6.5,10.5,,101,102
C,34,CLE,60,33,1232,4.4,10.5,.420,0.1,0.4,.222,4.4,10.2,.427,1.2,1.5,.784,2.5,6.7,9.2,4.7,1.2,1.0,3.9,8.3,10.1,,86,107
C,25,DET,82,82,2871,6.9,13.9,.497,0.0,0.2,.154,6.9,13.6,.502,3.9,4.9,.790,4.5,11.2,15.7,4.2,0.8,1.9,2.8,5.1,17.7,,113,103
SF,23,POR,59,1,690,7.4,17.4,.425,0.1,0.4,.167,7.3,17.0,.431,2.9,3.6,.808,1.7,3.5,5.2,4.0,1.4,0.2,2.6,4.6,17.7,,98,107
PF,27,LAL,39,4,356,5.6,13.2,.422,0.0,0.0,,5.6,13.2,.422,1.6,3.2,.480,7.1,9.5,16.6,1.6,1.0,0.5,2.6,6.2,12.7,,99,105
C,34,MIL,39,35,978,8.0,16.3,.491,0.0,0.0,.000,8.0,16.2,.492,4.5,6.5,.684,2.8,7.0,9.8,5.2,1.7,1.2,4.0,6.1,20.5,,103,101
PG,25,HOU,79,76,2602,7.9,19.1,.415,0.8,3.2,.240,7.2,16.0,.449,4.5,5.4,.832,1.2,2.4,3.5,9.6,3.0,0.3,3.6,3.9,21.1,,103,108
PG,24,CHI,65,38,1437,6.4,14.0,.453,0.0,0.2,.000,6.4,13.9,.458,3.9,5.4,.725,1.4,4.0,5.4,10.4,1.6,0.2,4.2,3.8,16.6,,103,110
PG,22,POR,81,45,2020,6.0,14.0,.431,0.1,0.4,.333,5.9,13.6,.434,2.7,3.7,.730,2.0,3.3,5.3,10.0,3.6,0.4,3.2,4.2,14.9,,104,103
PF,22,DET,62,5,879,6.8,13.9,.485,0.0,0.1,.000,6.8,13.9,.487,4.3,7.6,.571,5.4,6.6,12.0,2.7,1.2,1.9,3.8,6.4,17.9,,101,105
PF,24,WSB,7,0,53,3.6,5.5,.667,0.0,0.0,,3.6,5.5,.667,0.0,3.6,.000,0.9,10.0,10.9,3.6,0.9,2.7,4.6,14.6,7.3,,69,96
PF,24,MIL,80,37,1885,6.9,13.1,.529,0.0,0.0,,6.9,13.1,.529,3.3,6.2,.537,4.3,10.2,14.5,2.8,1.3,4.5,4.7,8.4,17.2,,95,96
SG,23,GSW,73,24,1350,10.0,19.3,.518,0.0,0.1,.250,10.0,19.2,.520,3.4,4.8,.719,2.6,6.3,8.9,4.4,2.1,1.1,4.0,3.7,23.5,,105,106
C,30,DAL,15,0,206,4.3,11.3,.380,0.0,0.2,.000,4.3,11.1,.388,2.5,3.9,.647,4.3,6.1,10.4,4.8,1.4,1.4,1.4,5.4,11.1,,107,109
SF,23,KCK,66,13,818,7.6,16.5,.460,0.3,0.5,.556,7.3,16.0,.457,2.9,4.4,.663,2.0,4.8,6.9,4.0,1.6,0.4,3.5,5.4,18.4,,98,106
SG,26,DET,70,30,1485,9.5,21.1,.451,0.1,0.2,.286,9.5,20.9,.453,3.4,4.5,.760,1.7,3.8,5.5,3.2,1.3,0.4,4.4,4.0,22.5,,93,108
PG,29,WSB,35,0,386,7.8,16.4,.473,0.0,0.6,.000,7.8,15.8,.492,2.6,5.3,.500,1.0,2.6,3.6,12.8,3.1,0.1,5.9,2.3,18.1,,93,100
PF,30,PHO,77,71,2586,9.0,19.1,.474,0.0,0.1,.333,9.0,19.0,.474,5.1,6.5,.781,3.7,10.9,14.6,4.0,1.0,0.8,4.0,5.0,23.2,,103,99
SF,24,ATL,73,20,1171,7.0,14.9,.472,0.0,0.2,.000,7.0,14.8,.478,4.2,5.4,.771,3.5,4.4,7.9,2.9,1.7,0.4,3.7,7.8,18.3,,100,105
PG,25,PHO,82,9,1836,8.4,16.3,.517,0.6,2.0,.303,7.8,14.4,.547,3.3,3.8,.872,1.1,3.2,4.2,7.2,1.6,0.2,2.3,3.3,20.8,,118,104
SF,23,CLE,14,0,56,3.5,14.1,.250,0.0,0.9,.000,3.5,13.2,.267,3.5,7.0,.500,1.8,7.0,8.8,1.8,1.8,0.0,1.8,4.4,10.5,,73,106
PF,24,WSB,82,82,3023,6.0,12.3,.490,0.0,0.0,.000,6.0,12.2,.492,2.3,4.1,.575,2.7,9.7,12.4,1.8,1.4,2.4,2.7,5.3,14.3,,97,96
C,27,PHI,78,78,2922,10.5,20.9,.501,0.0,0.0,.000,10.5,20.9,.502,9.6,12.6,.761,7.1,12.0,19.1,1.6,1.4,2.5,4.2,3.3,30.5,,116,97
PG,23,ATL,64,0,1187,7.0,17.3,.403,0.6,2.0,.292,6.4,15.4,.418,3.5,4.6,.768,1.0,2.7,3.7,10.2,2.5,0.3,5.0,5.3,18.1,,93,105
SF,27,BOS,79,71,2252,6.8,13.6,.499,0.0,0.0,.000,6.8,13.6,.500,5.7,7.1,.812,3.8,4.9,8.6,3.8,1.3,0.8,3.4,4.1,19.3,,113,104
SF,28,DET,9,1,155,6.1,14.6,.420,0.0,0.0,,6.1,14.6,.420,5.0,6.1,.810,2.9,4.7,7.6,3.5,1.5,0.6,3.8,7.0,17.3,,98,107
C,31,LAL,47,1,1019,13.2,25.5,.520,0.0,0.0,.000,13.2,25.5,.520,5.4,7.4,.730,3.4,7.8,11.2,1.8,1.8,1.8,3.1,6.9,31.9,,111,103
PF,23,TOT,56,0,505,5.4,11.8,.460,0.0,0.2,.000,5.4,11.6,.468,4.4,5.7,.770,5.0,6.1,11.1,2.2,0.7,1.0,3.7,7.8,15.2,,102,107
PF,23,GSW,14,0,130,4.6,10.3,.448,0.0,0.0,,4.6,10.3,.448,5.0,6.4,.778,5.3,5.3,10.6,1.4,0.7,1.4,2.8,9.2,14.2,,109,109
PF,23,POR,42,0,375,5.7,12.3,.464,0.0,0.3,.000,5.7,12.0,.474,4.2,5.5,.767,4.9,6.3,11.3,2.5,0.8,0.9,4.1,7.4,15.6,,100,106
SF,23,LAL,39,7,381,8.4,19.8,.423,0.1,0.8,.143,8.3,18.9,.436,2.1,2.8,.739,4.0,2.4,6.4,3.2,1.3,0.6,3.3,6.1,18.9,,96,109
PF,25,BOS,82,13,2345,9.5,17.6,.541,0.0,0.0,.000,9.5,17.5,.541,3.8,5.3,.717,4.2,6.6,10.9,2.0,0.7,3.8,3.1,4.7,22.8,,111,102
PG,27,DEN,68,38,1559,7.3,15.0,.487,0.0,0.2,.000,7.3,14.8,.494,3.7,4.6,.814,0.6,2.7,3.3,7.9,1.1,0.1,2.8,3.9,18.3,,110,113
C,30,ATL,61,4,1364,7.0,15.1,.467,0.0,0.0,.000,7.0,15.0,.468,3.8,4.7,.812,2.0,5.7,7.7,2.7,0.6,0.9,2.8,5.1,17.9,,102,106
C,23,PHI,36,2,182,7.4,16.4,.453,0.0,0.0,,7.4,16.4,.453,5.1,11.6,.444,8.7,10.8,19.5,1.8,0.8,0.8,9.2,10.8,20.0,,80,100
C,29,KCK,78,74,1706,6.8,12.0,.570,0.0,0.0,,6.8,12.0,.570,2.7,4.3,.626,4.0,7.2,11.2,1.7,1.2,2.3,3.1,7.5,16.3,,108,103
SF,27,SAS,80,79,2803,11.4,22.2,.511,0.0,0.0,.000,11.4,22.2,.512,3.6,4.8,.758,3.1,5.8,8.9,1.6,0.9,0.9,2.1,4.1,26.4,,113,108
SF,35,TOT,58,20,809,8.1,16.8,.484,0.1,0.2,.250,8.1,16.5,.487,4.4,5.2,.852,2.3,5.9,8.1,4.1,2.0,0.2,2.7,4.2,20.7,,110,102
SF,35,MIL,57,20,792,8.1,16.5,.487,0.1,0.2,.250,8.0,16.3,.491,4.5,5.3,.851,2.2,6.0,8.2,4.1,2.0,0.2,2.7,4.2,20.7,,110,102
SF,35,LAL,1,0,17,10.9,27.2,.400,0.0,0.0,,10.9,27.2,.400,2.7,2.7,1.000,2.7,0.0,2.7,5.4,0.0,0.0,0.0,2.7,24.5,,111,114
C,26,TOT,73,19,1128,5.1,11.2,.458,0.0,0.0,.000,5.1,11.1,.459,2.2,2.9,.735,3.3,7.9,11.2,2.1,0.9,1.9,2.9,9.6,12.4,,96,103
C,26,CLE,23,18,539,5.0,11.0,.455,0.0,0.0,,5.0,11.0,.455,1.5,2.4,.615,4.3,8.3,12.6,2.4,1.1,2.1,2.5,7.8,11.5,,98,105
C,26,MIL,50,1,589,5.2,11.3,.460,0.0,0.1,.000,5.2,11.2,.464,2.8,3.4,.810,2.4,7.6,9.9,1.9,0.7,1.7,3.3,11.2,13.2,,95,101
SG,25,MIL,76,76,2710,10.7,20.5,.524,0.0,0.2,.100,10.7,20.3,.528,8.8,10.7,.826,3.4,4.3,7.7,5.3,2.0,0.4,3.5,3.2,30.3,,120,103
PG,24,SAS,77,73,2552,7.2,15.3,.468,0.1,0.4,.227,7.1,14.9,.475,2.7,3.6,.744,1.2,3.9,5.0,13.7,3.5,0.6,4.1,4.5,17.1,,108,104
PG,25,SDC,37,3,642,5.9,13.8,.426,0.4,1.7,.261,5.4,12.1,.449,3.1,4.1,.750,1.1,2.9,4.0,5.3,1.6,0.1,3.3,5.2,15.3,,99,112
SG,22,IND,8,0,46,7.0,24.1,.292,0.0,0.0,,7.0,24.1,.292,1.0,4.0,.250,6.0,11.0,17.1,7.0,2.0,0.0,2.0,7.0,15.1,,82,106
PG,34,HOU,64,0,1423,11.1,24.9,.447,0.1,0.5,.286,11.0,24.4,.450,4.6,5.0,.920,1.1,1.3,2.4,5.2,1.9,0.1,2.9,5.4,26.9,,102,111
PF,23,PHO,82,82,2914,9.5,17.3,.550,0.0,0.0,.333,9.5,17.3,.551,3.1,4.7,.672,3.9,7.6,11.5,3.2,1.6,3.5,3.1,4.1,22.2,,111,98
C,33,SDC,7,0,51,5.5,18.3,.300,0.0,0.0,,5.5,18.3,.300,3.7,3.7,1.000,1.8,10.1,11.9,0.9,0.9,0.0,2.7,0.9,14.6,,81,109
SF,26,POR,80,80,2879,10.6,19.6,.543,0.0,0.3,.150,10.6,19.3,.549,5.6,7.1,.792,3.5,6.4,9.9,2.8,1.0,0.5,3.4,3.0,26.9,,115,106
SG,24,UTA,22,0,210,8.1,15.5,.521,0.0,0.4,.000,8.1,15.1,.535,1.9,3.0,.643,1.3,3.4,4.7,6.0,1.1,0.0,4.7,7.7,18.1,,94,109
PF,22,KCK,82,61,1643,4.0,6.8,.595,0.0,0.0,,4.0,6.8,.595,1.9,3.1,.614,4.7,8.6,13.3,1.7,1.9,0.3,1.4,6.8,10.0,,125,103
C,23,HOU,6,0,64,8.1,11.0,.733,0.0,0.0,,8.1,11.0,.733,0.7,2.9,.250,4.4,8.1,12.5,0.0,0.7,8.8,5.1,10.3,16.9,,94,101
SG,24,CLE,9,2,148,8.6,19.6,.441,0.0,0.3,.000,8.6,19.3,.448,3.7,5.7,.647,2.7,6.0,8.6,3.7,2.0,0.0,3.7,5.7,20.9,,95,107
C,24,DAL,81,12,1515,5.4,10.9,.490,0.0,0.0,1.000,5.3,10.9,.489,2.4,4.3,.550,4.8,7.6,12.5,3.5,0.7,3.4,2.0,8.8,13.1,,111,107
PG,27,LAL,79,79,2711,9.1,19.2,.475,0.0,0.2,.000,9.1,18.9,.480,2.1,2.9,.744,1.0,2.5,3.5,9.7,1.8,0.1,4.0,3.0,20.3,,103,109
C,22,POR,30,0,311,4.0,9.6,.413,0.0,0.0,,4.0,9.6,.413,2.1,4.6,.467,3.8,6.7,10.5,3.7,2.0,0.3,5.0,9.3,10.1,,79,103
SF,24,NJN,46,14,803,7.8,14.9,.525,0.1,0.5,.222,7.7,14.4,.536,2.0,2.8,.708,2.4,4.1,6.6,4.7,2.4,0.6,3.6,3.9,17.7,,105,100
PF,26,CHI,80,31,1817,6.2,13.0,.481,0.0,0.3,.167,6.2,12.7,.488,4.8,6.2,.782,2.7,6.2,8.9,3.3,1.2,0.2,3.8,6.1,17.4,,103,109
C,25,CHI,16,0,171,8.2,15.3,.534,0.0,0.0,,8.2,15.3,.534,3.2,5.8,.545,4.8,7.7,12.4,1.3,1.3,3.4,3.4,7.9,19.6,,103,105
SF,24,NYK,82,14,1666,8.1,17.6,.462,0.0,0.1,.000,8.1,17.6,.464,4.2,5.2,.800,2.8,4.0,6.8,2.8,1.9,0.7,2.8,4.0,20.4,,103,101
C,33,DET,49,4,725,5.1,12.0,.422,0.0,0.0,,5.1,12.0,.422,2.8,4.1,.682,4.1,7.5,11.6,2.8,0.8,0.9,3.0,7.2,12.9,,96,106
C,29,BOS,78,76,2459,11.6,21.1,.550,0.0,0.0,.000,11.6,21.1,.551,5.1,7.3,.698,4.9,10.6,15.5,2.6,1.5,2.8,3.5,4.2,28.3,,114,98
C,34,TOT,64,0,820,5.8,13.0,.445,0.0,0.0,,5.8,13.0,.445,1.5,3.4,.458,3.7,7.8,11.4,3.5,1.0,1.0,2.7,6.2,13.1,,94,108
C,34,HOU,57,0,695,6.0,13.5,.445,0.0,0.0,,6.0,13.5,.445,1.8,3.9,.456,3.7,7.6,11.3,3.9,0.8,0.8,2.8,6.4,13.8,,93,108
C,34,SAS,7,0,125,4.5,10.0,.444,0.0,0.0,,4.5,10.0,.444,0.4,0.7,.500,3.7,8.5,12.3,1.5,1.9,2.2,2.2,5.2,9.3,,94,103
SG,25,POR,81,81,2740,11.8,23.0,.515,0.1,0.4,.160,11.8,22.5,.522,6.7,8.3,.812,1.2,1.8,3.0,4.0,2.4,0.3,2.7,2.8,30.5,,116,106
PF,31,TOT,6,0,29,10.0,26.6,.375,0.0,0.0,,10.0,26.6,.375,0.0,0.0,,3.3,10.0,13.3,1.7,0.0,0.0,3.3,5.0,19.9,,79,103
PF,31,ATL,2,0,9,10.8,32.3,.333,0.0,0.0,,10.8,32.3,.333,0.0,0.0,,0.0,0.0,0.0,5.4,0.0,0.0,0.0,0.0,21.6,,82,112
PF,31,MIL,4,0,20,9.6,24.0,.400,0.0,0.0,,9.6,24.0,.400,0.0,0.0,,4.8,14.4,19.2,0.0,0.0,0.0,4.8,7.2,19.2,,77,99
SG,26,SAS,62,4,599,9.3,20.7,.449,0.2,1.1,.214,9.1,19.6,.462,3.3,4.3,.768,3.0,3.5,6.5,4.7,2.3,0.6,3.8,7.1,22.2,,100,107
SF,21,NJN,48,0,416,6.2,15.3,.406,0.0,0.2,.000,6.2,15.1,.412,4.4,6.5,.678,3.0,5.5,8.5,3.2,1.6,0.9,5.5,6.4,16.9,,86,100
SG,23,DET,39,1,265,5.6,15.1,.375,0.2,1.2,.143,5.5,13.9,.395,3.1,5.5,.563,2.6,3.4,6.0,2.4,1.4,0.7,3.1,7.2,14.5,,86,108
PF,24,PHO,28,0,170,5.3,11.1,.475,0.0,0.3,.000,5.3,10.8,.487,6.9,10.3,.676,3.6,5.0,8.6,1.9,0.6,1.9,6.1,11.4,17.5,,91,102
PF,27,UTA,75,50,2331,6.3,13.4,.472,0.0,0.1,.200,6.3,13.3,.474,3.2,4.2,.751,3.0,7.0,10.0,3.2,1.2,2.2,1.9,5.1,15.8,,108,104
PG,32,WSB,11,0,210,4.8,9.2,.525,0.0,0.0,,4.8,9.2,.525,1.1,1.4,.833,0.5,0.7,1.1,10.6,2.3,0.0,4.8,6.9,10.8,,95,103
SG,24,MIL,79,18,1528,6.7,14.6,.457,0.0,0.3,.111,6.7,14.4,.464,3.3,5.5,.597,2.6,6.2,8.8,6.5,3.1,1.5,5.1,5.5,16.7,,92,98
SG,23,SEA,54,2,439,8.9,18.2,.488,0.4,1.9,.222,8.5,16.3,.519,3.2,7.7,.411,1.3,3.7,5.0,11.0,3.6,0.4,7.8,8.3,21.4,,87,101
SF,26,SAS,34,1,292,5.2,13.2,.398,0.0,0.2,.000,5.2,13.0,.402,4.6,6.8,.674,4.0,3.0,7.0,3.5,1.6,0.2,4.0,5.6,15.1,,95,109
PF,24,LAL,78,77,1806,6.0,10.6,.569,0.0,0.1,.000,6.0,10.5,.572,2.9,4.2,.687,4.2,9.4,13.6,2.3,2.7,1.6,3.7,6.0,15.0,,106,101
PG,24,DAL,76,4,1607,10.0,21.7,.460,0.1,0.5,.125,9.9,21.2,.467,4.4,5.8,.764,1.3,3.0,4.3,8.1,1.7,0.1,3.7,3.2,24.4,,105,112
PF,25,DEN,45,3,433,6.9,15.1,.458,0.0,0.1,.000,6.9,15.0,.461,3.3,5.0,.647,3.7,8.8,12.5,3.9,2.4,1.9,4.9,8.2,17.1,,91,104
SG,26,PHI,77,1,1755,6.9,14.9,.463,0.0,0.2,.000,6.9,14.7,.468,1.9,3.0,.640,2.6,4.0,6.6,4.5,1.9,0.5,2.6,4.4,15.7,,103,103
PG,27,TOT,64,51,2076,7.7,18.1,.425,0.2,1.1,.157,7.5,17.0,.442,2.4,3.6,.650,2.5,4.0,6.6,9.6,4.0,0.5,5.4,5.3,17.9,,92,101
PG,27,GSW,33,25,1074,7.6,18.3,.412,0.2,1.3,.129,7.4,17.0,.434,2.4,3.7,.632,1.9,4.3,6.2,10.5,4.3,0.4,5.9,5.3,17.7,,89,104
PG,27,NJN,31,26,1002,7.8,17.9,.438,0.2,0.9,.200,7.6,17.0,.451,2.4,3.5,.671,3.1,3.8,6.9,8.6,3.7,0.7,4.9,5.3,18.2,,96,98
C,27,BOS,59,6,855,5.4,11.5,.467,0.0,0.0,,5.4,11.5,.467,2.4,4.2,.577,4.3,7.6,11.8,3.5,0.7,0.4,3.9,7.1,13.2,,95,104
PF,22,CLE,77,75,2601,11.1,23.3,.477,0.0,0.1,.000,11.1,23.2,.479,4.0,5.7,.708,3.6,12.6,16.2,2.7,1.2,1.1,4.2,5.1,26.2,,99,103
SG,22,SAS,35,0,147,11.1,30.7,.361,0.3,3.5,.091,10.7,27.2,.395,9.5,14.2,.667,1.9,3.5,5.4,6.6,1.3,0.6,4.1,5.7,31.9,,96,109
PF,31,NYK,81,76,2426,6.6,14.4,.462,0.0,0.0,,6.6,14.4,.462,2.4,4.1,.587,4.1,9.3,13.4,3.0,1.2,0.5,3.9,4.9,15.7,,93,99
C,33,DEN,61,0,711,5.8,15.1,.382,0.0,0.1,.000,5.8,15.1,.384,5.5,7.1,.780,2.0,7.0,9.1,3.2,0.6,0.5,2.7,3.7,17.1,,98,110
C,27,ATL,80,80,2472,5.1,10.0,.510,0.0,0.0,.000,5.1,10.0,.511,1.9,2.6,.726,4.1,10.5,14.6,1.5,1.0,6.7,1.9,5.8,12.2,,109,97
PG,24,GSW,82,64,2130,5.8,12.4,.465,0.2,0.7,.303,5.5,11.7,.475,1.7,2.3,.743,0.5,2.5,3.0,9.9,2.1,0.1,3.1,3.1,13.4,,105,110
PF,29,ATL,77,76,2811,9.7,20.6,.470,0.1,0.5,.185,9.6,20.1,.477,5.8,7.8,.749,4.5,10.7,15.2,3.9,1.0,2.0,4.2,4.1,25.3,,103,100
C,24,WSB,79,47,2862,9.8,17.7,.552,0.0,0.1,.333,9.8,17.7,.552,6.3,9.2,.689,4.9,9.7,14.7,3.9,1.2,1.3,5.0,5.3,25.9,,107,98
PG,22,DET,68,1,757,4.0,11.0,.364,0.1,1.1,.111,3.9,9.9,.392,2.8,3.5,.810,1.1,3.2,4.4,7.8,1.0,0.1,5.5,4.3,11.0,,81,110
SF,22,SAS,26,0,393,9.0,18.6,.484,0.0,0.2,.000,9.0,18.3,.490,3.7,5.1,.721,3.7,7.4,11.1,2.2,2.1,0.7,3.3,6.7,21.6,,104,105
C,23,TOT,82,50,2284,6.6,14.5,.457,0.0,0.0,.000,6.6,14.5,.457,4.4,5.7,.773,3.9,8.4,12.3,4.0,1.0,1.9,4.9,6.3,17.6,,95,105
C,23,UTA,50,50,1638,6.3,14.0,.449,0.0,0.0,.000,6.3,14.0,.450,4.3,5.3,.805,3.7,8.5,12.3,4.5,1.1,1.9,5.3,5.9,16.9,,93,104
C,23,DEN,32,0,646,7.4,15.6,.472,0.0,0.0,,7.4,15.6,.472,4.7,6.6,.710,4.2,8.2,12.3,2.7,1.0,2.0,3.8,7.2,19.4,,101,108
PF,22,TOT,77,7,1222,7.9,16.6,.476,0.0,0.2,.250,7.8,16.4,.478,2.3,3.2,.735,3.7,6.1,9.7,2.2,1.0,0.9,3.1,7.3,18.1,,101,106
PF,22,PHI,46,2,702,7.1,13.8,.512,0.0,0.1,.000,7.1,13.7,.515,1.4,1.9,.750,3.5,6.8,10.3,2.1,0.9,0.6,3.1,7.9,15.5,,103,103
PF,22,IND,31,5,520,9.0,20.3,.443,0.1,0.3,.333,8.9,20.0,.444,3.6,4.9,.727,3.9,5.1,9.0,2.4,1.1,1.2,3.1,6.6,21.6,,99,110
SF,27,PHO,81,9,1139,5.1,10.7,.479,0.0,0.1,.000,5.1,10.7,.482,3.4,4.6,.736,2.5,6.8,9.3,4.0,2.0,1.3,2.7,5.5,13.6,,106,99
PF,27,SEA,82,79,2572,7.9,16.5,.478,0.0,0.1,.167,7.9,16.4,.480,2.6,3.4,.754,2.9,6.1,9.0,4.3,1.4,1.3,3.1,5.6,18.4,,102,103
PG,23,NYK,64,37,1624,5.2,12.8,.406,0.0,0.4,.077,5.2,12.4,.417,1.6,2.4,.650,1.3,3.2,4.5,9.5,2.9,0.4,3.2,3.4,12.0,,95,100
SF,25,GSW,67,57,2397,11.3,23.3,.487,0.1,0.3,.267,11.3,23.0,.490,4.9,5.9,.828,2.8,4.0,6.8,4.4,1.8,0.3,3.7,4.7,27.7,,107,109
PG,26,IND,78,58,2435,6.0,12.5,.478,0.1,0.3,.167,5.9,12.2,.487,1.7,2.0,.860,0.6,2.3,2.9,8.2,2.0,0.0,2.6,3.5,13.8,,107,112
C,27,SEA,75,71,2564,8.8,18.9,.464,0.0,0.1,.000,8.8,18.8,.468,7.3,8.7,.837,3.9,11.7,15.6,4.2,1.6,1.2,3.4,4.8,24.8,,111,99
SG,22,IND,63,1,515,8.0,21.3,.374,0.8,3.7,.220,7.2,17.7,.406,3.4,5.3,.644,3.0,3.0,6.1,4.7,3.2,0.6,3.8,8.3,20.2,,91,108
SF,21,GSW,27,0,154,6.3,15.3,.412,0.0,0.6,.000,6.3,14.7,.429,5.1,7.5,.680,3.0,8.4,11.4,0.6,0.0,1.2,3.3,12.0,17.7,,94,109
PF,24,DET,4,0,18,7.6,10.1,.750,0.0,0.0,,7.6,10.1,.750,5.0,10.1,.500,0.0,12.6,12.6,0.0,0.0,0.0,0.0,10.1,20.2,,141,105
PF,25,GSW,49,41,1433,5.8,9.9,.588,0.0,0.0,,5.8,9.9,.588,1.7,3.2,.535,6.7,8.9,15.6,1.5,1.2,0.6,2.7,6.0,13.3,,113,107
SG,30,SEA,79,17,1238,6.6,15.0,.438,0.1,0.3,.375,6.5,14.7,.439,3.8,5.0,.759,1.0,3.9,4.9,8.1,1.7,0.3,3.8,4.2,17.1,,99,105
SG,34,TOT,80,16,1406,9.1,18.8,.483,0.1,0.6,.167,9.0,18.2,.494,3.8,4.4,.870,1.2,2.0,3.2,6.9,1.9,0.0,3.3,4.6,22.1,,109,112
SG,34,SDC,65,16,1264,9.0,18.4,.489,0.1,0.6,.188,8.9,17.8,.499,3.7,4.3,.863,1.3,2.0,3.2,7.1,2.0,0.0,3.3,4.5,21.8,,111,112
SG,34,ATL,15,0,142,9.9,22.6,.439,0.0,0.7,.000,9.9,21.9,.453,4.4,4.8,.929,0.7,2.1,2.7,4.8,0.7,0.0,3.1,5.8,24.3,,100,109
PG,27,TOT,12,0,68,4.8,16.4,.292,0.0,1.4,.000,4.8,15.1,.318,6.2,6.8,.900,0.7,3.4,4.1,5.5,3.4,0.0,4.1,8.9,15.7,,86,107
PG,27,SDC,5,0,43,2.2,14.1,.154,0.0,1.1,.000,2.2,13.0,.167,7.6,8.7,.875,1.1,2.2,3.3,6.5,4.3,0.0,3.3,7.6,11.9,,83,107
PG,27,SAS,7,0,25,9.3,20.4,.455,0.0,1.9,.000,9.3,18.6,.500,3.7,3.7,1.000,0.0,5.6,5.6,3.7,1.9,0.0,5.6,11.1,22.3,,90,107
SG,30,WSB,41,39,1438,7.9,17.9,.438,0.8,1.8,.418,7.1,16.1,.441,5.2,6.2,.832,1.2,2.2,3.4,7.3,2.0,0.5,4.9,5.3,21.7,,98,102
SG,25,DAL,48,4,722,5.9,12.7,.462,0.1,0.6,.200,5.8,12.1,.476,5.7,7.3,.779,1.7,3.7,5.4,5.0,1.7,0.2,3.6,3.8,17.6,,106,111
PG,24,TOT,81,58,2428,7.9,16.3,.484,0.1,0.4,.227,7.8,15.9,.491,3.0,4.0,.739,1.2,3.4,4.6,8.0,2.2,0.1,4.0,5.1,18.8,,101,104
PG,24,ATL,49,49,1548,8.3,16.0,.516,0.1,0.5,.200,8.2,15.6,.525,2.6,3.5,.743,1.2,3.2,4.4,7.5,2.2,0.0,3.9,5.1,19.3,,103,105
PG,24,NYK,32,9,880,7.2,16.8,.430,0.1,0.4,.286,7.1,16.4,.433,3.5,4.8,.733,1.2,3.8,5.0,8.9,2.1,0.2,4.0,5.2,18.0,,98,101
SF,23,CHI,9,0,39,9.3,23.2,.400,0.0,0.0,,9.3,23.2,.400,5.8,8.1,.714,2.3,8.1,10.4,3.5,1.2,2.3,2.3,3.5,24.4,,100,106
SG,23,KCK,62,6,606,6.2,13.1,.477,0.1,0.5,.143,6.2,12.6,.491,5.6,7.4,.760,1.9,3.6,5.4,5.1,1.9,0.2,4.1,6.8,18.2,,105,106
SG,23,HOU,44,5,774,3.9,9.7,.400,0.0,0.1,.000,3.9,9.7,.403,1.8,2.8,.652,1.5,3.2,4.7,6.7,2.4,0.9,3.6,5.0,9.6,,86,108
SG,22,NYK,31,0,321,5.7,15.7,.363,0.0,0.0,,5.7,15.7,.363,3.2,4.9,.656,2.9,2.6,5.5,6.3,3.1,0.3,4.6,8.3,14.6,,85,100
SG,22,HOU,73,44,1708,9.1,21.3,.428,0.3,0.8,.345,8.9,20.5,.431,2.4,3.4,.696,2.0,3.3,5.3,4.1,1.5,0.5,3.8,4.7,20.9,,91,110
SG,26,WSB,55,3,514,3.7,10.0,.368,0.0,0.2,.000,3.7,9.8,.375,0.9,1.4,.667,2.5,6.8,9.3,4.3,2.3,1.2,1.9,7.4,8.3,,90,98
PG,25,CHI,82,81,2856,11.9,24.8,.478,0.3,1.4,.231,11.5,23.4,.493,6.9,8.6,.801,1.4,3.3,4.8,7.7,2.3,0.3,5.1,4.4,30.9,,106,109
SF,22,PHO,49,2,521,6.7,15.4,.435,0.1,0.6,.143,6.6,14.8,.448,4.1,7.1,.577,2.5,4.0,6.5,3.3,1.7,0.4,4.4,8.4,17.6,,89,102
PG,21,DET,81,81,3093,10.6,22.5,.472,0.5,1.8,.288,10.1,20.7,.488,5.4,7.6,.710,1.5,3.3,4.8,9.3,2.9,0.4,4.8,4.7,27.2,,105,105
PF,22,DAL,44,2,520,3.9,12.3,.314,0.0,0.0,,3.9,12.3,.314,3.2,4.1,.783,3.7,7.1,10.8,3.1,1.1,0.6,2.8,8.3,11.0,,89,109
SG,28,SEA,75,64,2155,9.6,20.0,.481,0.0,0.2,.200,9.6,19.8,.484,6.4,8.2,.784,2.1,3.8,5.8,4.8,1.0,0.7,3.5,3.1,25.7,,108,106
C,21,KCK,71,3,987,6.7,13.1,.512,0.0,0.0,.000,6.7,13.1,.514,4.1,6.3,.650,6.1,11.0,17.1,1.5,1.8,2.8,4.4,8.5,17.5,,101,99
C,28,POR,80,80,3017,8.0,16.3,.489,0.0,0.0,.000,8.0,16.3,.489,3.9,6.3,.621,2.9,9.0,11.9,6.0,1.1,1.7,4.4,3.4,19.8,,100,103
C,22,TOT,52,4,526,7.1,16.8,.420,0.0,0.1,.000,7.1,16.7,.422,1.5,2.6,.571,3.8,8.3,12.1,1.7,0.7,2.8,2.0,7.1,15.6,,95,105
C,22,BOS,15,0,44,7.3,24.1,.304,0.0,1.0,.000,7.3,23.1,.318,2.1,6.3,.333,4.2,5.2,9.4,2.1,0.0,2.1,4.2,8.4,16.8,,70,105
C,22,CLE,37,4,482,7.0,16.1,.437,0.0,0.0,,7.0,16.1,.437,1.4,2.2,.636,3.8,8.6,12.3,1.6,0.8,2.9,1.8,6.9,15.5,,98,104
PF,24,TOT,73,2,1107,6.5,13.1,.500,0.0,0.1,.000,6.5,12.9,.505,2.2,4.3,.505,3.0,7.1,10.1,2.1,1.1,2.0,3.5,6.4,15.2,,94,103
PF,24,SEA,45,2,712,6.5,12.4,.526,0.0,0.1,.000,6.5,12.3,.532,1.6,2.9,.545,3.0,6.9,9.9,2.0,1.0,1.6,3.3,6.3,14.6,,96,103
PF,24,DET,28,0,395,6.5,14.2,.460,0.0,0.1,.000,6.5,14.1,.463,3.2,6.8,.475,3.0,7.5,10.4,2.2,1.1,2.6,3.7,6.4,16.3,,90,104
SG,25,PHI,81,81,2474,11.8,23.6,.501,0.4,1.4,.289,11.4,22.2,.514,6.1,7.8,.788,0.8,3.5,4.3,6.9,1.5,0.3,5.1,4.8,30.2,,108,104
SF,23,POR,55,0,516,9.7,21.6,.449,0.8,2.3,.360,8.8,19.3,.459,2.6,3.5,.737,2.8,3.2,6.0,2.9,1.8,0.5,3.0,7.5,22.8,,100,106
SF,23,DET,58,58,2252,11.4,23.3,.489,0.3,0.7,.378,11.1,22.5,.492,7.9,9.3,.845,2.5,2.8,5.3,4.8,1.3,0.4,3.8,3.2,30.9,,113,109
SG,23,NYK,78,59,1830,8.1,17.5,.462,0.4,0.8,.467,7.7,16.7,.462,1.2,1.7,.672,2.0,3.8,5.8,5.3,1.5,0.2,1.9,6.4,17.7,,104,102
SF,23,DAL,59,16,879,5.1,12.6,.403,0.1,0.2,.667,5.0,12.5,.400,1.1,1.6,.667,3.6,4.5,8.1,4.7,2.5,0.0,3.1,4.0,11.4,,92,109
SF,26,DET,82,56,2543,7.5,15.7,.478,0.0,0.3,.133,7.5,15.4,.484,2.6,3.5,.745,3.2,6.4,9.6,2.8,1.8,2.9,2.1,3.9,17.7,,107,103
PG,23,POR,47,36,1298,7.7,16.9,.454,0.0,0.0,.000,7.7,16.8,.455,6.2,7.8,.793,1.2,3.0,4.3,10.7,3.7,0.2,4.8,5.1,21.5,,105,103
SF,31,NJN,13,0,63,3.7,10.3,.357,0.0,0.0,,3.7,10.3,.357,3.7,4.4,.833,1.5,8.1,9.5,3.7,1.5,1.5,2.2,6.6,11.0,,99,98
PF,24,DEN,82,79,2909,12.4,22.6,.547,0.2,0.8,.294,12.2,21.9,.556,7.2,8.2,.875,1.8,4.6,6.4,3.0,1.0,0.6,2.6,2.9,32.2,,122,111
PF,23,POR,48,0,527,7.8,15.4,.509,0.0,0.1,.000,7.8,15.3,.512,1.9,2.8,.677,4.0,4.7,8.7,2.9,1.6,0.8,3.6,8.6,17.6,,100,105
PF,23,DAL,81,73,2726,10.7,21.8,.489,0.0,0.1,.000,10.7,21.7,.490,4.6,5.9,.784,3.7,6.4,10.1,3.6,1.2,0.8,3.2,5.1,25.9,,109,109
SF,24,SEA,82,73,2054,5.1,9.7,.527,0.0,0.0,.000,5.1,9.7,.528,2.6,4.7,.550,4.0,5.6,9.6,2.7,1.2,1.1,2.3,5.8,12.8,,108,104
PG,31,NJN,79,10,1388,3.8,8.3,.456,0.1,0.4,.167,3.7,7.9,.471,3.9,5.0,.779,1.0,3.5,4.5,8.8,2.6,0.1,3.5,4.5,11.5,,107,101
SF,28,HOU,82,59,2251,7.6,16.8,.449,0.0,0.1,.250,7.5,16.7,.450,1.5,2.4,.621,2.9,4.9,7.8,4.2,0.8,0.5,3.0,4.2,16.6,,94,111
C,30,SDC,33,32,1099,8.5,16.1,.528,0.0,0.0,,8.5,16.1,.528,2.8,5.0,.556,3.2,10.5,13.7,5.1,1.4,5.0,4.5,4.8,19.7,,101,103
PG,23,WSB,43,20,727,4.3,11.4,.380,0.0,0.3,.000,4.3,11.0,.392,2.8,3.8,.737,1.0,3.6,4.6,8.4,1.4,0.5,4.7,6.8,11.4,,85,102
C,30,NYK,82,0,1472,5.6,11.1,.508,0.0,0.0,.000,5.6,11.1,.509,3.6,6.1,.589,5.9,9.0,14.9,1.6,1.2,4.4,3.4,7.1,14.9,,102,96
SF,30,TOT,75,35,1793,10.1,21.2,.475,0.3,0.9,.313,9.8,20.4,.481,2.3,2.9,.794,2.6,5.0,7.6,3.2,1.2,0.5,3.4,6.1,22.7,,100,107
SF,30,CLE,35,35,1290,10.7,22.2,.480,0.3,0.8,.409,10.3,21.4,.483,2.5,2.9,.844,2.6,5.3,7.9,3.3,0.9,0.4,3.6,5.5,24.2,,101,109
SF,30,BOS,40,0,503,8.6,18.8,.459,0.1,0.9,.100,8.5,17.9,.477,1.8,2.8,.667,2.7,4.1,6.8,2.8,1.8,0.6,2.9,7.6,19.2,,98,104
SG,32,NYK,80,59,1978,8.0,17.3,.459,0.4,1.2,.292,7.6,16.1,.471,3.7,4.6,.804,0.5,2.4,2.9,11.0,2.2,0.4,4.9,4.5,20.0,,100,102
SF,23,PHO,65,0,626,9.6,17.7,.543,0.0,0.1,.000,9.6,17.6,.545,5.3,8.2,.642,3.5,4.4,7.9,2.3,1.2,0.2,3.8,4.1,24.5,,106,104
C,26,SDC,46,23,905,8.4,15.8,.536,0.0,0.0,,8.4,15.8,.536,3.7,4.5,.828,5.4,8.0,13.4,2.2,1.1,0.8,3.3,7.2,20.6,,113,109
SF,28,CLE,77,11,1702,6.2,14.8,.417,0.0,0.1,.000,6.2,14.7,.420,2.7,3.6,.750,1.8,5.2,7.0,5.5,2.0,0.5,4.6,4.5,15.0,,87,107
SF,29,LAL,80,80,2552,12.4,23.4,.530,0.0,0.1,.000,12.4,23.3,.533,3.7,4.9,.757,2.6,3.6,6.2,3.3,1.2,0.3,2.7,4.0,28.5,,114,109
SF,24,DET,9,0,129,3.9,12.0,.324,0.0,0.4,.000,3.9,11.6,.333,4.2,5.3,.800,3.2,3.5,6.7,3.5,1.1,0.4,1.8,7.7,12.0,,99,109
SF,23,ATL,82,82,2697,10.8,21.9,.493,0.0,0.2,.182,10.8,21.8,.495,4.1,6.1,.682,4.1,4.5,8.6,2.3,1.5,1.1,3.2,3.8,25.8,,104,104
C,27,UTA,81,34,2307,7.5,15.8,.477,0.0,0.1,.000,7.5,15.8,.478,3.0,3.9,.780,3.0,8.6,11.6,2.6,0.8,0.8,3.6,4.9,18.1,,97,105
PF,22,NJN,82,82,2961,8.4,14.2,.588,0.0,0.1,.000,8.4,14.2,.590,5.1,8.2,.620,5.7,10.3,16.0,1.9,1.4,1.7,3.8,4.2,21.8,,112,97
SG,26,UTA,18,3,210,7.7,21.5,.356,0.4,1.5,.286,7.2,20.0,.362,3.8,5.3,.720,0.6,3.0,3.6,2.1,1.3,0.2,2.6,6.4,19.6,,84,109
PG,29,SEA,80,80,2761,11.1,23.3,.477,0.0,0.7,.047,11.1,22.6,.491,4.7,6.2,.751,1.2,2.2,3.5,10.8,3.1,0.4,3.9,2.0,27.0,,108,104
C,24,IND,78,74,2513,10.7,21.4,.499,0.0,0.1,.000,10.7,21.2,.502,2.8,4.0,.705,2.8,7.9,10.7,4.8,1.0,3.1,4.2,4.2,24.2,,101,107
PG,28,KCK,72,68,2170,8.7,22.2,.392,0.3,1.5,.203,8.4,20.6,.406,5.3,6.9,.769,1.9,4.9,6.8,11.8,2.5,0.5,7.0,5.1,23.0,,93,104
SG,25,UTA,44,0,346,7.2,17.5,.415,0.0,0.4,.000,7.2,17.1,.424,4.5,6.9,.660,1.9,3.0,4.9,4.8,2.6,0.5,4.9,5.4,19.0,,87,106
PG,21,DEN,74,33,1443,5.7,13.9,.408,0.1,0.4,.133,5.6,13.4,.417,3.9,5.2,.753,1.1,2.9,4.0,10.7,2.6,0.4,5.5,6.6,15.3,,92,109
PF,23,GSW,75,28,1533,7.6,14.4,.526,0.0,0.0,.000,7.6,14.4,.527,3.7,5.1,.719,4.6,7.2,11.8,1.4,2.1,2.7,3.0,7.3,18.9,,109,104
PF,25,NYK,68,6,1385,11.2,23.1,.485,0.1,0.7,.105,11.1,22.4,.497,6.3,9.3,.680,3.4,7.0,10.4,4.8,2.6,0.1,4.8,5.9,28.8,,102,98
SF,25,TOT,62,0,1146,6.0,13.1,.454,0.2,0.6,.429,5.7,12.6,.455,1.7,2.2,.782,2.6,5.6,8.1,2.6,1.0,0.7,2.5,5.6,13.9,,101,108
SF,25,SAS,52,0,1062,5.9,12.9,.461,0.3,0.6,.462,5.7,12.3,.461,1.8,2.3,.774,2.7,5.6,8.3,2.4,1.0,0.7,2.4,5.4,14.0,,102,108
SF,25,NJN,10,0,84,6.0,15.9,.379,0.0,0.5,.000,6.0,15.4,.393,1.1,1.1,1.000,1.1,4.9,6.0,4.4,0.5,0.5,2.7,8.8,13.2,,88,103
SG,30,MIL,57,12,1361,9.0,20.7,.434,0.8,2.4,.324,8.2,18.3,.449,2.6,3.0,.859,1.2,2.6,3.9,5.5,1.6,0.1,2.9,4.7,21.3,,101,105
SF,24,SDC,76,47,1822,8.8,18.9,.464,0.4,1.3,.300,8.4,17.7,.475,3.2,4.1,.770,2.5,3.6,6.0,3.4,1.4,0.9,2.8,4.8,21.1,,105,111
SG,24,KCK,81,3,2426,10.8,21.4,.506,0.1,0.6,.212,10.7,20.8,.515,5.5,7.0,.790,1.6,3.0,4.6,4.7,2.5,1.1,3.2,3.8,27.4,,112,105
SF,23,CHI,57,38,1627,10.0,17.3,.580,0.0,0.1,.000,10.0,17.2,.583,6.0,9.5,.638,3.4,4.9,8.3,2.7,1.1,1.2,4.4,4.9,26.1,,110,109
SF,21,LAL,77,1,1970,10.5,18.1,.579,0.0,0.1,.250,10.5,18.0,.581,3.2,5.2,.624,3.7,5.7,9.4,3.1,2.1,1.5,4.2,5.2,24.2,,109,105
C,29,DET,7,0,30,1.5,7.6,.200,0.0,0.0,,1.5,7.6,.200,0.0,0.0,,4.5,7.6,12.1,1.5,1.5,4.5,6.0,13.6,3.0,,46,101
