pos,age,team_id,g,mp,per,ts_pct,fg3a_per_fga_pct,fta_per_fga_pct,orb_pct,drb_pct,trb_pct,ast_pct,stl_pct,blk_pct,tov_pct,usg_pct,ws-dum,ows,dws,ws,ws_per_48,bpm-dum,obpm,dbpm,bpm,vorp
C,36,LAL,80,2622,21.3,.608,.001,.318,7.8,16.8,12.7,11.5,1.0,2.9,13.5,25.1,,5.9,3.1,8.9,.163,,2.5,0.4,2.8,3.2
C,29,PHO,70,1452,16.6,.513,.007,.275,9.5,16.3,12.9,20.3,2.4,1.2,15.2,21.7,,1.5,1.8,3.3,.109,,0.6,1.4,2.0,1.5
SF,24,DAL,79,2900,23.5,.572,.032,.352,6.4,12.3,9.4,21.0,1.3,0.4,12.3,33.4,,7.0,2.0,9.0,.149,,4.6,-1.3,3.3,3.9
SG,24,BOS,71,1154,10.4,.498,.061,.155,3.0,8.3,5.7,18.4,1.7,0.2,15.4,16.2,,0.5,1.3,1.8,.076,,-1.0,-1.3,-2.4,-0.1
SF,23,UTA,48,311,11.6,.427,.023,.223,13.6,8.0,10.6,9.6,2.2,1.5,12.3,20.8,,-0.2,0.3,0.1,.013,,-2.5,-0.8,-3.2,-0.1
PF,23,DEN,78,1380,14.6,.471,.030,.235,10.1,21.1,15.5,17.6,1.4,1.1,13.4,22.2,,0.3,1.0,1.3,.044,,-2.2,0.6,-1.5,0.2
PG,35,MIL,46,1038,10.6,.526,.065,.362,1.8,6.3,4.2,21.1,1.6,0.0,19.4,16.3,,0.3,1.1,1.4,.065,,-1.2,-1.9,-3.1,-0.3
SF,22,DET,7,28,5.6,.462,.000,.000,7.3,4.0,5.7,4.8,1.7,2.0,18.8,22.0,,0.0,0.0,0.0,-0.046,,-5.2,-1.6,-6.9,0.0
PG,23,CLE,76,1712,12.8,.485,.028,.326,3.1,7.4,5.2,27.9,2.2,0.1,19.7,21.0,,-0.4,1.3,0.9,.025,,-1.9,-0.9,-2.8,-0.3
PF,26,HOU,73,1174,15.5,.537,.002,.371,9.6,17.4,13.5,9.3,1.3,1.9,14.4,23.6,,1.0,1.3,2.3,.093,,-1.1,-0.4,-1.5,0.1
PF,22,UTA,81,2009,12.9,.539,.000,.198,6.4,17.3,12.1,8.4,0.9,3.1,14.1,14.8,,1.3,2.3,3.6,.086,,-1.8,1.6,-0.3,0.9
SF,29,WSB,82,2701,15.3,.515,.014,.196,6.1,15.0,10.5,16.5,1.7,0.7,11.0,20.5,,2.4,3.2,5.6,.099,,0.3,1.0,1.2,2.2
PF,24,SAS,80,2600,15.4,.606,.008,.361,8.5,15.2,11.9,12.0,1.8,0.5,16.1,15.4,,4.5,1.7,6.2,.115,,1.4,2.1,3.6,3.6
C,27,SAS,4,31,6.4,.500,.000,.000,3.5,10.1,6.9,11.8,0.0,5.0,28.6,17.5,,-0.1,0.0,0.0,-0.068,,-7.0,1.1,-5.9,0.0
C,29,DET,82,1734,14.0,.584,.002,.224,6.9,18.6,12.6,9.2,1.9,1.7,13.8,12.8,,2.5,2.2,4.7,.131,,-0.2,2.1,1.9,1.7
PF,27,BOS,79,3028,24.2,.552,.047,.273,7.0,22.3,14.9,26.2,2.3,1.3,12.1,26.7,,7.9,5.6,13.6,.215,,5.5,2.3,7.8,7.4
SG,28,NJN,69,2168,16.8,.530,.017,.278,3.8,5.1,4.5,19.1,1.8,0.5,11.7,26.7,,2.4,2.1,4.5,.100,,1.9,-2.0,-0.1,1.0
SG,24,DAL,81,3025,19.8,.596,.008,.347,4.8,9.5,7.2,14.2,0.9,0.7,10.0,23.3,,8.3,1.5,9.8,.155,,2.9,-1.0,1.9,3.0
PF,30,UTA,38,261,10.2,.596,.019,.404,11.9,13.7,12.9,7.6,1.6,0.0,17.5,11.3,,0.4,0.3,0.6,.115,,-0.5,-0.2,-0.8,0.1
SG,24,SEA,8,39,0.5,.546,.000,1.000,0.0,8.7,4.4,16.1,0.0,1.4,44.2,19.3,,-0.1,0.0,-0.1,-0.152,,-10.4,-2.0,-12.4,-0.1
PG,28,GSW,82,1428,12.9,.483,.098,.263,2.9,8.4,5.5,23.9,2.7,0.2,15.8,18.8,,0.6,1.3,1.9,.063,,-1.7,-0.9,-2.6,-0.2
C,23,MIL,57,472,9.2,.426,.000,.260,12.0,14.1,13.1,5.0,1.2,4.7,15.1,20.8,,-0.5,0.8,0.3,.029,,-4.4,-0.2,-4.5,-0.3
SG,28,TOT,53,992,9.6,.477,.035,.166,2.4,4.4,3.4,6.5,1.1,1.1,8.5,18.5,,0.1,0.2,0.3,.016,,-3.5,-1.4,-4.9,-0.7
SG,28,GSW,13,210,8.6,.496,.017,.293,2.4,4.5,3.4,3.8,1.3,1.3,9.7,13.4,,0.1,0.1,0.2,.038,,-3.9,-1.0,-5.0,-0.2
SG,28,SAS,40,782,9.9,.474,.038,.145,2.4,4.4,3.4,7.2,1.0,1.1,8.3,19.8,,0.1,0.1,0.2,.011,,-3.4,-1.6,-4.9,-0.6
SF,30,MIL,81,2431,14.3,.508,.028,.222,3.9,11.3,7.8,16.7,1.1,0.3,11.0,23.4,,2.1,3.0,5.1,.100,,0.6,-1.6,-1.0,0.6
SF,25,SDC,47,1405,14.0,.518,.011,.339,11.5,16.1,13.8,8.1,1.7,0.5,13.2,16.7,,1.6,0.8,2.4,.081,,-0.3,1.4,1.1,1.1
SG,35,SEA,71,1129,17.1,.553,.067,.170,1.4,4.8,3.1,26.6,2.1,0.1,11.4,22.6,,1.8,0.8,2.6,.111,,1.0,-3.0,-2.0,0.0
C,25,ATL,68,785,9.0,.514,.000,.323,9.6,16.8,13.2,5.3,1.2,1.7,18.8,15.5,,0.0,0.9,0.9,.056,,-3.1,0.2,-2.9,-0.2
C,24,CHI,29,317,9.6,.400,.000,.248,13.2,15.8,14.5,6.2,1.4,2.0,9.8,21.4,,-0.4,0.4,0.0,-0.001,,-4.3,-0.9,-5.2,-0.3
PG,29,BOS,79,1249,9.4,.456,.019,.229,3.9,8.4,6.2,21.5,3.2,0.1,22.0,15.0,,-0.6,1.9,1.3,.052,,-2.0,0.3,-1.6,0.1
PG,33,KCK,76,1327,13.4,.492,.168,.227,2.4,7.6,5.0,29.4,3.0,0.0,18.3,14.4,,0.8,1.4,2.2,.080,,-1.1,-0.5,-1.6,0.1
PF,28,POR,82,2455,17.3,.592,.005,.398,9.8,21.5,15.5,9.1,1.3,0.8,15.7,21.1,,4.1,2.6,6.7,.131,,1.2,-0.2,1.0,1.9
SF,33,BOS,60,585,7.8,.481,.088,.281,5.2,9.2,7.3,10.7,1.4,0.4,19.3,16.7,,-0.2,0.6,0.4,.034,,-2.8,-1.3,-4.1,-0.3
C,25,GSW,80,2962,16.8,.519,.001,.312,8.1,15.9,11.7,10.1,1.6,2.7,14.5,24.3,,1.6,3.1,4.7,.077,,-0.7,0.9,0.2,1.6
SG,25,IND,73,2045,13.5,.520,.053,.206,3.8,4.5,4.1,15.0,2.9,0.4,13.0,21.8,,0.4,2.2,2.6,.061,,-0.4,-0.8,-1.2,0.4
SG,22,DEN,55,688,12.0,.499,.060,.193,5.7,7.5,6.6,13.2,1.2,0.3,10.9,21.1,,0.3,0.1,0.4,.028,,-2.4,-2.2,-4.5,-0.4
C,26,NYK,77,2487,18.5,.637,.001,.621,9.6,22.1,15.9,6.4,0.9,2.4,16.3,20.6,,5.6,4.2,9.8,.189,,2.2,0.3,2.5,2.8
PF,32,MIL,69,1156,6.7,.420,.007,.275,9.1,17.2,13.3,4.6,1.1,4.1,24.9,8.4,,-0.7,2.1,1.3,.056,,-3.7,2.8,-1.0,0.3
PF,24,SEA,82,2570,16.6,.563,.011,.423,9.7,13.8,11.8,7.9,0.9,1.1,12.7,24.4,,4.0,2.1,6.1,.115,,0.8,-1.1,-0.3,1.1
PG,27,PHI,75,2494,16.4,.591,.028,.330,2.1,7.1,4.7,27.7,3.3,0.5,18.5,16.3,,3.9,3.4,7.3,.141,,2.2,-0.1,2.1,2.6
SG,23,BOS,31,127,12.1,.451,.038,.346,6.5,8.6,7.6,17.7,3.0,0.4,16.7,23.3,,-0.1,0.2,0.1,.048,,-2.2,-1.1,-3.3,0.0
SG,25,GSW,61,957,12.4,.516,.013,.230,6.6,8.2,7.3,10.1,2.1,0.8,15.8,20.6,,0.2,0.7,0.9,.047,,-2.2,-0.9,-3.1,-0.3
SF,23,IND,48,446,13.5,.537,.018,.558,4.7,9.1,6.9,12.4,2.4,2.3,18.5,23.0,,-0.2,0.6,0.4,.041,,-3.0,-0.3,-3.3,-0.1
SG,24,GSW,82,2573,15.1,.537,.008,.355,5.2,7.9,6.5,20.9,2.9,0.3,14.5,14.9,,3.6,2.3,5.9,.110,,0.6,1.0,1.6,2.3
PG,25,NJN,82,1870,14.5,.481,.067,.183,3.1,6.5,4.8,25.4,4.1,1.1,16.1,18.8,,0.6,3.0,3.6,.092,,0.0,1.0,1.0,1.4
C,27,CLE,81,1950,11.2,.530,.005,.336,9.8,18.7,14.1,8.4,1.7,1.4,17.0,11.4,,1.4,2.2,3.7,.090,,-1.5,2.5,1.0,1.5
SG,27,LAL,82,2387,14.1,.586,.220,.337,2.7,9.2,6.2,23.5,2.2,1.5,19.0,13.1,,3.9,2.6,6.5,.130,,1.2,0.8,2.0,2.4
C,27,POR,81,1662,15.8,.519,.011,.347,12.2,22.0,17.0,6.2,0.7,3.8,12.6,21.2,,2.0,2.0,4.1,.118,,-1.3,-0.2,-1.5,0.2
C,27,CHI,82,2674,13.5,.531,.011,.334,7.2,17.7,12.4,11.1,1.0,2.6,15.6,17.3,,1.6,3.1,4.7,.084,,-1.2,2.0,0.7,1.8
PG,35,TOT,15,215,10.8,.449,.115,.308,2.7,7.9,5.3,23.8,1.9,0.0,14.5,13.7,,0.1,0.2,0.3,.068,,-2.0,-1.6,-3.6,-0.1
PG,35,MIL,6,107,10.6,.431,.200,.367,2.2,7.2,4.8,20.9,2.3,0.0,10.3,15.3,,0.0,0.1,0.2,.077,,-1.3,-1.7,-3.0,0.0
PG,35,ATL,9,108,11.0,.475,.000,.227,3.1,8.6,5.8,26.6,1.4,0.0,19.9,12.1,,0.0,0.1,0.1,.058,,-2.7,-1.6,-4.3,-0.1
C,28,CLE,7,23,0.9,.235,.000,.750,28.6,15.4,22.2,5.4,2.1,2.6,27.3,26.5,,-0.2,0.0,-0.1,-0.254,,-10.2,-0.5,-10.7,-0.1
C,22,GSW,45,354,15.3,.546,.000,.813,10.0,15.6,12.6,8.8,1.6,1.1,11.1,18.8,,0.5,0.3,0.8,.106,,-0.8,-1.0,-1.8,0.0
PF,27,DAL,80,2492,13.8,.523,.002,.208,7.0,23.6,15.3,8.7,1.2,0.5,12.8,19.2,,1.6,2.7,4.2,.081,,-1.9,0.4,-1.5,0.3
PF,22,SDC,81,2907,19.8,.538,.002,.354,12.6,17.6,15.1,7.2,1.5,1.1,11.2,26.6,,5.7,1.8,7.5,.123,,1.1,-0.2,0.9,2.2
C,26,DET,73,907,8.6,.475,.006,.333,9.7,24.5,16.8,4.6,1.2,1.9,21.3,10.9,,-0.2,1.2,1.0,.051,,-4.2,1.3,-2.9,-0.2
SG,23,CHI,82,2449,15.8,.531,.026,.322,2.8,8.3,5.5,17.6,2.1,0.3,13.6,27.4,,1.5,2.2,3.7,.072,,0.2,-1.2,-1.0,0.6
SF,27,UTA,79,2984,24.6,.652,.003,.658,6.7,9.0,7.9,16.2,0.9,0.1,12.4,28.2,,13.0,1.6,14.6,.235,,6.5,-2.1,4.4,4.8
PG,28,DAL,81,2665,14.4,.593,.058,.366,1.8,6.3,4.1,27.1,1.7,0.3,18.0,14.4,,4.8,1.5,6.2,.112,,0.4,-1.1,-0.7,0.9
SF,25,WSB,46,467,13.4,.491,.041,.179,8.5,17.2,12.9,10.4,1.5,1.2,13.3,24.8,,-0.2,0.6,0.3,.034,,-2.8,-1.1,-3.9,-0.2
PG,28,ATL,75,2079,14.3,.507,.010,.320,2.9,4.8,3.8,24.4,1.5,0.2,12.8,21.7,,1.9,1.4,3.3,.075,,0.3,-2.1,-1.8,0.1
SG,29,PHO,78,2546,18.5,.559,.068,.212,1.7,7.6,4.6,25.0,2.0,0.3,13.3,25.9,,4.2,2.0,6.2,.118,,2.2,-1.7,0.5,1.6
C,27,NJN,81,2417,17.6,.641,.006,.543,7.4,18.4,12.8,7.2,1.2,3.3,17.9,21.2,,4.3,3.6,7.9,.156,,1.5,0.9,2.4,2.7
SF,23,WSB,75,1174,12.3,.488,.015,.326,9.0,9.7,9.3,21.8,1.6,0.6,17.1,20.5,,0.2,1.1,1.3,.053,,-1.2,-0.3,-1.4,0.2
PF,25,DEN,43,413,7.6,.411,.101,.242,9.2,16.7,12.8,12.0,2.4,1.0,20.9,12.6,,-0.3,0.3,0.1,.007,,-4.4,2.0,-2.4,0.0
C,26,SDC,82,2525,15.3,.648,.000,.541,7.4,21.6,14.6,4.6,0.8,3.0,18.6,14.5,,3.9,1.9,5.8,.110,,-1.0,2.2,1.2,2.1
SF,29,UTA,81,1797,20.5,.552,.021,.485,9.0,10.6,9.9,12.0,2.2,0.1,12.9,32.9,,2.8,1.7,4.5,.121,,1.4,-2.5,-1.2,0.4
PG,25,KCK,73,2363,16.5,.513,.010,.305,1.6,5.6,3.5,34.3,2.4,0.2,14.3,23.1,,2.6,2.0,4.6,.093,,0.8,-1.7,-0.9,0.6
SG,21,POR,82,1408,14.5,.496,.007,.302,9.2,10.6,9.9,14.7,3.6,1.2,16.3,21.6,,0.5,1.9,2.4,.083,,-0.3,1.2,0.9,1.0
PG,29,MIL,17,404,16.4,.660,.354,.315,1.8,6.0,3.9,28.0,1.5,0.1,19.9,18.9,,1.0,0.4,1.4,.167,,3.6,-3.5,0.1,0.2
SG,28,DEN,80,2705,10.2,.523,.003,.392,7.4,15.1,11.1,9.1,2.8,0.6,18.3,7.4,,2.0,2.1,4.1,.073,,-1.4,3.9,2.6,3.1
C,27,UTA,82,2139,12.3,.490,.002,.296,7.7,20.8,14.6,6.4,0.5,8.5,17.2,10.6,,0.2,3.5,3.7,.084,,-3.4,5.3,1.9,2.1
PG,24,UTA,80,1034,10.6,.507,.020,.451,3.1,5.4,4.3,24.7,1.5,0.2,20.9,17.1,,0.1,0.6,0.7,.032,,-2.8,-2.4,-5.2,-0.8
SG,23,TOT,55,622,15.5,.545,.000,.393,8.0,7.1,7.5,7.5,1.9,0.6,13.9,27.1,,0.5,0.2,0.7,.058,,-1.5,-2.2,-3.7,-0.3
SG,23,SAS,40,521,16.2,.543,.000,.369,8.3,6.0,7.2,7.2,1.9,0.6,12.4,27.0,,0.6,0.2,0.8,.073,,-0.8,-2.2,-3.0,-0.1
SG,23,DEN,15,101,12.2,.552,.000,.532,6.1,12.8,9.4,9.1,1.7,0.5,21.6,27.6,,-0.1,0.0,0.0,-0.019,,-5.1,-2.2,-7.3,-0.1
PG,24,PHI,60,654,7.9,.417,.005,.217,2.1,7.9,5.1,19.1,2.3,0.4,16.0,18.2,,-0.6,0.8,0.1,.009,,-3.9,-1.5,-5.5,-0.6
C,28,PHO,72,1897,16.2,.570,.001,.311,6.6,14.9,10.7,13.9,0.6,0.9,13.1,23.1,,3.0,1.4,4.4,.112,,0.7,-1.1,-0.4,0.8
SG,22,HOU,7,63,8.2,.419,.000,.037,6.9,8.5,7.7,12.4,2.2,0.0,9.9,19.0,,0.0,0.1,0.0,.018,,-3.2,-1.0,-4.3,0.0
SF,23,DAL,67,1059,15.1,.503,.059,.245,11.6,15.8,13.7,7.6,1.9,0.5,12.5,24.6,,0.5,1.0,1.5,.066,,-1.5,-1.5,-3.0,-0.3
PF,31,NYK,65,832,6.1,.446,.000,.242,9.1,15.0,12.1,4.6,1.7,2.2,20.9,11.0,,-0.5,1.4,0.9,.053,,-3.1,1.5,-1.5,0.1
C,24,GSW,46,360,5.3,.430,.000,.277,7.6,22.8,14.7,3.8,1.2,0.5,20.5,12.7,,-0.4,0.4,0.0,.000,,-6.8,-0.7,-7.4,-0.5
SF,30,DEN,82,2870,22.2,.570,.004,.249,7.7,9.3,8.5,20.9,1.3,1.7,10.5,27.9,,7.2,1.0,8.2,.136,,3.6,-0.3,3.3,3.9
SF,33,PHI,77,2683,22.9,.562,.016,.365,8.3,14.1,11.2,19.3,2.5,3.0,13.0,27.2,,5.6,4.5,10.1,.180,,4.3,1.6,5.9,5.3
PG,28,DEN,78,1687,10.4,.506,.158,.232,1.4,7.4,4.3,20.1,1.6,0.1,15.8,16.5,,0.5,0.4,0.9,.024,,-2.6,-1.4,-4.1,-0.9
PF,30,NYK,32,402,9.6,.620,.000,.654,8.8,17.2,13.0,3.5,1.9,1.2,22.1,8.9,,0.3,0.7,1.0,.118,,-1.1,1.0,-0.1,0.2
PG,23,GSW,77,2555,14.6,.531,.043,.369,3.5,8.4,5.8,15.1,1.9,0.7,13.9,21.5,,2.7,1.8,4.4,.084,,-0.2,-0.5,-0.8,0.8
PG,27,HOU,81,2020,10.4,.548,.032,.249,1.5,5.8,3.7,24.5,1.3,0.2,20.6,12.8,,1.7,1.1,2.9,.068,,-1.8,-1.5,-3.2,-0.6
PG,23,PHO,80,1424,11.9,.512,.145,.267,3.2,6.7,4.9,16.2,1.8,0.4,14.3,21.8,,0.6,1.0,1.6,.054,,-1.2,-1.9,-3.1,-0.4
SG,30,CLE,75,2375,18.8,.512,.049,.358,4.1,6.3,5.2,16.3,2.0,0.2,8.6,31.3,,3.7,1.6,5.3,.107,,2.4,-2.1,0.2,1.3
PF,23,DAL,80,1529,12.3,.546,.007,.589,9.3,15.8,12.6,10.3,1.4,2.4,15.3,12.1,,1.9,1.5,3.5,.109,,-1.2,2.1,1.0,1.1
SF,27,LAL,41,478,10.2,.556,.039,.257,6.1,10.4,8.4,8.0,1.2,0.2,16.7,17.1,,0.3,0.4,0.6,.064,,-1.8,-1.6,-3.4,-0.2
PF,24,CLE,33,267,18.5,.560,.000,.333,14.4,18.5,16.4,5.7,1.5,1.3,8.6,20.0,,0.6,0.3,0.9,.166,,0.6,-1.2,-0.6,0.1
SG,31,SAS,76,2584,19.3,.551,.015,.325,4.4,8.4,6.4,12.5,1.4,0.9,11.2,30.1,,4.6,0.9,5.5,.102,,1.0,-1.4,-0.4,1.1
PF,23,WSB,32,229,8.6,.424,.000,.309,14.8,18.8,16.8,5.3,1.1,1.8,18.3,14.3,,-0.1,0.3,0.1,.031,,-4.6,0.2,-4.4,-0.1
C,34,SAS,64,2034,18.8,.675,.005,.701,11.4,23.1,17.3,4.3,0.8,3.4,17.0,16.7,,4.8,1.9,6.7,.159,,1.0,1.8,2.7,2.4
SG,28,ATL,81,1503,15.5,.582,.004,.126,1.3,6.7,4.0,18.8,1.5,0.2,9.7,18.6,,2.8,1.1,3.9,.124,,1.1,-2.0,-0.9,0.4
C,24,NJN,82,1655,14.1,.572,.006,.398,10.9,19.1,14.9,7.2,1.0,2.5,18.1,15.9,,1.7,2.3,4.0,.116,,-0.5,0.8,0.3,1.0
PG,22,CLE,56,738,10.1,.489,.058,.310,1.2,7.5,4.2,25.4,1.6,0.0,18.2,17.7,,0.0,0.5,0.5,.032,,-3.1,-2.1,-5.1,-0.6
PG,29,UTA,81,2768,18.0,.532,.019,.259,2.3,6.2,4.4,35.9,3.6,0.2,14.6,16.9,,5.0,3.0,7.9,.138,,1.7,-0.3,1.4,2.4
PF,23,CHI,49,667,9.2,.487,.000,.338,9.8,20.3,15.0,5.5,1.3,1.5,18.6,20.0,,-0.6,0.8,0.3,.020,,-4.7,-0.5,-5.2,-0.5
PF,26,CHI,78,2718,13.5,.540,.001,.384,8.9,24.6,16.6,7.4,1.2,1.5,14.5,15.7,,2.1,3.6,5.7,.101,,-1.3,1.8,0.5,1.7
SG,30,MIL,64,923,13.1,.516,.134,.213,3.8,6.0,5.0,12.1,1.4,0.3,9.4,21.8,,1.0,1.0,2.0,.105,,0.3,-3.1,-2.8,-0.2
SG,25,UTA,82,2650,16.1,.539,.177,.152,4.0,9.1,6.7,16.5,2.0,0.4,13.8,26.4,,1.3,2.2,3.5,.063,,1.2,-1.2,0.0,1.4
SG,28,NYK,76,1119,9.6,.499,.025,.229,2.6,10.5,6.6,13.7,1.9,0.4,15.1,17.5,,0.0,1.6,1.6,.069,,-1.8,-0.7,-2.5,-0.1
SG,23,UTA,55,419,7.6,.470,.055,.193,3.5,8.3,6.0,13.9,1.6,0.5,18.2,18.3,,-0.4,0.3,-0.1,-0.008,,-4.3,-1.5,-5.8,-0.4
SF,26,DEN,80,1469,10.6,.546,.039,.676,4.6,10.2,7.3,19.0,2.0,0.7,21.5,13.0,,1.2,0.7,1.9,.062,,-2.4,0.7,-1.6,0.1
PG,22,DAL,82,1712,10.5,.475,.058,.217,3.6,8.1,5.8,17.7,2.7,0.7,18.3,14.7,,-0.3,1.5,1.3,.035,,-2.7,0.9,-1.7,0.1
PF,23,ATL,68,1135,10.3,.539,.017,.439,9.5,17.8,13.6,5.7,1.8,1.9,18.9,13.3,,0.5,1.6,2.1,.090,,-2.0,1.6,-0.4,0.5
PF,33,SEA,79,1153,9.5,.534,.017,.329,4.9,16.7,10.8,11.1,1.0,0.8,16.1,11.6,,0.7,1.1,1.8,.074,,-2.8,0.7,-2.0,0.0
PF,38,HOU,81,994,10.3,.450,.005,.339,9.5,18.7,14.1,9.1,0.7,1.5,15.5,21.0,,-0.8,1.0,0.2,.010,,-4.4,-0.7,-5.1,-0.8
C,28,SEA,43,253,8.9,.507,.000,.280,8.6,19.2,13.9,6.7,1.0,4.0,18.8,11.4,,0.0,0.3,0.3,.061,,-4.1,2.1,-2.0,0.0
PG,28,BOS,78,2088,14.7,.570,.079,.247,3.8,4.1,4.0,19.8,2.7,0.4,16.8,18.8,,2.7,2.6,5.3,.121,,1.9,-0.9,1.0,1.6
SF,24,CHI,78,1577,10.1,.499,.051,.361,6.2,8.8,7.5,10.4,1.5,1.1,13.2,15.1,,0.6,1.3,2.0,.060,,-1.9,0.3,-1.5,0.2
PG,26,PHO,29,512,4.5,.355,.038,.558,3.6,11.5,7.5,11.1,3.7,1.2,37.0,8.2,,-0.8,0.7,-0.1,-0.008,,-5.0,4.0,-1.0,0.1
PG,30,ATL,15,181,6.5,.407,.000,.457,1.2,5.1,3.2,26.3,1.9,0.0,20.2,16.5,,-0.2,0.1,0.0,-0.012,,-4.8,-2.5,-7.3,-0.2
SF,22,CLE,80,1858,10.4,.517,.000,.315,10.3,20.5,15.3,5.0,0.8,4.6,20.5,11.9,,0.1,2.4,2.5,.064,,-3.4,3.1,-0.3,0.8
SG,23,SDC,76,1571,8.7,.484,.080,.154,1.6,4.6,3.1,9.8,1.8,0.0,12.2,17.7,,0.2,0.3,0.5,.015,,-3.1,-0.8,-3.9,-0.8
PG,30,DET,32,216,10.5,.429,.032,.206,1.9,9.2,5.4,34.1,2.8,0.3,25.9,16.5,,-0.2,0.2,0.1,.013,,-4.2,-1.3,-5.5,-0.2
SF,27,CLE,80,1799,15.9,.568,.002,.476,10.5,13.6,12.0,7.2,1.9,0.2,13.1,20.3,,3.0,1.7,4.6,.124,,0.8,-0.3,0.4,1.1
PG,26,CLE,77,2041,13.3,.527,.016,.220,1.7,3.7,2.7,29.9,0.9,0.0,15.9,18.6,,1.9,0.7,2.6,.061,,-0.8,-3.4,-4.1,-1.1
PF,27,PHI,78,1532,8.1,.520,.006,.407,6.9,15.8,11.5,8.3,1.1,2.1,24.6,13.6,,-0.6,2.1,1.4,.045,,-2.9,0.9,-2.0,0.0
C,35,DEN,76,2076,21.1,.561,.016,.371,5.5,20.8,13.0,11.6,1.3,1.1,8.3,26.6,,4.8,1.3,6.1,.141,,0.5,-0.8,-0.3,0.9
SG,24,IND,2,10,7.7,.521,.000,1.000,11.1,0.0,5.5,0.0,0.0,0.0,14.8,27.9,,0.0,0.0,0.0,.057,,-4.8,-8.5,-13.2,0.0
SG,27,SEA,25,176,6.8,.461,.020,.440,3.9,3.9,3.9,10.5,2.2,0.6,16.7,16.9,,-0.1,0.1,0.0,-0.002,,-4.5,-1.0,-5.5,-0.2
C,27,PHI,80,1721,9.1,.493,.000,.274,8.9,17.1,13.1,4.3,1.0,2.2,17.1,13.4,,-0.2,2.3,2.2,.060,,-2.6,0.2,-2.4,-0.2
SG,29,BOS,80,2665,12.8,.515,.036,.376,3.8,7.9,6.0,16.6,1.7,1.2,14.4,18.4,,2.5,3.2,5.7,.102,,0.4,0.0,0.4,1.6
SG,28,ATL,67,1893,14.2,.497,.054,.267,1.8,7.0,4.4,31.5,1.5,0.2,16.2,24.3,,0.3,1.4,1.7,.044,,0.1,-2.2,-2.2,-0.1
SF,24,KCK,82,2920,16.6,.528,.041,.213,6.3,11.5,8.9,16.0,1.2,0.4,11.1,26.3,,3.4,2.2,5.6,.093,,1.5,-0.8,0.7,2.0
PG,25,WSB,82,2686,13.6,.516,.051,.300,2.5,5.5,4.0,30.4,1.8,0.1,16.7,18.2,,2.1,2.2,4.3,.076,,-0.3,-1.5,-1.8,0.1
SF,27,IND,81,2073,15.3,.527,.053,.305,7.4,17.1,12.3,14.0,1.9,1.3,15.6,23.7,,0.5,2.7,3.2,.075,,-0.7,0.3,-0.3,0.9
PG,24,LAL,67,2567,22.6,.628,.037,.459,4.7,16.1,10.8,42.5,2.7,1.0,24.6,19.5,,6.7,3.6,10.2,.191,,4.2,1.9,6.1,5.2
SF,27,MIL,74,2715,19.4,.534,.010,.264,7.5,12.4,10.0,18.6,2.1,1.0,11.1,25.2,,4.4,4.2,8.6,.152,,3.5,0.3,3.8,4.0
PF,31,GSW,78,2122,15.3,.510,.034,.507,9.5,17.7,13.3,14.4,2.2,0.8,17.2,23.1,,1.1,2.4,3.5,.079,,-0.7,0.7,0.0,1.1
PF,26,NJN,72,818,11.3,.555,.004,.492,7.3,12.1,9.6,6.5,1.4,1.3,15.9,18.0,,0.7,1.0,1.6,.094,,-1.4,-0.9,-2.3,-0.1
C,26,TOT,81,1487,14.8,.577,.000,.531,12.3,20.0,16.1,8.1,1.2,2.6,19.8,22.7,,0.5,1.9,2.4,.079,,-1.3,0.2,-1.1,0.3
C,26,KCK,50,893,15.2,.570,.000,.518,11.8,20.6,16.1,10.4,1.1,3.0,20.0,23.6,,0.2,1.2,1.4,.075,,-1.2,0.8,-0.4,0.4
C,26,CHI,31,594,14.2,.588,.000,.556,13.0,19.2,16.1,4.8,1.2,2.0,19.3,21.3,,0.3,0.7,1.0,.084,,-1.4,-0.6,-2.1,0.0
SG,27,DET,82,1909,15.9,.520,.021,.305,7.0,6.2,6.6,19.4,1.1,0.6,11.7,23.3,,3.1,1.0,4.1,.103,,1.5,-1.7,-0.2,0.9
PF,32,PHI,75,1761,16.7,.589,.002,.493,6.1,14.5,10.4,14.8,2.9,3.4,16.1,14.7,,2.8,3.2,6.0,.163,,1.3,3.1,4.4,2.8
C,33,HOU,81,2506,10.9,.557,.005,.310,7.2,17.7,12.5,7.6,0.8,1.7,18.0,13.8,,1.6,2.5,4.1,.078,,-1.6,1.6,0.0,1.2
PF,26,PHI,1,3,-19.5,.181,.000,4.000,0.0,0.0,0.0,0.0,0.0,0.0,0.0,38.0,,0.0,0.0,0.0,-0.552,,-19.7,-11.8,-31.6,0.0
PF,27,SAS,81,1770,14.9,.550,.030,.376,8.8,18.1,13.5,6.0,1.6,3.1,14.3,19.2,,1.7,1.7,3.4,.093,,-1.5,1.6,0.2,1.0
SF,24,SDC,4,18,-8.4,.105,.000,1.333,0.0,0.0,0.0,0.0,2.6,0.0,29.6,15.0,,-0.1,0.0,-0.1,-0.321,,-14.4,0.2,-14.2,-0.1
PF,30,HOU,57,473,12.4,.561,.000,.377,7.5,18.6,13.1,7.4,1.4,1.6,16.5,15.1,,0.3,0.5,0.9,.088,,-2.5,0.5,-2.0,0.0
PG,22,NJN,6,16,14.7,.509,.167,.333,14.0,0.0,7.1,43.1,0.0,0.0,22.5,22.1,,0.0,0.0,0.0,.070,,2.7,-5.3,-2.5,0.0
PG,29,TOT,16,210,7.3,.387,.061,.245,1.6,7.8,4.7,24.8,5.6,0.0,32.4,15.4,,-0.5,0.4,-0.1,-0.024,,-5.2,1.6,-3.6,-0.1
PG,29,POR,13,183,7.6,.363,.073,.244,1.9,6.7,4.2,25.2,5.4,0.0,28.4,14.0,,-0.3,0.3,0.0,-0.002,,-4.5,1.3,-3.2,-0.1
PG,29,LAL,3,27,4.9,.507,.000,.250,0.0,15.6,8.4,22.4,6.9,0.0,47.4,25.2,,-0.2,0.1,-0.1,-0.172,,-10.0,3.9,-6.1,0.0
C,30,UTA,75,1674,9.7,.579,.000,.614,9.3,20.8,15.4,11.3,1.5,0.9,30.6,11.5,,0.3,2.2,2.4,.070,,-2.1,2.1,0.0,0.9
PF,22,IND,79,2676,19.1,.561,.018,.285,9.5,20.1,14.8,13.7,2.1,0.6,14.0,24.1,,3.2,3.8,7.0,.125,,1.8,0.7,2.5,3.0
SF,26,SDC,80,1783,14.6,.578,.010,.590,12.0,12.9,12.4,6.8,1.8,1.0,20.4,21.3,,1.6,1.0,2.5,.068,,-0.7,0.5,-0.2,0.8
SF,24,NJN,79,2103,15.6,.541,.023,.312,6.7,14.5,10.5,14.0,2.0,0.9,16.2,24.3,,1.5,2.8,4.3,.099,,0.6,0.0,0.6,1.4
SF,27,NYK,77,2667,22.7,.619,.003,.403,5.6,12.3,9.0,11.1,1.4,0.4,10.7,28.7,,8.6,3.5,12.1,.218,,5.5,-1.9,3.6,3.7
SF,26,SEA,77,2086,11.7,.559,.004,.460,7.3,18.2,12.8,11.2,1.2,0.6,19.1,13.3,,1.3,2.1,3.4,.079,,-1.4,1.5,0.1,1.1
C,22,BOS,35,197,6.8,.445,.000,.242,16.2,19.5,17.9,4.7,0.2,1.4,21.5,19.4,,-0.3,0.3,0.0,-0.008,,-4.4,-2.6,-7.0,-0.2
SF,31,KCK,75,1885,14.3,.564,.019,.388,5.3,10.2,7.7,12.1,1.3,0.2,15.4,21.5,,2.0,1.4,3.4,.086,,-0.3,-0.9,-1.3,0.3
PF,23,WSB,59,678,13.4,.607,.053,.848,11.0,17.5,14.3,9.1,1.1,0.4,17.7,13.9,,1.2,0.7,1.9,.136,,-0.7,0.0,-0.7,0.2
PF,22,TOT,15,119,-0.5,.331,.000,.324,6.6,15.1,10.9,8.6,0.4,0.5,26.2,19.7,,-0.5,0.1,-0.4,-0.152,,-9.7,-1.8,-11.6,-0.3
PF,22,NJN,7,28,9.4,.376,.000,.500,12.0,20.7,16.3,18.6,0.0,0.0,12.0,23.6,,0.0,0.0,0.0,-0.012,,-3.6,-2.4,-5.9,0.0
PF,22,PHI,3,40,-5.6,.169,.000,.250,2.9,13.8,8.5,6.1,1.2,1.4,36.0,14.3,,-0.2,0.0,-0.2,-0.200,,-11.8,0.3,-11.6,-0.1
PF,22,IND,5,51,-2.0,.373,.000,.235,6.5,13.0,9.8,5.1,0.0,0.0,29.9,21.7,,-0.2,0.0,-0.2,-0.192,,-11.4,-3.2,-14.7,-0.2
PF,29,LAL,34,324,7.0,.423,.009,.315,13.2,16.9,15.2,2.5,0.6,1.0,15.2,18.0,,-0.3,0.3,0.0,.003,,-5.1,-2.8,-7.9,-0.5
C,26,DET,82,2864,19.2,.590,.011,.350,11.8,26.0,18.6,6.8,0.8,1.6,11.1,18.2,,7.3,3.5,10.8,.181,,1.9,0.6,2.4,3.2
SF,24,POR,64,660,12.7,.547,.050,.257,4.0,7.4,5.7,10.7,1.6,0.4,15.2,20.9,,0.6,0.5,1.0,.074,,-1.5,-2.3,-3.8,-0.3
PF,28,ATL,35,335,8.1,.424,.000,.510,14.1,26.7,20.3,3.9,0.9,0.5,25.2,10.8,,-0.2,0.5,0.3,.036,,-4.9,0.0,-4.9,-0.2
C,35,MIL,72,2007,17.7,.607,.004,.400,8.3,17.1,12.9,13.9,1.4,1.5,16.8,20.4,,3.4,3.3,6.7,.160,,2.4,0.5,2.9,2.5
PG,26,HOU,82,2009,15.9,.553,.097,.391,1.7,4.6,3.1,29.7,2.4,0.3,17.7,20.4,,2.8,1.6,4.3,.104,,0.5,-2.0,-1.6,0.2
PG,25,CHI,43,687,12.5,.513,.027,.463,3.3,4.4,3.8,34.3,2.1,0.5,24.1,18.0,,0.2,0.5,0.7,.048,,-2.4,-2.4,-4.8,-0.5
PG,23,POR,81,2010,15.8,.495,.021,.305,5.5,7.4,6.4,24.3,3.2,0.9,13.6,18.4,,2.5,2.2,4.8,.114,,0.9,0.6,1.5,1.8
PF,23,DET,80,1746,14.8,.563,.007,.427,13.7,19.7,16.6,7.6,1.2,2.5,12.9,13.1,,3.2,2.1,5.3,.144,,0.8,1.8,2.5,2.0
PF,25,SAS,3,14,2.7,.532,.000,2.000,23.2,7.5,15.2,7.9,0.0,0.0,34.7,8.0,,0.0,0.0,0.0,.007,,-0.4,-0.4,-0.7,0.0
PF,25,MIL,82,1955,12.5,.529,.000,.355,9.4,25.0,17.5,7.7,1.0,4.2,20.5,16.1,,-0.1,4.1,4.0,.098,,-2.2,2.3,0.0,1.0
SG,24,HOU,82,2578,16.3,.555,.011,.252,5.4,7.0,6.2,17.6,1.8,0.9,15.7,23.8,,2.6,2.0,4.6,.085,,1.1,-0.3,0.7,1.8
C,23,SAS,2,14,1.6,1.000,.000,.000,0.0,22.4,11.4,0.0,0.0,0.0,50.0,11.1,,0.0,0.0,0.0,-0.048,,-7.5,-3.2,-10.7,0.0
SF,24,TOT,11,137,9.5,.493,.070,.302,5.7,9.3,7.5,13.7,1.0,2.1,18.4,17.5,,0.0,0.1,0.1,.023,,-3.3,-0.1,-3.4,0.0
SF,24,KCK,10,133,9.9,.493,.070,.302,5.9,9.6,7.7,14.1,1.1,2.1,18.4,18.0,,0.0,0.1,0.1,.024,,-3.2,-0.1,-3.3,0.0
SF,24,SDC,1,4,-3.9,,,,0.0,0.0,0.0,0.0,0.0,0.0,,0.0,,0.0,0.0,0.0,-0.018,,-6.4,1.1,-5.3,0.0
SG,27,DET,82,2514,14.9,.523,.004,.238,5.7,6.6,6.1,11.1,1.7,0.4,10.1,21.7,,3.6,1.7,5.3,.102,,0.8,-0.9,-0.1,1.2
PG,24,IND,78,1238,12.2,.506,.069,.537,2.7,8.2,5.4,27.7,3.5,0.2,24.9,14.2,,0.1,1.6,1.7,.066,,-2.6,0.0,-2.6,-0.2
PG,30,SAS,63,1807,18.1,.519,.116,.264,1.4,9.1,5.3,45.1,2.3,0.1,18.1,17.4,,3.4,0.9,4.3,.114,,0.9,-1.4,-0.4,0.7
PF,31,PHO,75,2309,18.1,.555,.006,.422,10.5,26.3,18.4,12.0,1.1,1.0,14.1,22.3,,3.6,2.8,6.4,.134,,0.5,0.5,1.0,1.8
SF,25,NYK,8,65,9.0,.490,.000,.433,9.4,11.2,10.3,6.9,0.7,0.0,14.4,26.7,,0.0,0.1,0.1,.053,,-2.8,-4.3,-7.1,-0.1
PG,26,PHO,82,2402,13.2,.545,.098,.160,2.4,6.7,4.5,18.8,2.4,0.1,13.2,15.0,,2.9,2.0,5.0,.099,,0.3,-0.2,0.1,1.3
PF,25,WSB,82,2701,11.3,.536,.000,.317,7.3,24.5,15.9,6.7,1.1,2.6,17.1,13.1,,0.7,4.1,4.8,.085,,-2.7,2.8,0.1,1.4
SG,22,WSB,81,1976,11.3,.494,.081,.187,3.4,5.8,4.6,12.1,0.6,0.4,10.0,23.8,,0.2,1.1,1.3,.032,,-1.8,-2.8,-4.7,-1.3
C,28,PHI,71,2613,21.8,.566,.004,.660,15.7,25.3,20.6,5.7,1.3,2.4,15.0,26.4,,5.0,4.6,9.5,.175,,1.6,-1.0,0.7,1.8
SF,23,GSW,57,469,8.5,.444,.103,.183,5.0,9.0,6.8,12.8,2.5,0.2,14.5,13.2,,0.0,0.4,0.4,.040,,-3.4,-0.1,-3.5,-0.2
PG,24,TOT,20,388,12.3,.511,.061,.275,2.1,5.7,4.0,31.4,2.0,0.5,21.4,20.1,,0.0,0.4,0.4,.052,,-1.3,-2.9,-4.3,-0.2
PG,24,ATL,6,96,19.1,.630,.033,.733,1.2,3.6,2.4,33.8,2.6,0.6,20.1,22.3,,0.2,0.1,0.3,.163,,1.4,-3.4,-2.0,0.0
PG,24,PHI,14,292,10.0,.467,.069,.139,2.4,6.4,4.5,30.6,1.8,0.4,21.9,19.4,,-0.2,0.3,0.1,.016,,-2.3,-2.8,-5.0,-0.2
SF,28,BOS,80,2502,13.5,.610,.010,.713,9.5,11.4,10.5,10.5,1.2,0.5,20.6,16.2,,3.6,2.9,6.4,.124,,1.8,0.1,1.9,2.5
C,32,LAL,70,1456,15.9,.530,.007,.353,6.9,15.0,11.2,6.9,1.3,1.8,12.8,27.4,,1.1,1.6,2.7,.089,,-2.0,-2.0,-4.0,-0.7
SF,22,HOU,79,2081,14.4,.546,.006,.371,9.0,14.3,11.6,10.8,1.2,1.4,13.3,17.1,,2.7,1.9,4.6,.106,,0.1,0.8,1.0,1.6
PF,23,SEA,47,520,8.7,.451,.000,.413,9.9,15.2,12.6,10.8,1.0,2.0,19.2,14.1,,-0.2,0.5,0.3,.032,,-3.7,1.0,-2.7,-0.1
PF,24,SDC,57,611,9.6,.469,.015,.284,11.7,17.0,14.4,7.7,1.1,0.2,18.1,17.6,,-0.1,0.3,0.1,.009,,-3.7,-0.2,-3.9,-0.3
SF,24,LAL,77,1425,14.7,.597,.021,.193,10.0,5.6,7.7,7.8,1.6,0.2,14.9,21.0,,1.8,1.0,2.8,.095,,1.4,-2.0,-0.6,0.5
PF,26,BOS,82,2577,20.0,.605,.003,.416,9.5,17.1,13.4,6.0,0.4,2.7,10.7,22.3,,7.0,3.5,10.5,.196,,2.7,-1.1,1.6,2.4
SG,25,IND,61,923,10.8,.467,.046,.264,3.6,7.8,5.7,17.5,2.3,0.3,13.0,21.3,,-0.3,1.0,0.6,.031,,-2.6,-1.4,-4.1,-0.5
PG,28,SDC,80,843,11.7,.478,.007,.151,0.9,6.3,3.6,25.1,1.5,0.0,12.9,17.6,,0.7,0.1,0.9,.049,,-3.0,-2.2,-5.2,-0.7
C,31,WSB,62,1294,12.3,.555,.013,.349,5.8,12.1,9.0,8.4,0.5,0.8,12.0,19.3,,1.4,1.0,2.4,.090,,-1.4,-1.3,-2.7,-0.2
C,24,SAS,70,1037,11.9,.602,.000,.621,14.3,18.2,16.3,3.6,0.6,0.6,21.7,15.4,,0.7,0.5,1.2,.057,,-1.7,-0.8,-2.5,-0.1
C,30,KCK,73,1501,10.9,.575,.000,.339,8.3,18.7,13.4,4.5,1.1,2.3,16.6,13.4,,1.2,1.7,2.9,.092,,-2.2,1.2,-1.0,0.4
PF,23,KCK,39,332,16.1,.555,.000,.433,13.5,25.6,19.4,7.7,3.0,1.9,16.4,15.5,,0.3,0.6,0.9,.130,,-1.1,2.4,1.2,0.3
PF,27,SAS,2,8,25.0,.667,.000,.000,27.1,39.2,33.3,17.2,0.0,6.5,0.0,14.5,,0.0,0.0,0.1,.360,,6.9,4.0,11.0,0.0
SF,28,SAS,79,2853,17.1,.525,.009,.221,7.1,14.0,10.6,4.6,1.0,1.3,7.4,25.7,,4.1,1.4,5.5,.092,,-0.6,-1.3,-2.0,0.0
C,27,MIL,68,838,8.9,.521,.014,.338,7.2,15.0,11.3,7.1,0.7,2.0,15.2,14.6,,0.4,1.2,1.6,.090,,-2.1,-0.4,-2.5,-0.1
SG,26,MIL,79,3075,19.8,.591,.016,.555,8.3,11.1,9.8,17.1,1.7,0.5,13.4,22.2,,8.4,4.2,12.7,.198,,4.8,0.0,4.8,5.3
PG,25,SAS,59,1650,17.5,.514,.168,.268,2.4,8.9,5.7,40.9,3.4,0.6,19.8,17.0,,2.4,1.4,3.8,.110,,0.9,0.4,1.3,1.4
PF,24,PHO,82,2899,19.4,.605,.007,.337,9.1,18.3,13.7,10.2,1.4,3.5,12.9,19.5,,6.2,3.7,9.8,.163,,2.2,2.2,4.3,4.7
C,34,LAL,69,829,10.8,.531,.004,.360,11.9,23.3,18.0,3.9,1.4,0.5,18.8,17.5,,0.1,1.1,1.2,.071,,-3.1,-1.4,-4.5,-0.5
SF,27,POR,79,2638,16.9,.633,.020,.403,7.3,14.3,10.7,9.3,1.2,0.5,14.1,17.9,,6.3,2.1,8.4,.154,,2.5,-0.3,2.3,2.8
PF,23,KCK,71,960,9.2,.571,.000,.476,8.5,18.0,13.2,6.3,2.0,0.5,17.8,7.8,,0.9,1.1,2.0,.101,,-2.0,2.0,0.0,0.5
C,25,DAL,82,2284,13.0,.544,.008,.310,9.3,16.8,13.0,9.8,0.9,3.6,14.2,12.6,,2.5,2.3,4.8,.101,,-0.9,2.7,1.9,2.2
PG,28,SDC,82,3053,16.9,.501,.036,.213,2.1,5.4,3.8,41.1,1.5,0.1,15.6,21.5,,5.1,0.3,5.4,.085,,0.9,-2.1,-1.2,0.6
C,23,POR,79,1157,8.7,.565,.000,.606,8.2,18.4,13.2,8.1,1.2,1.7,26.8,14.8,,-0.1,1.2,1.1,.046,,-3.0,0.6,-2.3,-0.1
SF,25,NJN,73,1191,10.0,.508,.073,.226,6.7,10.1,8.4,10.5,1.3,0.5,15.1,16.6,,0.3,1.2,1.5,.062,,-1.1,-0.8,-1.9,0.0
PF,27,KCK,81,2160,11.5,.589,.002,.631,6.2,17.5,11.7,11.5,1.1,0.7,20.5,15.1,,2.0,2.1,4.1,.091,,-1.2,1.1,-0.1,1.0
C,26,CHI,64,870,10.0,.524,.000,.303,9.8,21.2,15.4,5.4,0.8,5.1,25.1,15.7,,-0.8,1.3,0.5,.026,,-5.1,2.2,-2.9,-0.2
SF,25,NYK,78,1640,12.4,.524,.000,.369,7.5,9.4,8.4,5.4,2.0,0.6,12.5,19.3,,1.3,2.3,3.5,.103,,-0.4,-0.9,-1.3,0.3
C,30,BOS,80,2867,19.2,.584,.000,.323,10.0,23.5,17.0,7.0,0.9,2.3,12.4,21.3,,5.7,4.8,10.5,.175,,1.9,0.2,2.1,2.9
C,35,ATL,40,486,6.6,.434,.000,.375,8.1,18.6,13.3,5.0,0.8,0.9,17.7,11.1,,-0.3,0.5,0.3,.027,,-4.5,0.3,-4.2,-0.3
SG,26,POR,81,2686,19.5,.573,.045,.310,2.9,4.8,3.8,14.1,2.2,0.2,8.6,24.7,,7.5,1.9,9.5,.170,,3.2,-2.1,1.1,2.1
PG,23,SAS,49,458,12.7,.478,.161,.190,0.9,6.6,3.8,38.5,1.0,0.2,17.7,15.3,,0.5,0.1,0.6,.058,,-2.3,-3.8,-6.2,-0.5
SG,27,TOT,13,87,4.9,.381,.143,.114,2.7,11.7,7.2,16.0,0.6,0.0,14.0,20.3,,-0.2,0.0,-0.1,-0.066,,-6.3,-2.6,-9.0,-0.2
SG,27,SAS,3,11,20.7,.717,.250,.500,0.0,19.0,9.7,22.8,0.0,0.0,17.0,20.7,,0.0,0.0,0.0,.212,,2.1,-2.4,-0.3,0.0
SG,27,DAL,10,76,2.6,.329,.129,.065,3.1,10.7,6.9,15.0,0.6,0.0,13.6,20.2,,-0.2,0.0,-0.2,-0.106,,-7.5,-2.7,-10.2,-0.2
SG,24,SDC,69,1280,13.2,.530,.016,.304,5.2,6.7,6.0,6.6,1.0,0.6,11.1,22.6,,1.7,0.1,1.8,.067,,-1.8,-1.9,-3.7,-0.5
SF,22,ATL,7,65,7.8,.575,.000,.769,0.0,17.8,8.8,6.5,1.5,0.9,22.3,14.9,,0.0,0.1,0.1,.040,,-5.0,0.0,-4.9,0.0
C,23,POR,18,78,9.2,.524,.000,.231,8.9,15.6,12.1,8.4,0.6,2.3,17.3,17.9,,0.0,0.1,0.1,.070,,-2.9,-1.1,-4.0,0.0
PF,25,PHO,69,989,11.3,.633,.010,.483,8.9,16.4,12.7,8.8,0.8,1.3,24.2,13.9,,0.8,0.9,1.7,.081,,-1.4,0.2,-1.2,0.2
PF,28,CLE,51,858,9.6,.487,.029,.251,7.3,17.2,12.1,7.5,1.1,2.3,12.8,10.6,,0.4,0.9,1.3,.075,,-3.0,2.0,-1.0,0.2
SG,25,MIL,81,1730,14.5,.547,.017,.379,7.0,11.4,9.3,20.7,2.5,1.7,20.3,18.9,,0.9,2.9,3.8,.106,,0.7,1.2,1.9,1.7
PF,25,LAL,47,743,10.9,.591,.000,.584,13.4,26.1,20.2,5.1,1.9,1.0,28.3,10.7,,0.3,1.2,1.5,.095,,-1.8,1.4,-0.4,0.3
PG,25,NJN,80,1937,14.0,.487,.046,.261,1.6,5.9,3.7,33.0,2.2,0.2,15.3,18.9,,1.8,2.0,3.8,.095,,-0.1,-2.3,-2.5,-0.2
SF,23,PHI,28,196,6.2,.385,.000,.172,5.4,13.5,9.6,20.0,2.2,0.6,23.3,17.2,,-0.4,0.3,-0.1,-0.024,,-4.9,-0.1,-5.0,-0.1
SF,28,HOU,64,1936,14.5,.491,.009,.144,5.4,13.5,9.5,15.3,2.1,0.8,9.2,20.4,,1.5,2.1,3.5,.088,,0.0,0.9,0.9,1.4
SG,27,PHI,69,1571,10.0,.503,.008,.218,4.6,7.2,6.0,14.0,1.5,0.8,16.2,16.3,,0.3,1.6,1.9,.057,,-1.3,-0.8,-2.1,0.0
PG,28,NJN,48,1285,15.1,.500,.110,.205,4.9,10.5,7.6,23.0,3.7,0.9,17.0,21.5,,0.3,2.1,2.4,.090,,1.0,1.4,2.4,1.4
PG,22,ATL,81,1938,14.9,.553,.022,.601,4.2,8.9,6.5,23.7,3.3,0.9,20.3,19.1,,1.6,2.6,4.2,.103,,0.5,1.3,1.8,1.8
SF,28,DEN,19,197,6.7,.409,.000,.198,10.4,17.0,13.6,8.0,1.1,0.3,14.7,22.2,,-0.3,0.1,-0.2,-0.058,,-6.4,-1.8,-8.2,-0.3
PF,23,SAS,79,1531,12.6,.604,.010,.431,7.2,13.8,10.6,7.6,1.5,1.3,17.4,14.5,,2.0,0.9,3.0,.093,,-0.9,1.4,0.5,1.0
C,28,PHO,61,856,12.8,.578,.004,.342,10.9,16.2,13.5,9.9,1.1,0.9,20.7,17.9,,0.6,0.8,1.4,.078,,-1.2,-0.3,-1.5,0.1
C,23,CLE,73,2402,16.6,.488,.002,.282,7.1,29.3,17.8,12.3,1.0,0.8,12.3,26.4,,0.2,2.9,3.1,.062,,-1.8,0.3,-1.5,0.3
PF,32,NYK,65,2135,10.4,.522,.000,.355,9.8,21.2,15.5,6.1,1.0,0.8,19.2,16.2,,-0.1,3.3,3.2,.071,,-1.2,0.5,-0.7,0.7
C,34,TOT,31,340,6.5,.428,.000,.271,4.9,14.0,9.4,6.8,0.4,0.3,10.0,13.7,,-0.1,0.1,0.1,.009,,-5.2,-1.3,-6.5,-0.4
C,34,DEN,19,141,3.6,.405,.000,.325,0.7,15.3,7.8,10.2,0.0,0.4,19.4,15.2,,-0.2,0.0,-0.2,-0.079,,-8.6,-1.6,-10.2,-0.3
C,34,SAS,4,37,4.8,.500,.000,.000,5.9,17.0,11.5,3.1,0.0,0.0,11.1,9.4,,0.0,0.0,0.0,.029,,-4.5,-1.1,-5.6,0.0
C,34,KCK,8,162,9.4,.437,.000,.271,8.3,12.2,10.2,4.8,0.9,0.3,0.0,13.3,,0.2,0.1,0.3,.080,,-2.4,-1.0,-3.4,-0.1
C,28,ATL,77,2351,14.2,.544,.000,.359,9.6,19.4,14.4,3.8,0.7,7.0,14.2,13.1,,1.8,3.8,5.5,.113,,-1.6,3.8,2.3,2.5
PG,25,TOT,68,1022,14.8,.501,.094,.268,2.4,7.7,5.2,26.8,2.7,0.5,13.8,18.8,,0.9,1.5,2.4,.113,,0.3,-1.4,-1.1,0.2
PG,25,GSW,3,15,8.9,.444,.200,.800,0.0,7.8,3.6,8.8,0.0,0.0,0.0,17.5,,0.0,0.0,0.0,.043,,-3.7,-4.8,-8.5,0.0
PG,25,MIL,65,1007,14.9,.502,.092,.260,2.5,7.7,5.2,27.1,2.7,0.5,14.0,18.8,,0.9,1.5,2.4,.114,,0.4,-1.3,-0.9,0.3
PF,30,ATL,73,2610,18.9,.551,.011,.468,8.9,22.9,15.8,11.4,1.2,1.7,14.1,24.1,,3.5,3.6,7.1,.131,,1.2,0.9,2.1,2.7
C,25,WSB,75,3082,19.6,.633,.007,.614,10.0,24.8,17.4,14.9,1.1,1.3,20.6,23.0,,5.0,4.3,9.3,.144,,2.3,2.0,4.3,4.9
PG,23,DET,16,119,9.0,.430,.048,.310,5.2,12.1,8.5,22.1,1.6,0.0,15.9,18.3,,0.0,0.1,0.1,.040,,-2.9,-1.1,-3.9,-0.1
C,23,HOU,82,2693,20.1,.551,.003,.317,11.8,24.7,18.3,8.9,1.2,4.0,15.9,27.1,,1.9,4.1,6.0,.108,,0.0,1.4,1.4,2.3
SF,23,PHO,50,586,10.5,.503,.000,.207,7.9,12.6,10.3,9.8,1.9,1.2,16.6,18.6,,0.0,0.6,0.6,.045,,-2.6,0.0,-2.7,-0.1
PF,25,WSB,2,13,8.4,.510,.000,.400,0.0,26.8,13.4,0.0,3.8,0.0,25.4,25.9,,-0.1,0.0,0.0,-0.131,,-11.7,-3.3,-15.1,0.0
C,24,DEN,82,1420,12.9,.592,.005,.733,10.5,21.9,16.0,7.4,1.0,2.2,19.5,16.2,,1.8,1.1,2.8,.095,,-2.4,0.8,-1.5,0.2
SF,28,PHO,65,735,7.6,.536,.016,.581,4.6,11.4,8.0,7.6,1.2,1.6,21.2,11.0,,0.1,0.6,0.8,.049,,-3.5,0.7,-2.8,-0.2
SG,22,LAL,74,1637,13.4,.525,.049,.201,3.7,7.3,5.7,14.0,2.3,0.6,13.4,21.3,,1.1,1.5,2.7,.079,,-0.7,-0.8,-1.5,0.2
PF,28,CLE,79,2101,12.6,.506,.006,.180,7.3,13.5,10.3,12.7,1.8,1.5,16.4,20.0,,0.0,2.1,2.1,.048,,-1.4,1.3,-0.1,1.0
SF,26,GSW,79,2945,16.9,.529,.048,.295,6.3,10.1,8.1,13.0,1.6,0.2,11.8,25.6,,4.1,1.9,6.0,.098,,1.3,-1.2,0.0,1.5
PG,27,IND,80,2497,13.9,.569,.027,.181,2.0,5.6,3.8,25.7,1.7,0.2,15.2,15.7,,3.2,1.9,5.2,.099,,0.2,-1.7,-1.5,0.3
C,28,SEA,82,2993,19.7,.572,.002,.416,8.6,25.9,17.3,16.0,1.5,1.7,14.7,22.2,,5.3,4.4,9.7,.156,,1.6,2.4,4.0,4.5
SG,22,SDC,61,1297,14.0,.591,.014,.374,4.7,10.1,7.4,8.6,1.2,0.9,13.3,18.0,,2.3,0.4,2.6,.098,,-0.5,-0.1,-0.6,0.5
PF,26,GSW,75,2091,12.1,.571,.000,.385,13.7,21.9,17.5,4.5,1.4,0.6,19.6,11.8,,1.8,2.1,4.0,.091,,-1.3,0.7,-0.6,0.7
SG,31,WSB,81,2624,13.2,.514,.100,.237,2.3,5.7,4.0,22.2,2.2,0.4,15.3,23.6,,0.4,2.5,2.9,.053,,-0.4,-1.0,-1.4,0.4
SG,26,DAL,7,54,16.8,.552,.125,.813,10.8,4.3,7.5,11.9,5.4,0.0,15.6,19.9,,0.1,0.1,0.2,.141,,1.4,1.2,2.6,0.1
PG,25,NYK,79,2436,12.4,.514,.053,.178,2.4,7.0,4.7,31.2,2.0,0.2,20.9,17.2,,1.1,3.1,4.2,.083,,0.2,-1.3,-1.1,0.6
SF,24,LAL,38,363,9.6,.596,.024,.610,5.4,13.1,9.5,9.7,1.5,0.6,24.6,15.3,,0.1,0.4,0.5,.062,,-2.5,-0.3,-2.8,-0.1
SG,24,IND,61,857,13.9,.559,.010,.513,5.6,10.2,7.9,13.2,1.9,0.4,17.7,22.5,,0.5,0.9,1.3,.074,,-1.6,-1.4,-3.0,-0.2
C,23,IND,81,2426,12.6,.526,.020,.298,5.3,20.2,12.8,9.9,1.4,1.6,14.9,18.4,,0.4,3.3,3.6,.072,,-2.2,1.0,-1.2,0.5
PG,22,SEA,73,1284,12.1,.488,.076,.148,2.0,6.0,4.0,26.4,1.1,0.0,13.5,19.4,,0.5,0.6,1.2,.044,,-1.7,-3.0,-4.7,-0.9
SG,22,KCK,40,469,15.3,.550,.014,.220,5.0,6.2,5.6,14.9,2.0,0.0,12.0,22.9,,0.6,0.3,0.9,.094,,0.0,-2.0,-2.0,0.0
SG,23,HOU,68,616,11.8,.508,.086,.140,4.9,8.7,6.8,14.5,1.0,0.4,15.6,25.3,,-0.2,0.4,0.2,.016,,-2.3,-2.7,-5.0,-0.5
PG,26,TOT,61,1498,14.3,.498,.067,.450,3.8,6.1,4.9,34.1,1.6,0.5,17.2,24.5,,0.7,1.0,1.8,.056,,0.0,-2.1,-2.1,0.0
PG,26,CHI,31,601,12.9,.476,.063,.456,4.0,4.9,4.4,35.1,1.7,0.3,17.2,23.7,,0.1,0.4,0.5,.043,,-0.8,-2.8,-3.6,-0.2
PG,26,KCK,30,897,15.3,.511,.070,.446,3.6,7.0,5.3,33.4,1.5,0.6,17.3,25.1,,0.6,0.6,1.2,.065,,0.6,-1.6,-1.1,0.2
SF,23,DET,46,291,5.9,.450,.014,.431,3.2,8.4,5.7,10.9,1.6,0.6,18.2,13.8,,-0.2,0.2,0.0,.002,,-4.5,-0.5,-4.9,-0.2
PG,22,DET,82,3007,20.9,.520,.045,.365,3.5,8.2,5.8,41.5,3.1,0.6,15.4,25.4,,5.7,3.4,9.1,.144,,4.1,0.1,4.3,4.7
SG,23,IND,72,1219,12.1,.504,.027,.273,5.4,8.1,6.8,14.9,2.3,0.3,13.3,17.6,,0.4,1.2,1.6,.065,,-1.5,-0.5,-2.0,0.0
SG,29,SEA,19,349,20.0,.609,.006,.442,5.9,8.4,7.2,6.0,1.4,2.1,12.0,26.7,,0.8,0.3,1.0,.144,,0.6,-2.2,-1.5,0.0
C,22,KCK,80,1915,16.9,.562,.000,.350,15.2,27.3,21.1,6.3,1.7,4.3,18.6,19.0,,1.5,3.3,4.9,.122,,-1.1,2.6,1.5,1.7
C,29,POR,79,2648,17.9,.561,.002,.429,10.2,20.8,15.4,15.9,1.5,2.4,17.5,20.4,,3.6,3.3,6.9,.125,,1.5,2.1,3.6,3.8
SF,22,CLE,82,1731,14.9,.510,.059,.225,7.6,13.1,10.2,10.5,2.0,1.3,9.1,19.3,,2.0,1.8,3.7,.104,,0.0,0.6,0.6,1.1
PG,22,PHI,45,464,6.6,.462,.054,.189,4.3,5.5,4.9,12.4,1.4,0.2,17.1,17.2,,-0.3,0.4,0.1,.012,,-3.2,-2.4,-5.6,-0.4
C,23,GSW,72,730,9.5,.456,.008,.248,10.4,17.5,13.7,4.4,0.8,4.6,15.3,17.7,,-0.3,0.8,0.5,.030,,-5.1,0.2,-4.9,-0.5
PF,25,DET,49,475,10.5,.536,.008,.372,9.7,12.3,11.0,6.7,1.2,2.3,15.6,13.5,,0.3,0.5,0.8,.081,,-1.6,0.6,-1.0,0.1
SG,26,PHI,78,2556,17.3,.597,.034,.413,2.6,5.9,4.3,23.7,1.3,0.5,18.3,26.3,,4.2,2.2,6.4,.120,,2.5,-2.8,-0.2,1.1
SF,24,TOT,4,19,11.7,.500,.000,.000,0.0,5.9,3.0,7.1,2.5,5.8,11.1,19.0,,0.0,0.0,0.0,.036,,-4.6,1.9,-2.7,0.0
SF,24,MIL,2,2,30.3,1.000,.000,.000,0.0,0.0,0.0,0.0,0.0,0.0,0.0,21.1,,0.0,0.0,0.0,.361,,12.4,-7.5,4.9,0.0
SF,24,SDC,2,17,9.6,.429,.000,.000,0.0,6.6,3.3,7.9,2.8,6.4,12.5,18.7,,0.0,0.0,0.0,-0.002,,-6.6,3.0,-3.7,0.0
SF,24,DET,76,2493,16.8,.530,.013,.404,4.9,8.3,6.5,12.8,1.2,0.4,11.1,26.5,,4.1,1.5,5.7,.109,,1.1,-1.8,-0.8,0.8
SG,24,NYK,63,1228,13.6,.518,.036,.073,4.3,8.6,6.4,16.8,2.5,0.4,10.4,17.6,,1.2,1.8,3.0,.119,,1.0,-0.2,0.7,0.9
SF,24,DAL,47,536,9.9,.415,.060,.227,9.1,11.0,10.1,13.7,2.4,0.0,15.0,15.1,,-0.1,0.5,0.3,.029,,-2.9,0.5,-2.3,0.0
SF,27,DET,82,1602,13.2,.482,.019,.191,6.7,12.5,9.5,6.3,1.8,2.0,9.4,19.9,,0.8,1.7,2.5,.074,,-1.9,0.0,-1.9,0.0
PG,24,POR,68,1893,13.8,.520,.005,.439,3.0,5.0,4.0,26.6,2.7,0.2,18.2,17.4,,2.1,1.6,3.7,.093,,-0.1,-1.1,-1.2,0.4
PF,25,DEN,78,2734,23.6,.618,.019,.362,3.1,11.4,7.2,13.1,0.8,1.0,7.7,27.8,,9.7,0.6,10.3,.181,,3.8,-2.0,1.9,2.7
PF,24,POR,43,327,12.0,.527,.010,.250,9.5,12.7,11.0,8.0,3.2,2.0,15.9,16.3,,0.2,0.5,0.7,.099,,-1.1,1.3,0.2,0.2
SF,24,DAL,61,1421,12.1,.499,.002,.371,6.6,13.5,10.1,11.0,1.0,0.4,14.4,23.1,,0.2,0.9,1.1,.038,,-2.7,-1.3,-3.9,-0.7
SF,25,SEA,80,2174,10.7,.559,.002,.477,7.9,12.7,10.3,8.0,1.1,1.4,16.8,13.8,,1.5,1.9,3.4,.076,,-1.2,1.1,-0.1,1.1
C,23,IND,78,1040,10.4,.532,.004,.214,6.8,17.3,12.1,7.7,1.1,4.6,20.0,12.9,,-0.1,1.5,1.3,.062,,-4.0,2.3,-1.7,0.1
PG,22,NYK,82,1324,15.9,.508,.029,.508,6.8,8.5,7.7,31.1,4.6,0.7,23.4,26.1,,-0.4,2.7,2.3,.083,,0.7,1.3,2.0,1.3
PG,32,NJN,34,378,9.4,.442,.056,.300,2.4,7.1,4.7,25.9,2.5,0.5,23.3,14.0,,-0.1,0.4,0.3,.043,,-3.2,-1.0,-4.2,-0.2
SF,29,HOU,58,612,10.9,.490,.025,.075,4.6,11.6,8.1,12.0,1.3,0.4,11.7,18.1,,0.1,0.5,0.5,.041,,-2.6,-1.1,-3.6,-0.3
C,31,SDC,55,1476,17.9,.570,.004,.297,10.2,26.4,18.3,17.1,1.4,3.3,23.2,20.6,,0.7,1.6,2.3,.074,,-0.8,3.9,3.1,1.9
PG,24,WSB,32,254,6.9,.431,.045,.242,2.3,7.8,5.0,23.1,1.7,0.7,21.5,15.6,,-0.3,0.2,0.0,-0.008,,-5.2,-1.1,-6.4,-0.3
C,31,NYK,76,1290,10.7,.499,.000,.490,13.8,20.7,17.2,5.4,1.3,4.7,22.6,12.1,,-0.1,2.5,2.5,.091,,-1.8,2.8,1.1,1.0
SF,31,BOS,68,916,9.9,.469,.039,.105,5.3,11.7,8.6,9.8,1.4,0.4,11.0,17.6,,0.1,1.1,1.2,.065,,-1.9,-1.3,-3.2,-0.3
PF,23,SAS,8,38,5.4,.372,.000,.444,11.4,19.3,15.4,0.0,0.0,2.7,15.7,13.0,,0.0,0.0,0.0,-0.014,,-8.3,-3.0,-11.3,-0.1
C,23,DAL,34,202,4.1,.358,.000,.524,10.9,15.5,13.2,7.7,0.2,4.2,18.8,13.1,,-0.3,0.2,-0.1,-0.023,,-6.2,1.3,-4.9,-0.1
SG,33,PHO,59,865,14.6,.549,.083,.454,1.1,4.8,2.9,22.4,2.2,0.4,17.0,21.5,,0.9,0.7,1.5,.086,,-1.2,-2.6,-3.9,-0.4
PG,21,CHI,80,2159,13.5,.519,.004,.360,3.3,7.2,5.2,43.4,2.7,0.5,29.4,17.5,,-0.3,2.2,1.9,.043,,-1.7,-1.3,-2.9,-0.5
SF,24,TOT,36,372,13.9,.488,.000,.276,11.6,11.6,11.6,5.7,1.9,0.5,11.2,23.7,,0.0,0.4,0.4,.050,,-2.0,-2.4,-4.4,-0.2
SF,24,PHO,22,308,15.3,.499,.000,.292,11.3,12.2,11.8,6.4,2.0,0.4,10.0,24.0,,0.2,0.3,0.5,.071,,-1.3,-2.2,-3.4,-0.1
SF,24,MIL,8,45,7.1,.417,.000,.294,13.1,7.3,10.1,3.1,2.2,1.3,20.7,22.7,,-0.1,0.1,-0.1,-0.062,,-5.5,-2.3,-7.8,-0.1
SF,24,SDC,6,19,7.6,.444,.000,.000,12.0,11.9,11.9,0.0,0.0,0.0,10.0,21.0,,0.0,0.0,0.0,-0.020,,-6.4,-6.6,-13.1,-0.1
C,27,SDC,70,921,12.2,.551,.000,.364,11.6,18.5,15.1,2.7,0.9,0.7,14.7,17.3,,1.1,0.4,1.5,.080,,-2.6,-1.4,-4.0,-0.5
SG,24,CHI,82,2123,13.7,.501,.033,.322,7.4,10.4,8.9,13.8,2.4,0.3,12.0,22.5,,1.1,2.2,3.3,.076,,-0.1,0.1,0.0,1.1
SF,30,LAL,75,2507,15.4,.549,.008,.265,6.3,8.8,7.7,11.3,1.3,0.9,10.4,21.1,,4.0,2.0,6.0,.115,,1.1,-0.7,0.4,1.5
SF,24,ATL,81,2961,19.2,.531,.008,.347,9.7,12.9,11.2,7.3,2.0,1.8,11.5,27.1,,3.4,3.6,7.0,.113,,1.5,-0.2,1.3,2.5
C,28,UTA,81,1734,10.9,.527,.006,.350,7.0,19.8,13.8,5.5,0.7,1.3,15.4,16.3,,0.5,1.9,2.3,.065,,-3.1,-0.4,-3.5,-0.7
PF,23,NJN,81,3003,15.8,.556,.004,.538,13.3,24.9,19.0,5.8,1.3,2.4,17.1,18.3,,2.4,4.9,7.3,.117,,0.4,1.4,1.7,2.8
PG,30,SEA,80,2818,18.9,.506,.019,.303,2.7,5.5,4.1,36.2,3.2,0.5,13.5,25.2,,3.0,2.9,5.9,.101,,1.9,-0.6,1.3,2.4
C,25,IND,69,2279,14.8,.520,.005,.343,7.5,19.3,13.4,13.7,1.2,2.7,17.3,21.7,,-0.3,3.1,2.8,.059,,-1.6,1.5,-0.1,1.1
SG,22,SAS,19,200,9.9,.520,.017,.552,2.2,4.7,3.5,25.2,1.8,1.0,23.4,18.2,,0.0,0.1,0.1,.026,,-3.6,-1.5,-5.1,-0.2
SG,29,NYK,76,2230,17.4,.521,.086,.339,3.7,10.9,7.3,30.3,3.5,0.7,16.9,24.3,,2.1,4.1,6.2,.132,,2.6,0.9,3.5,3.1
PG,22,DEN,79,1924,13.3,.527,.070,.311,2.9,7.8,5.3,29.0,1.9,0.1,18.1,18.3,,1.6,0.6,2.2,.056,,-1.2,-1.3,-2.5,-0.2
PF,24,TOT,77,1434,13.2,.508,.002,.325,9.8,16.8,13.4,6.1,2.3,4.3,16.7,17.0,,0.1,2.6,2.7,.091,,-1.8,2.1,0.3,0.8
PF,24,GSW,7,59,17.7,.481,.000,.269,6.9,17.9,12.0,4.8,4.7,2.9,9.4,21.2,,0.0,0.1,0.1,.117,,-3.1,1.6,-1.5,0.0
PF,24,PHI,70,1375,13.0,.509,.002,.328,9.9,16.8,13.5,6.2,2.2,4.3,17.2,16.8,,0.1,2.5,2.6,.090,,-1.7,2.1,0.4,0.8
SF,26,ATL,13,258,9.3,.391,.079,.404,8.3,13.9,11.1,9.1,2.7,0.2,11.8,25.5,,-0.5,0.3,-0.1,-0.021,,-3.9,-0.9,-4.8,-0.2
SF,26,NJN,67,936,11.2,.530,.027,.244,9.0,14.6,11.8,7.7,1.1,1.5,15.6,14.4,,0.7,1.1,1.8,.092,,-1.2,0.1,-1.1,0.2
PG,24,WSB,6,26,-5.5,.174,.500,1.000,4.5,0.0,2.2,13.7,0.0,0.0,51.0,9.7,,-0.1,0.0,-0.1,-0.159,,-9.8,-2.3,-12.1,-0.1
SG,24,ATL,78,1071,9.3,.517,.016,.145,1.5,6.2,3.8,10.0,0.8,0.0,8.6,14.9,,0.6,0.6,1.2,.054,,-2.1,-2.1,-4.2,-0.6
SG,25,SEA,81,2236,14.9,.545,.022,.287,4.8,9.2,7.0,11.2,1.4,0.8,10.6,22.1,,2.7,1.7,4.4,.094,,0.1,-0.9,-0.8,0.7
SG,25,KCK,71,1838,15.9,.541,.010,.370,3.8,7.1,5.4,14.0,2.1,0.9,10.8,23.3,,2.6,1.6,4.2,.110,,0.4,-0.7,-0.3,0.8
SF,24,CHI,75,2544,15.9,.567,.002,.390,5.8,11.0,8.3,8.9,1.3,1.4,12.9,23.8,,3.0,2.3,5.3,.100,,0.6,-0.5,0.1,1.4
PF,22,LAL,82,2415,16.5,.591,.007,.289,7.9,15.6,12.1,11.1,1.5,1.6,15.3,19.7,,3.8,2.7,6.5,.129,,1.2,0.7,1.9,2.4
