player,pos,age,mp_x,fg_pct_x,trb_per_poss,ast_per_poss,stl_per_poss,blk_per_poss,pts_per_poss,off_rtg,def_rtg,per,ts_pct,trb_pct,ast_pct,usg_pct,ws,bpm,vorp,efg_pct,ft_per_g,fta_per_g,ft_pct_y,orb_per_g,drb_per_g,trb_per_g,ast_per_g,stl_per_g,blk_per_g,tov_per_g,pf_per_g,pts_per_g,fga_per_g,points_won
Shareef Abdur-Rahim,PF,26,3087.0,0.478,11.6,4.1,1.5,0.6,27.5,111.0,106.0,19.9,0.5660000000000001,12.5,14.7,24.2,9.7,1.7,2.8,0.48700000000000004,5.6,6.7,0.841,2.2,6.2,8.4,3.0,1.1,0.5,2.6,3.0,19.9,14.6,0.0
Courtney Alexander,PG,25,1360.0,0.382,4.7,3.1,1.2,0.2,20.7,96.0,106.0,9.3,0.45899999999999996,5.0,9.8,21.3,1.1,-5.5,-1.2,0.401,1.8,2.2,0.8079999999999999,0.6,1.2,1.8,1.2,0.5,0.1,1.0,1.9,7.9,7.7,0.0
Malik Allen,PF,24,2318.0,0.424,10.0,1.3,0.9,1.8,18.1,89.0,103.0,9.9,0.455,10.6,4.4,19.7,0.9,-3.9,-1.1,0.424,1.2,1.5,0.802,1.7,3.6,5.3,0.7,0.5,1.0,1.6,2.9,9.6,9.9,0.0
Ray Allen,SG,27,2880.0,0.439,7.1,6.2,1.9,0.3,31.9,111.0,108.0,21.3,0.565,7.8,21.6,27.8,9.1,3.7,4.2,0.512,4.2,4.5,0.9159999999999999,1.2,3.8,5.0,4.4,1.4,0.2,2.6,2.9,22.5,17.9,0.0
Derek Anderson,PG,28,2556.0,0.42700000000000005,5.5,6.8,1.9,0.3,22.2,115.0,105.0,16.9,0.556,6.2,20.7,19.5,8.1,2.5,2.9,0.496,3.0,3.5,0.8590000000000001,0.7,2.8,3.5,4.3,1.2,0.2,1.7,1.9,13.9,10.9,0.0
Kenny Anderson,PG,32,1135.0,0.42700000000000005,6.3,9.5,2.8,0.2,17.8,98.0,103.0,13.6,0.457,6.8,29.8,19.7,1.6,-2.1,0.0,0.428,0.7,0.9,0.789,0.5,1.7,2.2,3.2,1.0,0.1,1.2,1.7,6.1,6.3,0.0
Shandon Anderson,SF,29,1731.0,0.462,7.8,2.7,2.2,0.6,21.0,101.0,105.0,13.4,0.5529999999999999,8.6,8.3,19.6,2.7,-0.8,0.5,0.51,1.7,2.3,0.732,0.8,2.3,3.1,1.1,0.9,0.2,1.4,2.2,8.4,6.5,0.0
Gilbert Arenas,PG,21,2866.0,0.431,6.9,9.1,2.2,0.3,26.6,108.0,110.0,18.6,0.54,7.2,30.0,24.9,6.5,2.2,3.1,0.478,4.5,5.7,0.7909999999999999,1.2,3.5,4.7,6.3,1.5,0.2,3.5,3.2,18.3,14.4,0.0
Darrell Armstrong,PG,34,2350.0,0.409,6.5,7.1,3.0,0.3,16.9,106.0,104.0,14.6,0.53,7.2,21.7,16.9,4.9,1.2,1.9,0.47,2.0,2.3,0.878,1.1,2.5,3.6,3.9,1.6,0.2,2.0,2.0,9.4,7.8,0.0
Chucky Atkins,PG,28,1398.0,0.361,3.8,6.9,1.1,0.2,18.3,97.0,105.0,10.1,0.475,4.1,22.4,19.4,1.5,-2.8,-0.3,0.45399999999999996,0.6,0.8,0.816,0.3,1.2,1.5,2.7,0.4,0.1,1.2,1.7,7.1,7.2,0.0
Brent Barry,SG,31,2480.0,0.45799999999999996,6.6,8.4,2.5,0.3,17.0,115.0,104.0,15.8,0.597,7.1,25.0,14.9,7.3,2.9,3.0,0.56,1.7,2.1,0.795,0.6,3.4,4.0,5.1,1.5,0.2,1.9,2.7,10.3,7.7,0.0
Jon Barry,SG,33,1473.0,0.45,6.8,7.7,2.4,0.5,20.8,116.0,100.0,17.9,0.593,7.2,25.5,17.9,5.6,3.0,1.9,0.5529999999999999,1.1,1.3,0.86,0.4,1.8,2.3,2.6,0.8,0.2,1.0,1.3,6.9,5.3,0.0
Mike Batiste,PF,25,1248.0,0.42200000000000004,10.7,2.2,1.7,0.7,20.0,96.0,107.0,12.2,0.47600000000000003,11.6,6.9,20.7,0.8,-3.9,-0.6,0.441,0.9,1.2,0.784,1.1,2.3,3.4,0.7,0.6,0.2,0.9,1.6,6.4,6.2,0.0
Tony Battie,C,26,1683.0,0.539,13.6,1.5,1.0,2.5,15.3,119.0,100.0,15.2,0.578,14.6,5.2,12.9,5.8,-0.1,0.8,0.541,1.3,1.8,0.746,2.2,4.3,6.5,0.7,0.5,1.2,0.7,2.9,7.3,5.5,0.0
Shane Battier,SF,24,2383.0,0.483,7.5,2.3,2.2,1.9,16.4,120.0,107.0,15.0,0.597,8.1,6.8,13.2,6.2,3.6,3.4,0.5589999999999999,1.5,1.9,0.828,1.6,2.8,4.4,1.3,1.3,1.1,0.9,2.7,9.7,7.3,0.0
Raja Bell,SG,26,1173.0,0.441,6.4,2.5,2.3,0.4,10.2,101.0,104.0,7.9,0.509,6.8,6.8,10.4,1.7,-0.5,0.5,0.491,0.3,0.5,0.6759999999999999,0.6,1.3,1.9,0.8,0.7,0.1,0.6,1.8,3.1,2.8,0.0
Travis Best,PG,30,1807.0,0.396,4.4,7.7,1.3,0.2,18.2,97.0,106.0,11.2,0.473,4.7,25.7,19.4,1.8,-2.8,-0.4,0.42700000000000005,1.5,1.7,0.8540000000000001,0.4,1.7,2.0,3.5,0.6,0.1,1.5,2.4,8.4,8.1,0.0
Mike Bibby,PG,24,1835.0,0.47,4.0,7.8,2.0,0.2,24.0,109.0,103.0,17.6,0.5589999999999999,4.3,24.3,21.9,5.6,1.0,1.4,0.51,2.9,3.4,0.861,0.6,2.1,2.7,5.2,1.3,0.1,2.3,1.7,15.9,12.7,0.0
Chauncey Billups,PG,26,2327.0,0.42100000000000004,6.5,6.8,1.5,0.4,28.5,116.0,102.0,20.4,0.5820000000000001,7.0,23.7,24.1,9.9,4.2,3.7,0.506,4.3,4.9,0.878,0.5,3.2,3.7,3.9,0.9,0.2,1.8,1.8,16.2,11.8,0.0
Mark Blount,C,27,1403.0,0.43200000000000005,11.6,2.1,1.6,2.6,15.1,93.0,100.0,10.6,0.491,12.6,7.0,16.4,1.7,-3.0,-0.3,0.43200000000000005,1.2,1.7,0.727,1.4,2.4,3.8,0.7,0.5,0.8,1.3,2.3,5.0,4.3,0.0
Carlos Boozer,PF,21,2049.0,0.536,15.2,2.6,1.5,1.2,20.2,114.0,105.0,17.9,0.5770000000000001,16.6,9.3,17.1,5.9,0.2,1.1,0.536,1.8,2.4,0.7709999999999999,2.5,5.0,7.5,1.3,0.7,0.6,1.3,2.8,10.0,7.6,0.0
Bruce Bowen,SF,31,2566.0,0.466,5.0,2.3,1.4,0.9,12.1,110.0,103.0,9.1,0.563,5.4,6.8,10.7,5.1,1.5,2.3,0.5710000000000001,0.4,1.1,0.40399999999999997,0.7,2.2,2.9,1.4,0.8,0.5,0.9,2.4,7.1,5.8,0.0
Earl Boykins,PG,26,1321.0,0.429,3.4,8.5,1.5,0.2,23.1,118.0,114.0,17.6,0.5429999999999999,3.5,26.8,20.1,3.5,-2.3,-0.1,0.46,2.5,2.9,0.865,0.5,0.8,1.3,3.3,0.6,0.1,1.1,1.1,8.8,6.8,0.0
Michael Bradley,PF,23,1314.0,0.48100000000000004,16.6,2.7,0.7,1.3,13.7,100.0,107.0,12.8,0.49200000000000005,17.7,8.4,14.6,1.5,-2.6,-0.2,0.48200000000000004,0.5,1.0,0.522,2.4,3.7,6.1,1.0,0.2,0.5,1.1,1.9,5.0,4.7,0.0
Shawn Bradley,C,30,1731.0,0.536,14.3,1.6,1.9,5.1,16.3,121.0,96.0,18.3,0.601,15.1,4.6,13.6,7.4,4.3,2.8,0.536,1.7,2.2,0.8059999999999999,1.9,4.0,5.9,0.7,0.8,2.1,0.8,3.0,6.7,4.6,0.0
Elton Brand,PF,23,2454.0,0.502,15.1,3.4,1.5,3.4,24.5,109.0,103.0,21.7,0.5429999999999999,16.2,12.0,22.4,7.6,4.5,4.1,0.502,3.9,5.7,0.685,4.6,6.8,11.3,2.5,1.1,2.5,2.6,3.3,18.5,14.5,0.0
J.R. Bremer,PG,22,1503.0,0.369,5.1,5.8,1.3,0.1,18.6,106.0,105.0,12.7,0.515,5.5,19.2,17.7,3.0,-1.9,0.0,0.47700000000000004,1.3,1.7,0.7659999999999999,0.3,2.0,2.3,2.6,0.6,0.0,0.9,1.3,8.3,7.3,0.0
Kwame Brown,C,20,1773.0,0.446,13.1,1.8,1.5,2.5,18.2,96.0,102.0,13.6,0.496,14.2,5.6,18.8,2.5,-2.7,-0.3,0.446,1.8,2.7,0.6679999999999999,1.6,3.7,5.3,0.7,0.6,1.0,1.4,2.0,7.4,6.3,0.0
P.J. Brown,PF,33,2609.0,0.531,14.4,3.0,1.4,1.6,17.1,122.0,100.0,17.6,0.5920000000000001,15.6,9.2,14.0,10.2,3.4,3.6,0.531,2.5,3.0,0.836,3.1,5.9,9.0,1.9,0.9,1.0,1.3,2.6,10.7,7.7,0.0
Kobe Bryant,SG,24,3401.0,0.451,8.6,7.3,2.8,1.0,37.6,111.0,103.0,26.2,0.55,9.3,27.2,32.9,14.9,6.4,7.1,0.483,7.3,8.7,0.843,1.3,5.6,6.9,5.9,2.2,0.8,3.5,2.7,30.0,23.5,496.0
Greg Buckner,SG,26,1514.0,0.465,7.5,3.3,2.5,0.6,15.6,106.0,103.0,11.6,0.519,8.4,10.1,14.7,3.1,0.0,0.8,0.484,0.9,1.1,0.802,1.0,1.9,2.9,1.3,1.0,0.2,0.8,2.7,6.0,5.3,0.0
Caron Butler,SF,22,2858.0,0.41600000000000004,7.6,4.1,2.6,0.6,23.0,99.0,102.0,15.1,0.502,8.0,14.1,22.9,5.1,1.7,2.7,0.43200000000000005,4.0,4.8,0.8240000000000001,1.7,3.4,5.1,2.7,1.8,0.4,2.5,2.9,15.4,13.2,0.0
Rasual Butler,SG,23,1514.0,0.36200000000000004,6.7,3.4,0.8,1.6,19.5,88.0,104.0,9.5,0.43700000000000006,7.1,11.4,21.6,0.1,-3.8,-0.7,0.406,1.1,1.4,0.731,0.4,2.2,2.6,1.3,0.3,0.6,1.1,1.5,7.5,7.9,0.0
Vince Carter,SG,26,1471.0,0.467,6.8,5.2,1.7,1.5,32.1,109.0,108.0,21.9,0.532,7.3,20.4,28.1,4.2,2.7,1.7,0.49700000000000005,3.0,3.7,0.8059999999999999,1.4,3.0,4.4,3.3,1.1,1.0,1.7,2.8,20.6,17.7,0.0
Sam Cassell,PG,33,2700.0,0.47,6.7,8.9,1.7,0.3,30.2,115.0,110.0,22.3,0.565,7.4,29.6,26.5,9.6,2.6,3.1,0.495,4.9,5.7,0.861,0.7,3.7,4.4,5.8,1.1,0.2,2.3,2.8,19.7,14.9,0.0
Kelvin Cato,C,28,1247.0,0.52,18.6,0.9,1.6,3.7,14.4,107.0,96.0,15.5,0.535,19.8,2.6,13.6,3.8,-1.0,0.3,0.52,0.9,1.7,0.532,1.8,4.1,5.9,0.3,0.5,1.2,0.8,2.4,4.5,3.5,0.0
Tyson Chandler,C,20,1827.0,0.531,14.4,2.1,1.0,3.0,19.4,104.0,103.0,15.8,0.565,15.5,6.8,18.1,3.9,-0.3,0.8,0.531,2.4,3.9,0.608,2.3,4.6,6.9,1.0,0.5,1.4,1.8,2.9,9.2,6.5,0.0
Calbert Cheaney,SG,31,2351.0,0.499,6.5,3.7,1.5,0.3,16.0,100.0,106.0,9.8,0.514,7.3,11.7,15.5,2.8,-1.2,0.5,0.507,0.5,0.9,0.58,0.9,2.6,3.5,2.0,0.8,0.2,1.3,2.8,8.6,8.0,0.0
Doug Christie,SG,32,2710.0,0.479,6.4,7.0,3.3,0.7,13.9,113.0,98.0,15.0,0.59,6.8,19.3,12.7,8.9,4.2,4.2,0.545,1.8,2.2,0.81,0.8,3.5,4.3,4.7,2.3,0.5,1.8,2.3,9.4,7.0,0.0
Keon Clark,C,27,1780.0,0.501,12.8,2.3,1.1,4.2,15.2,103.0,97.0,13.9,0.528,13.6,6.5,14.9,4.7,1.1,1.4,0.501,1.1,1.6,0.6559999999999999,1.7,3.9,5.6,1.0,0.5,1.9,1.2,2.8,6.7,5.6,0.0
Derrick Coleman,C,35,1742.0,0.44799999999999995,13.6,2.6,1.6,2.1,18.1,106.0,101.0,15.4,0.525,15.2,8.0,17.3,4.5,1.1,1.4,0.47,2.1,2.7,0.784,2.4,4.7,7.0,1.4,0.8,1.1,1.5,2.7,9.4,7.8,0.0
Jason Collins,C,24,1900.0,0.414,10.2,2.4,1.3,1.2,12.7,107.0,99.0,9.9,0.521,11.1,6.9,12.5,4.7,-0.6,0.7,0.414,2.2,2.9,0.763,1.7,2.9,4.5,1.1,0.6,0.5,1.0,3.1,5.7,4.2,0.0
Jamal Crawford,PG,22,1992.0,0.413,4.8,8.6,2.0,0.6,22.1,101.0,107.0,15.4,0.496,5.1,28.8,22.2,2.8,-1.0,0.5,0.467,1.3,1.6,0.8059999999999999,0.3,2.1,2.3,4.2,1.0,0.3,1.7,1.6,10.7,10.1,0.0
Eddy Curry,C,20,1571.0,0.585,11.5,1.2,0.6,2.0,27.7,106.0,106.0,17.5,0.607,12.4,4.4,23.6,3.5,-3.0,-0.4,0.585,2.2,3.5,0.624,1.4,2.9,4.4,0.5,0.2,0.8,1.7,2.8,10.5,7.1,0.0
Michael Curry,SF,34,1555.0,0.402,4.5,3.7,1.6,0.1,8.4,98.0,103.0,5.7,0.474,4.8,10.8,9.0,2.0,-2.3,-0.1,0.43700000000000006,0.5,0.6,0.8,0.2,1.4,1.6,1.3,0.6,0.1,0.6,2.1,3.0,2.9,0.0
Erick Dampier,C,27,1978.0,0.496,14.0,1.5,0.7,4.0,17.3,111.0,108.0,15.8,0.5429999999999999,14.6,4.6,15.7,4.1,0.1,1.1,0.496,1.9,2.7,0.698,3.0,3.6,6.6,0.7,0.3,1.9,1.4,3.0,8.2,6.4,0.0
Antonio Davis,C,34,1894.0,0.40700000000000003,12.3,3.7,0.6,1.7,20.8,99.0,107.0,14.5,0.483,13.1,11.9,21.3,2.2,-2.1,0.0,0.40700000000000003,4.1,5.3,0.7709999999999999,2.5,5.8,8.2,2.5,0.4,1.2,2.2,2.8,13.9,12.1,0.0
Baron Davis,PG,23,1889.0,0.41600000000000004,5.3,9.1,2.6,0.6,24.3,103.0,102.0,16.9,0.5,5.7,30.5,24.0,4.5,2.7,2.2,0.478,1.9,2.6,0.71,1.1,2.6,3.7,6.4,1.8,0.4,2.8,3.0,17.1,16.0,0.0
Dale Davis,C,33,2282.0,0.541,13.3,2.2,1.2,1.6,13.6,119.0,103.0,14.5,0.5660000000000001,14.9,6.4,11.8,6.9,2.4,2.5,0.541,1.3,2.1,0.633,3.0,4.2,7.2,1.2,0.7,0.9,0.9,2.4,7.4,5.6,0.0
Ricky Davis,SG,23,3131.0,0.41,6.4,7.1,2.0,0.6,26.5,98.0,108.0,16.1,0.485,7.0,26.5,27.1,3.0,-0.3,1.3,0.435,4.4,5.9,0.748,1.2,3.7,4.9,5.5,1.6,0.5,3.5,2.3,20.6,18.6,0.0
Andrew DeClercq,C,29,1327.0,0.534,13.2,2.0,1.5,1.4,14.2,106.0,104.0,11.3,0.562,14.6,6.2,13.8,2.6,-1.4,0.2,0.534,0.9,1.4,0.644,1.8,2.6,4.4,0.7,0.5,0.5,1.1,3.4,4.7,3.6,0.0
Tony Delk,PG,29,1873.0,0.41600000000000004,6.5,4.1,2.0,0.3,18.4,108.0,103.0,13.7,0.547,7.0,14.0,16.6,4.6,0.2,1.0,0.523,1.0,1.3,0.782,0.6,2.9,3.5,2.2,1.1,0.1,1.0,1.9,9.8,8.4,0.0
Vlade Divac,C,34,2384.0,0.466,12.1,5.8,1.8,2.2,16.8,105.0,97.0,15.6,0.519,12.9,16.7,17.0,7.0,2.9,3.0,0.47,2.2,3.1,0.713,2.0,5.2,7.2,3.4,1.0,1.3,1.9,3.0,9.9,8.2,0.0
Michael Doleac,C,25,1041.0,0.426,11.1,2.1,0.8,0.8,16.7,92.0,107.0,8.9,0.451,12.3,6.6,18.3,0.3,-5.6,-0.9,0.426,0.5,0.6,0.7829999999999999,0.9,2.1,2.9,0.6,0.2,0.2,0.7,2.0,4.4,4.6,0.0
Predrag Drobnjak,C,27,1984.0,0.41200000000000003,8.8,2.4,1.3,1.0,21.2,98.0,106.0,12.5,0.45899999999999996,9.5,7.7,21.4,2.4,-3.3,-0.6,0.431,1.1,1.4,0.7909999999999999,1.4,2.5,3.9,1.0,0.6,0.5,0.8,2.2,9.4,9.6,0.0
Tim Duncan,PF,26,3181.0,0.513,17.5,5.3,0.9,4.0,31.6,112.0,94.0,26.9,0.564,19.0,19.5,28.0,16.5,7.4,7.6,0.515,5.6,7.8,0.71,3.2,9.7,12.9,3.9,0.7,2.9,3.1,2.9,23.3,17.2,962.0
Mike Dunleavy,SF,22,1305.0,0.40299999999999997,8.4,4.1,2.1,0.7,18.2,103.0,109.0,12.5,0.505,8.7,12.6,17.8,1.5,-1.3,0.2,0.465,1.0,1.2,0.78,0.8,1.8,2.6,1.3,0.6,0.2,1.0,1.5,5.7,5.1,0.0
Howard Eisley,PG,30,2243.0,0.41700000000000004,4.4,10.5,1.7,0.2,17.5,109.0,108.0,14.1,0.552,4.9,31.4,17.0,4.5,-0.2,1.0,0.521,1.1,1.3,0.848,0.3,2.0,2.3,5.4,0.9,0.1,1.8,2.7,9.1,7.7,0.0
Reggie Evans,PF,22,1365.0,0.47100000000000003,17.8,1.4,1.5,0.4,8.5,109.0,102.0,10.4,0.51,19.2,3.7,8.9,3.0,-1.8,0.1,0.47100000000000003,1.2,2.3,0.519,2.5,4.1,6.6,0.5,0.6,0.2,0.8,2.6,3.2,2.1,0.0
Michael Finley,SF,29,2642.0,0.425,7.9,4.0,1.5,0.4,26.1,107.0,104.0,17.6,0.514,8.4,12.8,24.2,6.7,1.6,2.4,0.475,2.9,3.3,0.861,1.6,4.3,5.8,3.0,1.1,0.3,1.7,1.5,19.3,17.3,0.0
Derek Fisher,PG,28,2829.0,0.43700000000000006,4.4,5.5,1.7,0.3,15.8,110.0,108.0,11.9,0.52,4.8,16.1,14.5,5.2,-0.9,0.8,0.49200000000000005,1.2,1.5,0.8,0.5,2.4,2.9,3.6,1.1,0.2,1.1,2.4,10.5,9.5,0.0
Rick Fox,SF,33,2181.0,0.42200000000000004,7.7,6.0,1.6,0.3,16.2,105.0,106.0,11.9,0.523,8.3,17.7,15.7,3.6,-0.4,0.9,0.506,0.7,0.9,0.754,0.8,3.4,4.3,3.3,0.9,0.2,1.6,2.8,9.0,8.2,0.0
Adonal Foyle,C,27,1787.0,0.536,14.0,1.1,1.1,5.8,12.5,113.0,104.0,15.3,0.563,14.6,3.1,11.0,4.0,1.5,1.6,0.536,0.9,1.3,0.6729999999999999,2.1,3.8,6.0,0.5,0.5,2.5,0.9,2.6,5.4,4.2,0.0
Steve Francis,PG,25,3318.0,0.435,8.1,8.2,2.3,0.7,27.8,109.0,103.0,20.6,0.541,8.7,28.0,26.1,11.1,4.9,5.8,0.46799999999999997,5.9,7.3,0.8,2.0,4.2,6.2,6.2,1.7,0.5,3.7,3.1,21.0,16.2,0.0
Kevin Garnett,PF,26,3321.0,0.502,17.3,7.8,1.8,2.0,29.6,113.0,98.0,26.4,0.5529999999999999,18.8,25.8,26.4,15.6,8.7,9.0,0.508,4.6,6.1,0.7509999999999999,3.0,10.5,13.4,6.0,1.4,1.6,2.8,2.4,23.0,18.1,871.0
Pat Garrity,PF,26,2584.0,0.419,6.1,2.4,1.2,0.4,17.3,111.0,108.0,11.2,0.551,6.8,7.5,15.0,4.9,-0.1,1.2,0.528,1.0,1.2,0.83,0.9,2.9,3.8,1.5,0.8,0.2,1.0,3.1,10.7,9.2,0.0
Pau Gasol,PF,22,2948.0,0.51,12.6,4.0,0.6,2.6,27.3,110.0,106.0,20.7,0.57,13.7,13.6,24.1,8.5,2.1,3.0,0.51,5.1,6.9,0.736,2.3,6.4,8.8,2.8,0.4,1.8,2.6,2.7,19.0,13.6,0.0
Devean George,SF,25,1613.0,0.39,9.2,3.0,1.8,1.2,15.8,103.0,105.0,11.4,0.485,10.0,8.6,15.7,2.7,-1.3,0.3,0.444,1.2,1.5,0.79,1.3,2.7,4.0,1.3,0.8,0.5,0.9,2.5,6.9,6.5,0.0
Kendall Gill,SG,34,2068.0,0.42200000000000004,6.3,3.9,2.0,0.4,18.0,96.0,105.0,10.6,0.47700000000000004,6.8,11.4,18.8,1.9,-2.5,-0.3,0.436,1.5,2.0,0.764,0.6,2.4,3.0,1.9,1.0,0.2,1.3,2.1,8.7,8.3,0.0
Manu Ginóbili,SG,25,1431.0,0.43799999999999994,6.0,5.1,3.6,0.6,19.6,106.0,98.0,14.7,0.556,6.5,15.8,18.5,4.2,2.6,1.7,0.503,1.8,2.5,0.737,0.7,1.7,2.3,2.0,1.4,0.2,1.4,2.5,7.6,5.8,0.0
Gordan Giriček,SG-SF,25,2148.0,0.436,5.7,3.3,1.3,0.2,22.5,99.0,109.0,12.1,0.529,6.3,10.8,21.5,1.6,-3.0,-0.6,0.489,2.0,2.4,0.82,0.5,2.7,3.1,1.8,0.7,0.1,1.9,2.1,12.3,10.6,0.0
Dion Glover,SG,24,1890.0,0.42700000000000005,7.9,3.9,2.0,0.4,20.6,101.0,107.0,13.5,0.512,8.5,13.1,20.1,2.6,-1.7,0.1,0.47100000000000003,1.7,2.1,0.784,0.8,2.9,3.7,1.9,0.9,0.2,1.4,1.9,9.7,8.5,0.0
Drew Gooden,SF-PF,21,1873.0,0.457,12.6,2.3,1.5,1.0,24.2,97.0,106.0,15.0,0.503,13.7,7.8,24.5,1.7,-3.3,-0.6,0.466,2.2,3.0,0.7120000000000001,2.3,4.2,6.5,1.2,0.8,0.5,2.1,2.5,12.5,11.1,0.0
Brian Grant,C,30,2641.0,0.509,17.3,2.2,1.3,1.0,17.5,108.0,99.0,15.6,0.552,18.3,7.2,16.0,7.7,0.9,2.0,0.509,1.9,2.5,0.7709999999999999,2.9,7.3,10.2,1.3,0.8,0.6,1.6,3.7,10.3,8.2,0.0
Adrian Griffin,SG,28,1373.0,0.433,10.0,4.0,2.9,0.2,12.3,103.0,101.0,11.5,0.46299999999999997,10.6,11.0,13.2,2.9,0.9,1.0,0.442,0.4,0.4,0.8440000000000001,1.2,2.4,3.6,1.4,1.0,0.1,0.6,2.1,4.4,4.6,0.0
Eddie Griffin,PF,20,1890.0,0.4,13.2,2.5,1.5,3.2,19.0,100.0,100.0,15.4,0.462,14.0,8.0,19.4,3.9,0.4,1.1,0.447,0.8,1.2,0.617,1.8,4.2,6.0,1.1,0.7,1.4,1.0,1.8,8.6,8.8,0.0
Richard Hamilton,SG,24,2640.0,0.44299999999999995,6.7,4.4,1.3,0.3,33.8,104.0,103.0,18.7,0.531,7.1,17.0,31.3,7.3,-0.3,1.1,0.456,5.4,6.4,0.833,1.1,2.8,3.9,2.5,0.8,0.2,2.4,3.0,19.7,15.7,0.0
Anfernee Hardaway,SG,31,1777.0,0.447,7.6,6.9,1.9,0.8,18.1,97.0,103.0,13.0,0.499,8.2,21.5,19.2,2.3,0.0,0.9,0.469,1.3,1.7,0.794,1.1,3.3,4.4,4.1,1.1,0.4,2.5,2.6,10.6,9.9,0.0
Matt Harpring,SF,26,2557.0,0.511,10.8,2.8,1.5,0.4,28.8,113.0,104.0,19.3,0.588,12.2,9.9,23.9,8.8,2.4,2.9,0.5429999999999999,3.4,4.2,0.792,2.4,4.2,6.6,1.7,0.9,0.2,2.1,2.8,17.6,13.1,0.0
Al Harrington,SF,22,2467.0,0.434,10.9,2.7,1.5,0.7,21.3,97.0,102.0,12.4,0.493,11.6,8.8,21.6,3.9,-1.8,0.1,0.441,2.6,3.3,0.77,1.9,4.3,6.2,1.5,0.9,0.4,2.0,3.4,12.2,10.9,0.0
Junior Harrington,PG,22,2003.0,0.36200000000000004,6.6,7.3,2.1,0.4,11.0,81.0,102.0,6.4,0.405,7.3,23.2,15.0,-0.4,-4.6,-1.3,0.369,0.9,1.4,0.652,0.5,2.5,3.0,3.4,1.0,0.2,1.9,3.0,5.1,5.7,0.0
Othella Harrington,PF,29,1850.0,0.508,13.6,1.8,0.3,0.7,16.4,110.0,107.0,12.3,0.563,15.1,5.4,15.0,3.8,-2.0,0.0,0.508,1.7,2.0,0.82,2.2,4.2,6.4,0.8,0.2,0.3,1.2,3.1,7.7,6.0,0.0
Lucious Harris,SG,32,1973.0,0.413,6.2,4.1,1.4,0.2,21.1,105.0,102.0,13.5,0.494,6.7,13.4,20.0,4.7,-1.4,0.3,0.446,2.0,2.5,0.804,0.8,2.2,3.0,2.0,0.7,0.1,0.9,1.2,10.3,9.4,0.0
Donnell Harvey,SF,22,1613.0,0.446,13.4,3.3,1.6,0.9,20.0,94.0,100.0,12.5,0.486,14.8,11.7,20.7,2.0,-2.5,-0.2,0.447,1.5,2.3,0.67,1.6,3.7,5.3,1.3,0.6,0.4,1.6,2.6,7.9,7.2,0.0
Trenton Hassell,SG,23,1999.0,0.36700000000000005,6.5,3.9,1.2,1.6,8.8,86.0,107.0,6.0,0.41100000000000003,7.0,11.1,11.1,-0.1,-3.2,-0.6,0.384,0.5,0.7,0.745,0.5,2.7,3.1,1.8,0.5,0.7,1.0,2.4,4.2,4.8,0.0
Brendan Haywood,C,23,1930.0,0.51,11.4,0.8,0.9,3.4,14.1,115.0,104.0,13.5,0.561,12.4,2.4,12.5,5.0,-0.1,0.9,0.51,1.9,3.0,0.633,2.4,2.6,5.0,0.4,0.4,1.5,0.8,2.8,6.2,4.2,0.0
Alan Henderson,C,30,1494.0,0.46799999999999997,14.1,1.4,1.2,1.1,13.9,106.0,106.0,12.1,0.508,15.2,4.5,13.8,2.6,-3.0,-0.4,0.46799999999999997,1.1,1.7,0.638,1.9,3.0,4.9,0.5,0.4,0.4,0.7,2.0,4.8,4.0,0.0
Nenê Hilário,C,20,2258.0,0.519,11.5,3.5,3.0,1.5,19.6,100.0,99.0,15.4,0.545,12.7,12.2,18.7,5.0,2.5,2.6,0.519,2.5,4.3,0.578,2.6,3.5,6.1,1.9,1.6,0.8,2.3,3.7,10.5,7.7,0.0
Tyrone Hill,PF,34,1351.0,0.42200000000000004,14.9,1.6,1.8,1.0,11.9,95.0,103.0,9.9,0.457,16.5,4.8,13.3,1.4,-3.4,-0.5,0.42200000000000004,1.0,1.4,0.675,2.3,4.7,7.0,0.7,0.8,0.5,1.2,3.1,5.6,5.5,0.0
Robert Horry,PF,32,2343.0,0.387,11.4,5.2,2.1,1.4,11.6,107.0,103.0,12.4,0.488,12.3,14.3,12.2,4.8,2.0,2.3,0.44,1.3,1.7,0.769,2.3,4.2,6.4,2.9,1.2,0.8,1.4,3.1,6.5,6.0,0.0
Eddie House,SG,24,1025.0,0.387,5.4,4.6,2.3,0.1,21.9,93.0,103.0,12.1,0.447,5.7,16.6,23.2,0.7,-2.3,-0.1,0.428,0.6,0.7,0.861,0.3,1.5,1.8,1.6,0.8,0.0,0.8,1.3,7.5,8.1,0.0
Allan Houston,SG,31,3108.0,0.445,3.9,3.7,0.9,0.1,31.4,109.0,110.0,17.7,0.563,4.4,13.2,27.0,7.2,0.2,1.7,0.506,4.4,4.8,0.919,0.3,2.5,2.8,2.7,0.7,0.1,2.2,2.3,22.5,17.9,0.0
Juwan Howard,PF,29,2730.0,0.45,11.3,4.5,1.5,0.5,27.4,102.0,102.0,17.2,0.501,12.5,18.1,26.1,6.0,1.2,2.2,0.45,3.7,4.6,0.8029999999999999,2.4,5.2,7.6,3.0,1.0,0.4,2.5,3.1,18.4,16.4,0.0
Troy Hudson,PG,26,2600.0,0.428,3.7,9.1,1.2,0.1,22.6,106.0,108.0,15.2,0.531,4.0,27.0,21.6,5.1,-1.0,0.6,0.479,2.6,2.9,0.9,0.5,1.8,2.3,5.7,0.8,0.1,2.3,2.0,14.2,12.1,0.0
Larry Hughes,PG,24,2137.0,0.467,7.8,5.2,2.2,0.6,21.8,101.0,104.0,15.5,0.521,8.5,17.5,21.2,3.7,0.4,1.3,0.48700000000000004,2.0,2.8,0.731,1.0,3.6,4.6,3.1,1.3,0.4,2.0,2.2,12.8,11.1,0.0
Zydrunas Ilgauskas,C,27,2432.0,0.441,12.8,2.7,1.2,3.2,29.2,102.0,105.0,19.4,0.516,14.1,10.1,27.8,5.0,-0.9,0.7,0.441,4.9,6.3,0.7809999999999999,3.0,4.6,7.5,1.6,0.7,1.9,2.6,3.4,17.2,13.9,0.0
Allen Iverson,SG,27,3485.0,0.414,5.2,6.8,3.4,0.2,34.1,103.0,102.0,21.2,0.5,5.8,25.1,32.9,9.2,2.8,4.2,0.436,7.0,9.0,0.774,0.8,3.4,4.2,5.5,2.7,0.2,3.5,1.8,27.6,23.7,83.0
Bobby Jackson,PG,29,1676.0,0.46399999999999997,6.6,5.5,2.1,0.1,26.9,109.0,101.0,18.4,0.561,7.0,17.7,23.8,5.5,2.4,1.9,0.525,2.1,2.5,0.846,1.0,2.7,3.7,3.1,1.2,0.1,1.8,2.1,15.2,12.4,0.0
Jim Jackson,SF,32,1309.0,0.442,10.1,4.5,1.2,0.2,18.7,100.0,102.0,12.4,0.501,10.7,13.6,19.1,2.5,-1.3,0.2,0.47600000000000003,0.7,0.9,0.855,1.3,2.8,4.2,1.9,0.5,0.1,1.3,2.1,7.7,7.3,0.0
Marc Jackson,C,28,1041.0,0.43799999999999994,11.3,1.9,1.2,1.5,21.1,103.0,104.0,13.4,0.508,12.2,5.4,20.6,2.0,-3.7,-0.4,0.44,1.5,1.9,0.765,1.1,1.8,2.9,0.5,0.3,0.4,0.8,1.8,5.5,4.5,0.0
Mark Jackson,PG,37,1467.0,0.39799999999999996,6.4,13.7,1.8,0.1,14.0,95.0,105.0,12.2,0.473,7.3,40.5,17.4,1.1,-3.7,-0.6,0.435,0.7,1.0,0.763,0.4,1.7,2.1,4.6,0.6,0.0,1.9,1.1,4.7,4.5,0.0
Stephen Jackson,SG,24,2254.0,0.435,6.8,4.3,3.0,0.7,22.4,99.0,99.0,14.5,0.526,7.4,14.1,22.1,4.8,1.7,2.1,0.493,1.7,2.3,0.76,0.8,2.8,3.6,2.3,1.6,0.4,2.2,2.5,11.8,10.2,0.0
Casey Jacobsen,SF,21,1147.0,0.373,3.8,3.3,1.6,0.3,16.8,100.0,107.0,9.2,0.493,4.1,9.8,16.7,1.2,-2.7,-0.2,0.45299999999999996,1.0,1.5,0.6859999999999999,0.4,0.8,1.2,1.0,0.5,0.1,0.8,1.3,5.1,4.5,0.0
Mike James,PG,27,1722.0,0.373,4.7,7.8,2.0,0.2,19.3,96.0,104.0,11.8,0.469,5.0,25.9,20.6,1.8,-1.5,0.2,0.43,1.3,1.8,0.732,0.3,1.6,1.9,3.2,0.8,0.1,1.4,2.3,7.8,7.5,0.0
Antawn Jamison,SF,26,3226.0,0.47,9.1,2.5,1.2,0.7,28.8,113.0,111.0,19.0,0.542,9.5,8.6,24.5,8.5,0.3,1.9,0.49200000000000005,4.6,5.8,0.789,2.4,4.7,7.0,1.9,0.9,0.5,2.2,2.4,22.2,17.9,0.0
Marko Jarić,SF,24,1379.0,0.401,6.1,7.4,3.7,0.4,18.7,99.0,104.0,14.4,0.498,6.6,23.8,19.5,1.9,0.6,0.9,0.461,1.2,1.6,0.752,0.5,1.9,2.4,2.9,1.5,0.2,1.6,1.9,7.4,6.8,0.0
Richard Jefferson,SF,22,2879.0,0.501,9.4,3.7,1.5,0.8,22.6,111.0,100.0,16.6,0.563,10.2,12.1,19.7,9.9,1.9,2.9,0.504,4.1,5.5,0.743,1.9,4.6,6.4,2.5,1.0,0.6,2.0,2.7,15.5,11.4,0.0
Ervin Johnson,C,35,1170.0,0.452,13.3,1.1,1.5,2.9,6.9,111.0,106.0,9.4,0.49200000000000005,14.7,2.9,7.5,1.9,-0.8,0.4,0.452,0.4,0.6,0.682,1.7,2.6,4.3,0.3,0.5,0.9,0.5,2.6,2.2,2.0,0.0
Joe Johnson,SG,21,2255.0,0.397,6.1,4.9,1.4,0.4,18.7,99.0,105.0,11.6,0.47200000000000003,6.6,15.1,19.1,2.8,-1.6,0.2,0.444,1.2,1.5,0.774,0.7,2.5,3.2,2.6,0.8,0.2,1.3,1.7,9.8,9.7,0.0
Eddie Jones,SG,31,1789.0,0.423,6.9,5.3,2.0,0.9,26.5,111.0,102.0,18.9,0.551,7.3,18.8,23.0,6.0,4.7,3.0,0.494,4.0,4.9,0.8220000000000001,0.7,4.1,4.8,3.7,1.4,0.7,1.8,2.9,18.5,14.6,0.0
Jumaine Jones,SF,23,2204.0,0.434,9.4,2.6,1.6,0.5,18.2,103.0,108.0,12.3,0.525,10.3,8.8,16.8,2.9,-1.3,0.4,0.512,0.7,1.0,0.687,1.3,3.7,5.1,1.4,0.8,0.3,1.3,2.2,9.8,8.9,0.0
Michael Jordan,SF,39,3031.0,0.445,8.9,5.6,2.2,0.7,29.5,101.0,103.0,19.3,0.491,9.7,21.1,28.7,6.2,1.0,2.3,0.45,3.2,4.0,0.821,0.9,5.2,6.1,3.8,1.5,0.5,2.1,2.1,20.0,18.6,0.0
Shawn Kemp,C,33,1633.0,0.418,14.2,1.7,2.1,1.0,17.0,95.0,102.0,11.7,0.46799999999999997,15.8,5.5,18.5,2.0,-4.0,-0.8,0.418,1.5,2.0,0.742,1.9,3.8,5.7,0.7,0.8,0.4,1.3,3.0,6.8,6.4,0.0
Jason Kidd,PG,29,2989.0,0.414,8.8,12.5,3.1,0.4,26.2,106.0,96.0,22.2,0.526,9.6,42.2,25.9,11.3,6.9,6.7,0.465,4.2,5.0,0.841,1.4,4.9,6.3,8.9,2.2,0.3,3.7,1.6,18.7,15.6,31.0
Andrei Kirilenko,SF,21,2213.0,0.491,10.2,3.4,2.9,4.3,23.4,116.0,98.0,21.1,0.598,11.5,10.6,19.6,9.2,6.6,4.8,0.519,3.7,4.6,0.8,1.8,3.4,5.3,1.7,1.5,2.2,1.7,2.3,12.0,8.0,0.0
Kerry Kittles,SG,28,1951.0,0.467,6.8,4.6,2.7,0.8,22.8,115.0,98.0,18.3,0.55,7.4,15.4,19.1,7.7,3.9,2.9,0.522,1.6,2.1,0.785,0.8,3.1,3.9,2.6,1.6,0.5,0.8,1.7,13.0,10.9,0.0
Toni Kukoč,PF,34,1704.0,0.43200000000000005,8.3,7.2,2.5,0.9,22.8,108.0,107.0,18.0,0.551,9.1,21.8,21.4,4.0,2.5,1.9,0.514,2.2,3.1,0.706,1.1,3.2,4.2,3.7,1.3,0.5,1.9,2.1,11.6,9.2,0.0
Christian Laettner,PF,33,2215.0,0.494,12.3,5.8,2.0,1.0,15.5,113.0,102.0,16.1,0.545,13.4,17.8,14.2,6.6,2.6,2.6,0.496,1.6,1.9,0.833,1.5,5.1,6.6,3.1,1.1,0.5,1.1,2.7,8.3,6.8,0.0
Raef LaFrentz,C,26,1611.0,0.518,10.6,1.7,1.1,2.9,20.6,118.0,102.0,16.5,0.578,11.3,5.3,16.9,5.8,2.7,1.9,0.563,0.9,1.3,0.682,1.8,3.0,4.8,0.8,0.5,1.3,0.7,3.8,9.3,7.4,0.0
Voshon Lenard,SG,29,1929.0,0.402,5.9,4.0,1.6,0.6,24.9,102.0,109.0,14.4,0.502,6.3,13.6,23.6,2.4,-1.5,0.2,0.45899999999999996,2.5,3.1,0.804,0.8,2.6,3.4,2.3,0.9,0.3,1.6,2.5,14.3,12.8,0.0
Rashard Lewis,SF,23,3044.0,0.452,9.0,2.4,1.8,0.6,25.0,108.0,105.0,16.7,0.537,9.7,7.9,22.2,7.8,0.9,2.3,0.484,3.7,4.5,0.82,2.0,4.6,6.5,1.7,1.3,0.5,1.9,2.7,18.1,14.9,0.0
Tyronn Lue,PG,25,1986.0,0.433,4.1,7.2,1.3,0.0,17.7,109.0,108.0,12.9,0.523,4.4,22.6,16.5,3.7,-1.9,0.0,0.485,1.2,1.4,0.875,0.3,1.7,2.0,3.5,0.6,0.0,1.0,2.0,8.6,7.6,0.0
George Lynch,SG,32,1497.0,0.409,12.7,3.7,2.4,0.7,13.0,106.0,100.0,12.9,0.46399999999999997,13.7,11.0,13.5,3.5,1.0,1.1,0.44799999999999995,0.5,0.9,0.5539999999999999,1.7,2.6,4.4,1.3,0.8,0.2,0.6,1.7,4.5,4.4,0.0
Corey Maggette,SG,23,2006.0,0.444,8.4,3.2,1.4,0.4,28.1,109.0,108.0,17.4,0.564,9.1,11.2,24.8,5.0,-0.2,0.9,0.484,5.1,6.3,0.802,1.2,3.8,5.0,1.9,0.9,0.3,2.3,3.0,16.8,12.1,0.0
Jamaal Magloire,C,24,2443.0,0.48,15.9,1.9,1.1,2.4,18.5,106.0,99.0,15.4,0.541,17.2,5.9,17.4,6.7,0.0,1.2,0.48,2.8,3.9,0.7170000000000001,3.2,5.7,8.8,1.1,0.6,1.4,1.9,3.4,10.3,7.7,0.0
Karl Malone,PF,39,2936.0,0.462,11.5,6.9,2.5,0.6,30.5,109.0,100.0,21.7,0.534,13.0,24.4,27.8,11.1,4.5,4.8,0.46299999999999997,5.9,7.7,0.763,1.4,6.4,7.8,4.7,1.7,0.4,2.6,2.5,20.6,15.9,0.0
Stephon Marbury,PG,25,3240.0,0.439,4.3,10.6,1.7,0.3,29.2,108.0,106.0,20.1,0.52,4.6,36.6,27.7,9.6,2.4,3.6,0.46799999999999997,4.6,5.8,0.8029999999999999,0.7,2.6,3.2,8.1,1.3,0.2,3.2,2.5,22.3,18.9,0.0
Shawn Marion,SF,24,3373.0,0.452,12.0,3.1,2.9,1.5,26.7,111.0,98.0,21.3,0.5379999999999999,13.0,10.4,23.3,13.0,5.5,6.4,0.5,3.1,3.6,0.851,2.5,7.1,9.5,2.4,2.3,1.2,1.9,2.6,21.2,18.1,0.0
Donyell Marshall,PF,29,2378.0,0.45899999999999996,15.1,3.0,2.0,1.8,22.5,105.0,102.0,18.4,0.513,16.2,10.0,21.5,6.0,1.8,2.3,0.47700000000000004,2.1,2.8,0.7559999999999999,3.0,6.0,9.0,1.8,1.2,1.1,1.7,3.0,13.4,11.8,0.0
Kenyon Martin,PF,25,2628.0,0.47,12.8,3.7,2.0,1.4,25.6,100.0,96.0,16.9,0.511,13.9,13.0,24.8,7.1,1.2,2.1,0.475,3.3,5.1,0.653,2.1,6.2,8.3,2.4,1.3,0.9,2.5,3.8,16.7,14.1,0.0
Jamal Mashburn,SF,30,3321.0,0.42200000000000004,8.1,7.5,1.3,0.3,28.7,105.0,103.0,18.0,0.507,8.7,26.2,27.1,9.0,2.0,3.3,0.46,3.8,4.5,0.848,0.8,5.3,6.1,5.6,1.0,0.2,2.8,2.4,21.6,19.3,1.0
Anthony Mason,C,36,2119.0,0.486,10.4,5.2,0.8,0.3,11.7,111.0,110.0,11.3,0.524,11.5,14.6,11.5,3.1,-0.9,0.6,0.486,1.3,1.8,0.718,1.4,5.0,6.4,3.2,0.5,0.2,1.2,2.3,7.2,6.0,0.0
Desmond Mason,SF,25,2763.0,0.449,10.2,3.2,1.3,0.6,22.4,105.0,106.0,15.2,0.502,11.1,10.2,21.3,5.2,-1.1,0.6,0.46,2.7,3.5,0.7490000000000001,1.9,4.6,6.5,2.0,0.8,0.4,1.4,2.6,14.3,12.7,0.0
Walter McCarty,SF,28,1949.0,0.414,7.8,2.9,2.1,0.8,13.5,106.0,102.0,10.8,0.54,8.4,9.2,12.6,4.1,-0.3,0.9,0.523,0.7,1.2,0.622,0.8,2.7,3.5,1.3,1.0,0.3,0.8,2.3,6.1,5.1,0.0
Jelani McCoy,C,25,1367.0,0.491,13.9,1.7,1.1,2.3,17.9,94.0,104.0,12.4,0.507,14.8,5.5,18.3,1.0,-4.5,-0.9,0.491,1.0,1.9,0.5479999999999999,1.4,3.9,5.3,0.6,0.4,0.9,1.4,2.4,6.8,5.9,0.0
Tracy McGrady,SG,23,2954.0,0.457,8.5,7.2,2.2,1.0,42.0,116.0,104.0,30.3,0.564,9.5,30.0,35.2,16.1,9.7,8.7,0.505,7.7,9.7,0.7929999999999999,1.6,4.9,6.5,5.5,1.7,0.8,2.6,2.1,32.1,24.2,427.0
Jeff McInnis,PG,28,1311.0,0.444,4.0,7.0,0.9,0.1,17.7,99.0,108.0,10.0,0.47700000000000004,4.5,21.3,18.6,1.1,-5.1,-1.0,0.452,0.7,0.9,0.746,0.3,1.0,1.3,2.3,0.3,0.0,1.0,1.6,5.8,5.6,0.0
Aaron McKie,SF,30,2374.0,0.429,7.7,6.1,2.9,0.2,15.9,104.0,102.0,13.7,0.49700000000000005,8.7,18.6,15.8,5.1,1.4,2.0,0.457,1.4,1.7,0.836,0.8,3.6,4.4,3.5,1.6,0.1,1.4,2.2,9.0,8.3,0.0
Ron Mercer,SG,26,1671.0,0.409,4.8,3.5,1.5,0.4,17.4,94.0,104.0,9.3,0.439,5.2,11.5,18.6,1.3,-4.2,-0.9,0.41100000000000003,0.9,1.1,0.802,0.4,1.7,2.1,1.6,0.7,0.2,0.8,1.7,7.7,8.3,0.0
Darius Miles,SF,21,2008.0,0.41,9.2,4.5,1.7,1.8,15.7,84.0,106.0,9.7,0.435,10.1,14.9,19.2,-1.3,-3.6,-0.8,0.41,1.4,2.3,0.594,1.7,3.7,5.4,2.6,1.0,1.0,2.7,2.4,9.2,9.6,0.0
Andre Miller,PG,26,2913.0,0.406,5.7,9.7,1.8,0.2,19.6,105.0,109.0,15.2,0.495,6.1,31.3,20.3,4.6,-0.5,1.1,0.419,3.9,4.9,0.795,1.1,2.9,4.0,6.7,1.2,0.1,2.6,2.5,13.6,11.6,0.0
Brad Miller,C,26,2270.0,0.493,13.9,4.5,1.5,1.0,22.1,118.0,100.0,19.3,0.579,14.9,14.5,18.7,9.6,3.8,3.3,0.49700000000000005,4.0,4.9,0.818,2.5,5.7,8.3,2.6,0.9,0.6,1.6,2.8,13.1,9.1,0.0
Mike Miller,SF,22,2186.0,0.434,8.0,4.0,1.0,0.5,23.9,105.0,107.0,14.7,0.537,8.9,13.5,21.8,4.0,-0.7,0.7,0.498,2.4,2.9,0.8390000000000001,0.7,4.5,5.2,2.6,0.6,0.3,1.9,2.7,15.6,13.2,0.0
Reggie Miller,SG,37,2117.0,0.441,4.3,4.2,1.5,0.1,21.8,122.0,105.0,15.9,0.597,4.6,13.4,17.2,7.4,1.9,2.1,0.53,3.0,3.3,0.9,0.3,2.2,2.5,2.4,0.9,0.1,0.9,1.3,12.6,9.1,0.0
Yao Ming,C,22,2382.0,0.498,15.3,3.1,0.7,3.3,25.1,111.0,100.0,20.6,0.57,16.3,10.6,22.1,8.7,1.9,2.4,0.499,3.7,4.5,0.8109999999999999,2.4,5.8,8.2,1.7,0.4,1.8,2.1,2.8,13.5,9.8,0.0
Cuttino Mobley,SG,27,3044.0,0.434,5.4,3.7,1.7,0.6,22.7,107.0,105.0,14.7,0.537,5.7,12.2,20.6,6.9,1.3,2.5,0.486,3.3,3.9,0.858,1.0,3.2,4.2,2.8,1.3,0.5,2.3,2.5,17.5,14.6,0.0
Troy Murphy,PF,22,2510.0,0.451,16.4,2.2,1.3,0.6,18.7,113.0,107.0,15.9,0.526,17.1,6.6,16.7,6.4,-0.7,0.8,0.45299999999999996,3.1,3.7,0.841,2.9,7.3,10.2,1.3,0.8,0.4,1.4,3.1,11.7,9.5,0.0
Eduardo Nájera,SF,26,1103.0,0.5579999999999999,10.5,2.2,1.9,1.0,15.0,127.0,102.0,14.8,0.59,11.1,6.2,12.1,4.0,2.7,1.3,0.5579999999999999,1.3,1.9,0.6809999999999999,1.9,2.8,4.6,1.0,0.8,0.5,0.5,2.7,6.7,4.8,0.0
Steve Nash,PG,28,2711.0,0.465,4.5,11.4,1.6,0.1,27.8,118.0,106.0,22.6,0.5760000000000001,4.8,36.3,24.4,11.6,3.3,3.7,0.515,3.8,4.1,0.909,0.8,2.1,2.9,7.3,1.0,0.1,2.3,1.6,17.7,13.6,1.0
Rasho Nesterović,C,26,2337.0,0.525,11.3,2.5,0.9,2.6,19.2,106.0,103.0,14.7,0.536,12.2,7.7,17.5,5.2,0.6,1.6,0.525,0.8,1.2,0.642,1.9,4.6,6.5,1.5,0.5,1.5,1.3,3.3,11.2,9.9,0.0
Ira Newble,SF,28,1931.0,0.495,7.4,2.7,1.4,0.7,15.4,111.0,109.0,11.7,0.557,8.0,8.6,13.7,3.3,-0.9,0.5,0.529,1.0,1.2,0.778,1.2,2.5,3.7,1.4,0.7,0.4,0.9,2.4,7.7,6.4,0.0
Moochie Norris,PG,29,1375.0,0.406,6.3,7.7,2.2,0.2,14.0,99.0,104.0,11.8,0.47,6.7,23.2,15.6,1.7,-2.4,-0.1,0.423,1.0,1.4,0.684,0.5,1.5,1.9,2.4,0.7,0.0,1.0,0.9,4.4,4.0,0.0
Dirk Nowitzki,PF,24,3117.0,0.46299999999999997,13.2,4.0,1.8,1.4,33.5,117.0,98.0,25.6,0.581,14.0,13.3,27.4,16.1,5.7,6.1,0.513,6.0,6.9,0.8809999999999999,1.0,8.9,9.9,3.0,1.4,1.0,1.9,2.6,25.1,18.6,43.0
Jermaine O'Neal,PF,24,2864.0,0.484,14.6,2.8,1.2,3.3,29.3,107.0,97.0,21.4,0.539,15.6,10.4,26.2,10.5,2.6,3.3,0.48700000000000004,4.8,6.6,0.731,2.6,7.7,10.3,2.0,0.9,2.3,2.3,3.6,20.8,16.4,0.0
Shaquille O'Neal,C,30,2535.0,0.574,15.2,4.2,0.8,3.3,37.7,117.0,102.0,29.5,0.602,16.5,16.2,30.2,13.2,6.3,5.3,0.574,6.7,10.8,0.622,3.9,7.2,11.1,3.1,0.6,2.4,2.9,3.4,27.5,18.1,126.0
Lamar Odom,SF,23,1679.0,0.439,10.2,5.6,1.3,1.3,22.3,99.0,106.0,14.6,0.519,11.0,19.0,22.3,2.2,0.3,1.0,0.473,2.8,3.6,0.777,1.2,5.4,6.7,3.6,0.9,0.8,2.9,3.7,14.6,12.5,0.0
Mehmet Okur,PF,23,1366.0,0.426,13.6,2.9,1.0,1.6,20.0,106.0,99.0,14.8,0.514,14.5,9.5,19.3,3.8,0.1,0.7,0.47,1.3,1.8,0.733,1.6,3.0,4.7,1.0,0.3,0.5,0.9,2.3,6.9,5.9,0.0
Kevin Ollie,PG,30,1897.0,0.451,5.1,8.2,2.0,0.1,15.1,112.0,109.0,13.7,0.514,5.6,23.8,14.6,3.8,-2.4,-0.2,0.45399999999999996,1.6,2.2,0.753,0.3,1.9,2.2,3.5,0.8,0.1,0.9,1.5,6.5,5.4,0.0
Michael Olowokandi,C,27,1369.0,0.42700000000000005,12.6,1.8,0.7,3.0,16.9,86.0,104.0,10.5,0.457,13.6,5.9,19.2,-0.2,-3.9,-0.7,0.42700000000000005,1.9,2.9,0.657,1.6,7.5,9.1,1.3,0.5,2.2,2.7,3.1,12.3,12.1,0.0
Greg Ostertag,C,29,1926.0,0.518,14.0,1.5,0.6,4.1,12.2,101.0,101.0,11.5,0.531,15.8,4.4,12.3,3.4,0.4,1.2,0.518,1.2,2.4,0.51,2.2,4.0,6.2,0.7,0.2,1.8,1.3,2.9,5.4,4.0,0.0
Bo Outlaw,C,31,1800.0,0.55,10.7,3.3,1.5,2.1,11.0,113.0,102.0,12.2,0.574,11.6,9.2,10.1,4.4,1.9,1.8,0.55,0.9,1.5,0.621,1.7,2.9,4.6,1.4,0.6,0.9,1.0,2.4,4.7,3.5,0.0
Scott Padgett,PF,26,1321.0,0.402,11.1,3.5,1.7,1.0,19.0,102.0,103.0,12.4,0.496,12.5,10.8,18.8,2.5,-0.6,0.5,0.455,1.0,1.3,0.757,1.0,2.3,3.3,1.0,0.5,0.3,0.9,1.8,5.7,5.2,0.0
Milt Palacio,PG,24,1976.0,0.418,6.1,6.7,1.8,0.4,10.3,92.0,109.0,8.2,0.466,6.7,20.6,12.2,0.2,-4.3,-1.1,0.428,0.8,1.1,0.747,0.6,2.3,2.9,3.2,0.9,0.2,1.6,2.1,5.0,4.9,0.0
Smush Parker,PG,21,1103.0,0.402,5.5,7.5,2.2,0.6,18.9,92.0,108.0,11.3,0.523,6.0,24.7,20.6,0.1,-4.4,-0.7,0.45899999999999996,1.5,1.8,0.831,0.4,1.4,1.8,2.5,0.7,0.2,2.0,1.6,6.2,5.1,0.0
Tony Parker,PG,20,2774.0,0.46399999999999997,4.2,8.3,1.4,0.1,24.4,108.0,104.0,16.5,0.542,4.5,27.9,22.9,7.7,0.3,1.6,0.503,2.7,3.5,0.755,0.4,2.2,2.6,5.3,0.9,0.0,2.4,2.1,15.5,12.7,0.0
Ruben Patterson,SF,27,1655.0,0.49200000000000005,8.6,3.3,2.4,0.9,21.1,102.0,103.0,14.5,0.53,9.6,10.2,20.4,3.2,-0.1,0.8,0.495,1.8,2.8,0.627,1.5,1.8,3.4,1.3,0.9,0.4,1.5,2.1,8.3,6.6,0.0
Gary Payton,PG,34,3208.0,0.45399999999999996,5.6,11.2,2.2,0.3,27.5,108.0,107.0,21.1,0.504,6.1,38.9,26.4,9.1,3.2,4.2,0.47200000000000003,3.1,4.4,0.71,1.0,3.2,4.2,8.3,1.7,0.3,2.3,2.3,20.4,18.3,0.0
Anthony Peeler,SG,33,2245.0,0.414,5.6,5.7,1.7,0.3,14.7,104.0,106.0,11.0,0.499,6.1,15.8,14.4,3.4,-0.4,0.9,0.485,0.5,0.6,0.78,0.5,2.5,2.9,3.0,0.9,0.2,1.0,2.0,7.7,7.4,0.0
Wesley Person,SG,31,1941.0,0.456,5.1,3.0,1.1,0.5,19.4,112.0,111.0,13.5,0.565,5.6,9.3,16.2,3.3,-0.3,0.8,0.539,1.2,1.5,0.8140000000000001,0.4,2.5,2.9,1.7,0.6,0.3,0.8,1.0,11.0,9.1,0.0
Morris Peterson,SF,25,2949.0,0.392,6.6,3.4,1.6,0.6,20.9,101.0,109.0,12.6,0.488,7.0,11.1,20.3,3.2,-1.1,0.7,0.446,2.4,3.0,0.789,1.2,3.2,4.4,2.3,1.1,0.4,1.6,2.8,14.1,13.1,0.0
Eric Piatkowski,SG,32,1360.0,0.47100000000000003,6.0,2.7,1.3,0.3,23.2,118.0,110.0,16.0,0.601,6.5,9.1,18.5,3.6,0.2,0.8,0.561,1.6,2.0,0.828,0.7,1.8,2.5,1.1,0.5,0.1,0.9,1.5,9.7,7.2,0.0
Paul Pierce,SG,25,3096.0,0.41600000000000004,9.9,6.0,2.4,1.1,34.9,104.0,100.0,22.7,0.532,10.6,24.2,33.2,10.1,4.2,4.9,0.45399999999999996,7.6,9.5,0.802,1.3,6.0,7.3,4.4,1.8,0.8,3.6,2.9,25.9,20.2,1.0
Scottie Pippen,SF,37,1911.0,0.444,7.8,8.0,3.0,0.7,19.4,100.0,101.0,15.3,0.52,8.8,24.3,20.0,3.8,2.0,1.9,0.47600000000000003,1.9,2.3,0.818,0.9,3.5,4.3,4.5,1.6,0.4,2.6,2.3,10.8,9.3,0.0
James Posey,SF,26,2518.0,0.41100000000000003,9.1,3.9,2.3,0.3,19.0,103.0,102.0,13.5,0.519,9.8,12.7,18.1,5.4,0.7,1.7,0.457,2.5,3.0,0.833,1.1,4.0,5.1,2.2,1.3,0.2,1.7,2.4,10.8,9.1,0.0
Vladimir Radmanović,PF,22,1910.0,0.41,9.2,2.8,1.8,0.6,20.7,99.0,104.0,13.0,0.508,10.0,8.7,20.0,2.7,-0.8,0.6,0.488,1.0,1.4,0.706,1.1,3.4,4.5,1.3,0.9,0.3,1.4,1.9,10.1,9.3,0.0
Zach Randolph,PF,21,1301.0,0.513,14.2,1.7,1.7,0.6,26.8,113.0,102.0,19.9,0.555,15.9,5.7,23.0,4.8,-1.1,0.3,0.513,1.6,2.1,0.758,1.8,2.6,4.5,0.5,0.5,0.2,0.8,1.8,8.4,6.7,0.0
Theo Ratliff,C,29,2518.0,0.46399999999999997,12.7,1.5,1.2,5.5,14.8,98.0,101.0,13.8,0.512,13.7,4.8,15.0,4.0,0.0,1.2,0.46399999999999997,1.9,2.6,0.72,1.9,5.6,7.5,0.9,0.7,3.2,1.7,3.3,8.7,7.3,0.0
Michael Redd,SG,23,2316.0,0.469,8.5,2.7,2.3,0.3,28.5,118.0,108.0,21.0,0.59,9.4,8.9,22.6,8.0,2.5,2.6,0.562,1.8,2.3,0.805,1.2,3.3,4.5,1.4,1.2,0.2,0.9,1.7,15.1,11.8,0.0
Glen Rice,SF,35,1532.0,0.429,5.4,2.3,0.8,0.2,19.6,112.0,108.0,11.9,0.563,5.8,7.3,16.5,3.3,-1.0,0.4,0.539,1.0,1.3,0.759,0.5,2.0,2.5,1.0,0.4,0.1,0.9,1.6,9.0,7.4,0.0
Jason Richardson,SG,22,2698.0,0.41,7.1,4.7,1.7,0.4,24.2,105.0,111.0,14.8,0.501,7.5,15.3,23.0,3.7,-0.4,1.1,0.46299999999999997,2.5,3.3,0.764,1.4,3.3,4.6,3.0,1.1,0.3,2.2,2.5,15.6,14.2,0.0
Quentin Richardson,SG,22,1368.0,0.37200000000000005,10.8,2.0,1.3,0.4,21.2,97.0,108.0,12.5,0.46,11.6,6.7,22.0,1.0,-3.5,-0.5,0.428,1.4,2.1,0.685,1.7,3.1,4.8,0.9,0.6,0.2,1.1,1.6,9.4,9.3,0.0
Clifford Robinson,PF,36,2825.0,0.39799999999999996,6.2,5.2,1.7,1.7,19.4,97.0,101.0,12.4,0.47700000000000004,6.7,17.4,20.4,4.4,0.8,2.0,0.444,2.0,2.9,0.6759999999999999,1.0,2.9,3.9,3.3,1.1,1.1,2.0,3.2,12.2,11.5,0.0
David Robinson,C,37,1676.0,0.469,16.2,1.9,1.7,3.5,17.4,109.0,95.0,17.8,0.531,17.6,5.9,16.5,6.0,2.1,1.7,0.469,2.4,3.3,0.71,2.5,5.4,7.9,1.0,0.8,1.7,1.3,2.0,8.5,6.6,0.0
Eddie Robinson,SF,26,1355.0,0.49200000000000005,7.6,2.5,2.3,0.5,13.8,106.0,106.0,11.5,0.531,8.2,7.7,12.9,2.2,-0.6,0.5,0.49700000000000005,0.8,1.0,0.81,1.2,1.9,3.1,1.0,1.0,0.2,0.8,1.9,5.7,4.9,0.0
Glenn Robinson,SF,30,2591.0,0.43200000000000005,9.3,4.2,1.9,0.5,29.2,98.0,106.0,16.7,0.519,10.0,15.5,28.8,2.9,-1.0,0.7,0.46799999999999997,3.9,4.4,0.8759999999999999,1.2,5.4,6.6,3.0,1.3,0.4,3.6,2.7,20.8,18.1,0.0
Rodney Rogers,PF,31,1303.0,0.402,10.6,4.3,2.0,1.2,19.2,94.0,97.0,11.7,0.483,11.5,13.8,20.3,2.3,-0.6,0.5,0.451,1.0,1.3,0.7559999999999999,0.9,3.0,3.9,1.6,0.7,0.5,1.3,2.8,7.0,6.7,0.0
Sean Rooks,C,33,1344.0,0.42100000000000004,8.4,2.7,1.3,1.7,11.6,92.0,107.0,7.7,0.46,9.1,8.2,13.1,0.4,-3.4,-0.5,0.42100000000000004,0.7,0.8,0.81,0.8,2.3,3.1,1.0,0.5,0.6,0.9,2.5,4.2,4.2,0.0
Jalen Rose,SF,30,3351.0,0.406,5.4,6.0,1.1,0.4,27.8,100.0,109.0,14.9,0.508,5.8,21.1,27.4,3.6,-0.8,1.0,0.44799999999999995,4.9,5.7,0.8540000000000001,0.8,3.5,4.3,4.8,0.9,0.3,3.5,3.3,22.1,19.3,0.0
Malik Rose,PF,28,1933.0,0.45899999999999996,14.0,3.4,1.6,1.1,22.7,102.0,98.0,16.1,0.5379999999999999,15.2,11.0,22.4,5.2,-0.2,0.9,0.46,3.1,3.9,0.7909999999999999,1.9,4.5,6.4,1.6,0.7,0.5,2.2,2.6,10.4,8.0,0.0
Bryon Russell,SF,32,1388.0,0.353,8.2,2.8,2.7,0.3,12.4,95.0,103.0,9.1,0.46799999999999997,8.9,8.2,13.3,1.5,-1.2,0.3,0.428,0.8,1.0,0.768,0.6,2.4,3.0,1.0,1.0,0.1,0.8,1.9,4.5,4.4,0.0
Arvydas Sabonis,C,38,1209.0,0.47600000000000003,14.9,6.3,2.7,2.2,21.1,113.0,97.0,20.5,0.5489999999999999,16.7,19.3,19.4,4.9,4.1,1.9,0.48100000000000004,1.7,2.1,0.787,1.1,3.2,4.3,1.8,0.8,0.6,1.0,1.8,6.1,4.6,0.0
Jeryl Sasser,SG,23,1025.0,0.309,9.3,3.3,2.3,0.6,9.8,93.0,105.0,8.3,0.402,10.3,9.3,12.2,0.8,-2.7,-0.2,0.341,0.7,1.0,0.679,0.9,1.6,2.5,0.9,0.6,0.2,0.5,1.2,2.6,2.8,0.0
Brian Skinner,PF,26,1381.0,0.55,13.9,0.7,1.8,2.0,17.5,112.0,101.0,15.4,0.574,15.6,2.2,15.1,4.1,-1.3,0.3,0.55,1.3,2.1,0.602,1.8,3.0,4.8,0.2,0.6,0.7,0.8,2.3,6.0,4.3,0.0
Joe Smith,SF,27,1117.0,0.46,12.6,1.8,0.7,2.6,18.9,111.0,104.0,14.3,0.524,13.7,5.1,17.4,3.0,-0.9,0.3,0.46,1.9,2.4,0.779,2.1,2.9,5.0,0.7,0.3,1.0,0.8,3.2,7.5,6.1,0.0
Steve Smith,SG,33,1032.0,0.38799999999999996,5.1,3.6,1.4,0.5,18.6,109.0,103.0,12.0,0.528,5.6,10.9,17.3,2.5,-1.0,0.3,0.455,1.8,2.2,0.833,0.4,1.5,1.9,1.3,0.5,0.2,0.8,1.5,6.8,5.5,0.0
Eric Snow,PG,29,3108.0,0.452,5.1,9.2,2.2,0.2,17.8,112.0,105.0,15.6,0.546,5.7,27.6,16.8,8.4,0.9,2.3,0.456,4.0,4.6,0.858,0.9,2.8,3.7,6.6,1.6,0.1,2.4,2.9,12.9,9.7,0.0
Latrell Sprewell,SF,32,2859.0,0.40299999999999997,5.3,6.1,1.9,0.4,22.5,99.0,107.0,14.3,0.49700000000000005,5.9,19.7,22.6,3.2,0.5,1.8,0.462,2.3,2.9,0.794,0.6,3.2,3.9,4.5,1.4,0.3,2.3,1.8,16.4,15.2,0.0
Jerry Stackhouse,SG,28,2747.0,0.409,5.1,6.3,1.3,0.6,29.9,106.0,108.0,18.7,0.528,5.6,21.7,27.9,6.5,0.7,1.9,0.43799999999999994,6.5,7.4,0.878,0.9,2.8,3.7,4.5,0.9,0.4,2.8,1.9,21.5,17.2,0.0
Vladimir Stepania,C,26,1594.0,0.433,19.0,0.8,1.5,1.4,15.1,97.0,99.0,13.6,0.45399999999999996,20.1,2.7,16.4,2.9,-3.5,-0.6,0.433,0.9,1.7,0.53,2.7,4.3,7.0,0.3,0.6,0.5,0.9,2.1,5.6,5.4,0.0
John Stockton,PG,40,2275.0,0.483,4.7,14.9,3.2,0.4,20.9,117.0,103.0,21.0,0.5770000000000001,5.4,46.4,19.2,9.0,2.0,2.3,0.505,2.9,3.5,0.826,0.6,1.8,2.5,7.7,1.7,0.2,2.2,2.2,10.8,7.8,0.0
Peja Stojaković,SF,25,2450.0,0.48100000000000004,8.2,2.9,1.5,0.1,28.4,117.0,101.0,19.6,0.6,8.7,9.4,22.5,10.1,3.1,3.1,0.556,3.2,3.7,0.875,0.8,4.7,5.5,2.0,1.0,0.1,1.4,2.0,19.2,14.4,0.0
Damon Stoudamire,PG,29,1315.0,0.376,6.3,8.3,1.6,0.2,16.7,99.0,106.0,12.1,0.46,7.1,24.5,18.5,1.6,-1.9,0.0,0.429,0.9,1.1,0.7909999999999999,0.7,1.9,2.6,3.5,0.7,0.1,1.4,1.1,6.9,7.0,0.0
Amar'e Stoudemire,PF,20,2570.0,0.47200000000000003,14.7,1.6,1.3,1.8,22.6,103.0,101.0,16.2,0.53,15.9,5.0,21.5,6.2,-1.1,0.6,0.473,3.9,5.9,0.6609999999999999,3.0,5.7,8.8,1.0,0.8,1.1,2.3,3.3,13.5,10.1,0.0
Erick Strickland,SG,29,1275.0,0.429,6.0,8.6,1.6,0.3,18.8,104.0,104.0,13.5,0.547,6.4,27.2,18.3,2.7,-1.0,0.3,0.511,1.0,1.2,0.805,0.3,1.7,2.0,2.9,0.5,0.1,1.4,1.6,6.5,5.4,0.0
Bob Sura,SG,29,1130.0,0.41200000000000003,7.5,8.0,2.0,0.1,18.1,107.0,111.0,14.2,0.51,7.9,23.9,17.9,1.8,-0.6,0.4,0.45399999999999996,1.9,2.7,0.696,1.1,2.0,3.0,3.2,0.8,0.0,1.5,2.0,7.3,6.0,0.0
Stromile Swift,PF,23,1478.0,0.48100000000000004,13.5,1.6,1.9,3.6,22.7,104.0,103.0,18.0,0.542,14.6,5.0,21.2,3.3,-0.9,0.4,0.48100000000000004,2.6,3.7,0.722,1.7,4.0,5.7,0.7,0.8,1.6,1.5,2.3,9.7,7.3,0.0
Wally Szczerbiak,SF,25,1836.0,0.48100000000000004,6.9,3.9,1.3,0.6,26.0,112.0,106.0,17.3,0.5670000000000001,7.4,12.2,22.0,5.2,1.4,1.6,0.523,2.9,3.3,0.867,1.0,3.6,4.6,2.6,0.8,0.4,1.7,2.4,17.6,14.0,0.0
Maurice Taylor,PF,26,1377.0,0.43200000000000005,9.3,2.6,0.9,0.9,22.1,94.0,106.0,11.5,0.47200000000000003,10.0,8.8,23.3,0.9,-4.8,-1.0,0.43200000000000005,1.5,2.1,0.725,1.4,2.1,3.6,1.0,0.3,0.3,1.5,2.3,8.4,8.0,0.0
Jason Terry,PG,25,3081.0,0.428,4.8,10.3,2.2,0.2,23.9,109.0,108.0,18.2,0.5489999999999999,5.2,34.8,22.6,7.4,1.4,2.6,0.498,3.2,3.6,0.887,0.5,3.0,3.4,7.4,1.6,0.2,3.1,2.2,17.2,14.1,0.0
Kenny Thomas,PF,25,1978.0,0.465,14.2,3.0,1.7,0.7,17.9,105.0,102.0,14.9,0.517,15.6,9.4,17.4,4.6,0.2,1.1,0.465,2.2,3.0,0.746,2.8,5.2,8.0,1.7,0.9,0.4,1.8,2.6,10.1,8.5,0.0
Kurt Thomas,C,30,2577.0,0.483,13.1,3.3,1.7,2.0,23.3,102.0,102.0,16.7,0.511,14.5,11.3,22.4,5.4,0.9,1.9,0.484,1.7,2.3,0.75,2.0,5.9,7.9,2.0,1.0,1.2,1.7,4.2,14.0,12.7,0.0
Tim Thomas,SF,25,2358.0,0.44299999999999995,8.8,2.3,1.6,1.1,24.0,101.0,108.0,14.3,0.527,9.7,7.3,22.6,2.9,-2.0,0.0,0.495,1.8,2.3,0.78,1.2,3.7,4.9,1.3,0.9,0.6,1.7,3.2,13.3,11.6,0.0
Jamaal Tinsley,PG,24,2237.0,0.396,6.1,12.8,2.9,0.4,13.3,98.0,101.0,13.4,0.46799999999999997,6.5,38.7,16.1,3.7,-0.3,1.0,0.43700000000000006,1.1,1.5,0.7140000000000001,0.8,2.8,3.6,7.5,1.7,0.2,2.6,2.8,7.8,7.6,0.0
Gary Trent,SF,28,1222.0,0.535,12.4,3.3,1.4,1.0,20.3,110.0,104.0,15.9,0.5489999999999999,13.5,10.0,18.3,3.3,-0.1,0.6,0.535,0.8,1.3,0.594,1.3,2.3,3.6,1.0,0.4,0.3,0.7,1.8,6.0,4.9,0.0
Nikoloz Tskitishvili,SF,19,1320.0,0.293,7.2,3.6,1.2,1.2,12.6,79.0,104.0,4.9,0.374,8.0,11.6,17.0,-1.0,-5.3,-1.1,0.34,0.6,0.8,0.738,0.8,1.4,2.2,1.1,0.4,0.4,1.0,1.7,3.9,4.9,0.0
Hedo Türkoğlu,SF,23,1175.0,0.42200000000000004,8.1,3.7,1.1,0.5,19.1,104.0,102.0,12.0,0.509,8.6,10.9,18.4,2.6,-2.2,-0.1,0.45899999999999996,1.3,1.6,0.8,0.5,2.3,2.8,1.3,0.4,0.2,0.7,1.9,6.7,5.8,0.0
Nick Van Exel,SG,31,2026.0,0.41200000000000003,5.3,8.0,1.1,0.1,23.3,104.0,107.0,15.6,0.51,5.7,24.4,22.8,4.0,-0.3,0.9,0.483,1.5,2.0,0.764,0.5,2.4,2.8,4.3,0.6,0.1,1.7,1.2,12.5,11.4,0.0
Keith Van Horn,PF,27,2337.0,0.48200000000000004,11.8,2.1,1.4,0.7,26.4,107.0,103.0,17.3,0.556,13.2,7.2,23.2,6.5,0.0,1.2,0.516,2.6,3.2,0.804,2.1,4.9,7.1,1.3,0.9,0.4,2.0,3.4,15.9,12.9,0.0
Jacque Vaughn,PG,27,1686.0,0.44799999999999995,3.6,7.1,2.0,0.1,14.5,103.0,108.0,10.5,0.508,4.0,21.7,14.9,2.0,-4.1,-0.9,0.457,1.2,1.6,0.7759999999999999,0.3,1.2,1.5,2.9,0.8,0.0,1.2,2.1,5.9,5.1,0.0
Dajuan Wagner,SG,19,1385.0,0.369,3.0,4.8,1.4,0.3,23.2,96.0,111.0,10.9,0.466,3.3,16.8,23.8,0.3,-5.2,-1.1,0.414,2.7,3.4,0.8,0.4,1.3,1.7,2.8,0.8,0.1,1.8,2.3,13.4,12.9,0.0
Antoine Walker,PF,26,3235.0,0.38799999999999996,9.2,6.1,1.9,0.5,25.6,92.0,101.0,14.6,0.467,9.9,23.3,27.9,2.6,0.3,1.9,0.449,2.3,3.7,0.615,1.3,5.9,7.2,4.8,1.5,0.4,3.3,2.8,20.1,19.9,0.0
Samaki Walker,C,26,1243.0,0.42,15.4,2.7,0.8,2.3,12.4,101.0,103.0,11.6,0.465,16.7,7.5,13.4,2.1,-2.6,-0.2,0.42,1.0,1.5,0.653,1.7,3.8,5.5,1.0,0.3,0.8,0.8,2.1,4.4,4.1,0.0
Ben Wallace,C,28,2873.0,0.48100000000000004,21.7,2.3,2.0,4.4,9.7,108.0,90.0,17.2,0.486,23.2,6.9,10.2,10.6,5.1,5.1,0.48200000000000004,1.2,2.6,0.45,4.0,11.4,15.4,1.6,1.4,3.2,1.2,2.5,6.9,6.0,33.0
Rasheed Wallace,PF,28,2684.0,0.47100000000000003,11.0,3.1,1.4,1.5,26.8,109.0,102.0,18.5,0.552,12.3,10.2,23.3,8.5,2.4,3.0,0.521,2.7,3.7,0.735,1.5,5.9,7.4,2.1,0.9,1.0,1.9,3.0,18.1,14.8,0.0
Charlie Ward,PG,32,1465.0,0.39899999999999997,6.4,11.0,2.8,0.4,17.0,109.0,105.0,15.9,0.54,7.1,32.9,16.8,3.7,2.1,1.5,0.521,0.6,0.8,0.774,0.4,2.3,2.7,4.6,1.2,0.2,1.4,2.2,7.2,6.3,0.0
Earl Watson,PG,23,1366.0,0.435,6.2,8.5,3.4,0.5,16.4,103.0,106.0,14.6,0.505,6.7,25.7,17.0,2.3,0.2,0.8,0.474,0.8,1.1,0.721,0.6,1.5,2.1,2.8,1.1,0.2,1.1,1.7,5.5,4.9,0.0
Clarence Weatherspoon,PF,32,2024.0,0.449,15.7,1.8,1.8,0.9,13.6,114.0,103.0,14.5,0.522,17.4,5.1,12.8,5.5,0.5,1.3,0.449,1.9,2.5,0.768,2.7,4.9,7.6,0.9,0.9,0.5,0.8,2.2,6.6,5.2,0.0
Chris Webber,PF,29,2622.0,0.461,13.5,7.0,2.0,1.7,29.6,99.0,96.0,20.9,0.485,14.4,24.6,30.4,6.9,3.8,3.8,0.46299999999999997,3.2,5.3,0.607,2.4,8.1,10.5,5.4,1.6,1.3,3.2,3.0,23.0,21.4,19.0
Bonzi Wells,SG,26,2396.0,0.441,8.8,5.5,2.8,0.4,25.5,98.0,101.0,15.7,0.505,9.9,18.0,25.9,4.0,0.7,1.6,0.461,3.0,4.2,0.722,1.3,3.9,5.3,3.3,1.6,0.2,2.9,2.9,15.2,13.2,0.0
David Wesley,SG,32,2710.0,0.433,3.5,5.0,2.2,0.2,24.1,109.0,105.0,15.1,0.5329999999999999,3.8,16.4,21.4,7.0,0.8,1.9,0.498,2.5,3.2,0.7809999999999999,0.5,1.9,2.4,3.4,1.5,0.1,1.8,2.4,16.7,14.2,0.0
Rodney White,SG,22,1563.0,0.408,7.2,4.1,1.5,1.1,21.9,86.0,103.0,9.8,0.469,7.9,15.0,24.2,-0.4,-4.4,-1.0,0.433,1.4,1.7,0.784,0.6,2.4,3.0,1.7,0.6,0.4,2.2,1.9,9.0,8.9,0.0
Chris Whitney,PG,31,1052.0,0.355,3.3,7.2,1.4,0.1,17.7,95.0,107.0,9.2,0.46799999999999997,3.7,24.2,19.1,0.6,-4.9,-0.8,0.42700000000000005,1.1,1.4,0.826,0.1,1.3,1.3,2.8,0.6,0.0,1.4,1.8,7.0,6.8,0.0
Aaron Williams,C,31,1597.0,0.45299999999999996,10.9,2.9,0.9,1.9,16.4,103.0,100.0,11.9,0.504,11.8,9.0,16.4,3.7,-1.0,0.4,0.45299999999999996,1.3,1.6,0.785,1.7,2.4,4.1,1.1,0.3,0.7,1.0,2.5,6.2,5.4,0.0
Alvin Williams,PG,28,2638.0,0.43799999999999994,5.0,8.4,2.2,0.4,20.8,108.0,108.0,16.7,0.508,5.3,27.7,19.7,5.5,0.1,1.4,0.46399999999999997,2.4,3.1,0.782,0.7,2.4,3.1,5.3,1.4,0.3,1.6,2.2,13.2,11.6,0.0
Eric Williams,SF,30,2350.0,0.442,8.6,3.1,1.9,0.4,16.8,110.0,103.0,13.1,0.5379999999999999,9.2,10.4,15.6,6.0,-0.3,1.0,0.474,2.5,3.3,0.75,1.7,2.9,4.7,1.7,1.0,0.2,1.2,2.9,9.1,7.0,0.0
Jason Williams,PG,27,2407.0,0.38799999999999996,4.6,13.6,2.0,0.2,19.8,108.0,110.0,17.1,0.501,5.0,41.8,20.3,4.7,0.1,1.3,0.47100000000000003,1.4,1.7,0.84,0.3,2.5,2.8,8.3,1.2,0.1,2.2,1.7,12.1,11.3,0.0
Jay Williams,PG,21,1961.0,0.39899999999999997,5.1,9.2,2.3,0.4,18.7,94.0,107.0,12.2,0.47200000000000003,5.5,29.2,21.0,0.8,-2.2,-0.1,0.446,1.4,2.1,0.64,0.4,2.2,2.6,4.7,1.1,0.2,2.3,2.4,9.5,9.1,0.0
Jerome Williams,PF,29,2346.0,0.499,14.8,2.2,2.6,0.6,15.7,108.0,103.0,15.6,0.525,15.8,6.7,14.7,5.4,0.8,1.7,0.5,2.2,4.0,0.555,3.3,5.9,9.2,1.3,1.6,0.4,1.4,2.8,9.7,7.5,0.0
Shammond Williams,PG,27,1881.0,0.39399999999999996,4.8,7.5,2.2,0.2,17.6,100.0,104.0,12.4,0.503,5.2,25.4,17.9,3.1,-2.1,0.0,0.474,1.0,1.3,0.765,0.3,1.9,2.2,3.4,1.0,0.1,1.5,1.8,8.0,7.4,0.0
Walt Williams,SF,32,1161.0,0.39299999999999996,9.2,2.6,1.9,1.2,16.2,105.0,102.0,11.7,0.5,9.8,7.4,15.6,2.5,0.6,0.8,0.48700000000000004,0.5,0.8,0.62,0.8,2.3,3.1,0.9,0.6,0.4,0.5,2.1,5.5,5.2,0.0
Corliss Williamson,SF,29,2061.0,0.45299999999999996,9.6,2.8,1.2,0.7,26.5,103.0,102.0,15.7,0.515,10.3,10.2,25.3,4.9,-1.6,0.2,0.45399999999999996,2.9,3.7,0.79,1.8,2.6,4.4,1.3,0.5,0.3,1.5,2.9,12.0,10.1,0.0
Metta World Peace,SF,23,2317.0,0.428,8.2,4.5,3.6,1.1,24.2,105.0,98.0,17.6,0.529,8.8,14.9,22.5,7.2,4.3,3.7,0.47,4.0,5.4,0.736,1.5,3.8,5.2,2.9,2.3,0.7,2.1,3.5,15.5,12.3,0.0
Lorenzen Wright,C,27,1982.0,0.45399999999999996,13.8,2.1,1.3,1.4,20.8,99.0,106.0,14.4,0.489,15.0,6.7,21.0,2.5,-2.4,-0.2,0.45399999999999996,2.1,3.2,0.659,2.4,5.1,7.5,1.1,0.7,0.8,1.6,3.0,11.4,10.2,0.0
Vincent Yarbrough,SG,21,1381.0,0.39299999999999996,6.2,5.0,2.2,1.3,15.5,90.0,102.0,9.5,0.446,6.8,16.8,17.3,1.0,-2.4,-0.1,0.41700000000000004,0.8,1.1,0.79,0.6,2.1,2.7,2.2,1.0,0.6,1.4,2.5,6.9,7.3,0.0
