player,pos_x,age_x,team_id_x,g_x,mp_x,fg_per_poss,fga_per_poss,fg_pct_x,fg3_per_poss,fg3a_per_poss,fg3_pct_x,fg2_per_poss,fg2a_per_poss,fg2_pct_x,ft_per_poss,fta_per_poss,ft_pct_x,orb_per_poss,drb_per_poss,trb_per_poss,ast_per_poss,stl_per_poss,blk_per_poss,tov_per_poss,pf_per_poss,pts_per_poss,off_rtg,def_rtg,per,ts_pct,fg3a_per_fga_pct,fta_per_fga_pct,orb_pct,drb_pct,trb_pct,ast_pct,stl_pct,blk_pct,tov_pct,usg_pct,ws-dum,ows,dws,ws,ws_per_48,bpm-dum,obpm,dbpm,bpm,vorp,votes_first,points_won,mp_per_g,fg_per_g,fga_per_g,fg3_per_g,fg3a_per_g,fg2_per_g,fg2a_per_g,efg_pct,ft_per_g,fta_per_g,orb_per_g,drb_per_g,trb_per_g,ast_per_g,stl_per_g,blk_per_g,tov_per_g,pf_per_g,pts_per_g,fg_per_mp,fga_per_mp,fg3_per_mp,fg3a_per_mp,fg2_per_mp,fg2a_per_mp,ft_per_mp,fta_per_mp,orb_per_mp,drb_per_mp,trb_per_mp,ast_per_mp,stl_per_mp,blk_per_mp,tov_per_mp,pf_per_mp,pts_per_mp
Mahmoud Abdul-Rauf,PG,24,DEN,80.0,2617.0,11.2,24.4,0.46,0.8,2.5,0.316,10.4,21.9,0.47600000000000003,4.2,4.4,0.956,0.5,2.7,3.2,6.9,1.6,0.2,2.9,2.9,27.4,109.0,107.0,16.7,0.521,0.10400000000000001,0.179,1.2,5.8,3.6,24.1,1.6,0.2,9.9,24.9,,4.4,2.4,6.8,0.125,,1.6,-2.1,-0.6,0.9,0.0,0.0,32.7,7.4,16.0,0.5,1.7,6.8,14.3,0.47600000000000003,2.7,2.9,0.3,1.8,2.1,4.5,1.0,0.1,1.9,1.9,18.0,8.1,17.6,0.6,1.8,7.5,15.8,3.0,3.2,0.4,1.9,2.3,5.0,1.1,0.1,2.1,2.1,19.8
Michael Adams,PG,31,WSB,70.0,2337.0,6.1,15.0,0.408,1.2,4.1,0.28800000000000003,4.9,10.9,0.45399999999999996,4.8,5.8,0.83,0.8,3.1,3.9,10.3,2.1,0.1,3.6,3.0,18.2,108.0,114.0,14.2,0.52,0.27399999999999997,0.387,1.8,7.4,4.6,29.8,2.1,0.2,17.0,18.1,,2.9,0.2,3.1,0.063,,0.9,-2.5,-1.6,0.2,0.0,0.0,33.4,4.1,10.0,0.8,2.7,3.3,7.2,0.44799999999999995,3.2,3.9,0.5,2.1,2.6,6.9,1.4,0.1,2.4,2.0,12.1,4.4,10.8,0.8,2.9,3.5,7.8,3.5,4.2,0.6,2.2,2.8,7.4,1.5,0.1,2.6,2.2,13.1
Danny Ainge,SG,34,PHO,68.0,1555.0,7.1,17.1,0.41700000000000004,2.6,7.8,0.32799999999999996,4.6,9.3,0.491,2.5,3.0,0.83,0.9,3.3,4.2,5.7,1.8,0.3,2.6,4.5,19.3,109.0,110.0,11.8,0.524,0.45399999999999996,0.175,2.0,7.4,4.7,15.9,1.8,0.3,12.3,17.8,,1.9,1.0,2.8,0.087,,0.7,-1.9,-1.3,0.3,0.0,0.0,22.9,3.3,7.9,1.2,3.6,2.1,4.3,0.49200000000000005,1.1,1.4,0.4,1.5,1.9,2.6,0.8,0.1,1.2,2.1,8.9,5.2,12.4,1.9,5.6,3.3,6.8,1.8,2.2,0.6,2.4,3.0,4.2,1.3,0.2,1.9,3.2,14.0
Victor Alexander,C,24,GSW,69.0,1318.0,9.8,18.5,0.53,0.1,0.5,0.154,9.7,18.0,0.54,2.5,4.7,0.527,4.2,7.1,11.3,2.4,1.0,1.2,3.2,6.2,22.1,105.0,108.0,14.0,0.539,0.026000000000000002,0.257,9.5,15.7,12.6,7.3,1.0,1.5,13.3,20.2,,1.1,1.1,2.3,0.083,,-1.3,-1.4,-2.8,-0.3,0.0,0.0,19.1,3.9,7.3,0.0,0.2,3.8,7.1,0.532,1.0,1.9,1.7,2.8,4.5,1.0,0.4,0.5,1.2,2.4,8.7,7.3,13.7,0.1,0.4,7.2,13.4,1.9,3.5,3.1,5.3,8.4,1.8,0.8,0.9,2.3,4.6,16.4
Greg Anderson,PF,29,DET,77.0,1624.0,6.3,11.6,0.5429999999999999,0.0,0.1,0.33299999999999996,6.3,11.5,0.545,2.8,4.8,0.5710000000000001,5.7,12.2,17.9,1.6,1.7,2.1,3.0,7.3,15.4,107.0,105.0,14.6,0.561,0.008,0.41600000000000004,12.3,26.9,19.5,4.6,1.7,2.7,17.7,14.3,,1.4,2.0,3.4,0.10099999999999999,,-2.3,1.3,-1.1,0.4,0.0,0.0,21.1,2.6,4.8,0.0,0.0,2.6,4.8,0.545,1.1,2.0,2.4,5.0,7.4,0.7,0.7,0.9,1.2,3.0,6.4,4.5,8.2,0.0,0.1,4.4,8.1,2.0,3.4,4.1,8.6,12.7,1.1,1.2,1.5,2.1,5.2,10.9
Kenny Anderson,PG,23,NJN,82.0,3135.0,9.2,22.1,0.41700000000000004,0.6,2.1,0.303,8.6,20.0,0.429,5.5,6.8,0.818,1.4,3.7,5.2,12.6,2.5,0.2,4.3,3.2,24.6,106.0,106.0,18.2,0.491,0.096,0.306,2.9,8.0,5.4,40.6,2.5,0.3,14.5,24.6,,4.3,3.2,7.5,0.114,,2.7,-0.6,2.1,3.2,0.0,0.0,38.2,7.0,16.8,0.5,1.6,6.5,15.2,0.43200000000000005,4.2,5.2,1.1,2.8,3.9,9.6,1.9,0.2,3.2,2.5,18.8,6.6,15.9,0.5,1.5,6.2,14.3,4.0,4.9,1.0,2.7,3.7,9.0,1.8,0.2,3.1,2.3,17.7
Nick Anderson,SG,26,ORL,81.0,2811.0,9.0,18.9,0.478,1.8,5.6,0.322,7.2,13.3,0.545,3.0,4.5,0.672,2.0,6.5,8.5,5.3,2.4,0.6,3.0,2.7,22.9,111.0,106.0,16.9,0.5489999999999999,0.298,0.237,4.6,14.3,9.5,15.7,2.4,0.7,12.4,20.2,,4.6,3.0,7.6,0.129,,2.4,0.6,3.0,3.6,0.0,0.0,34.7,6.2,13.0,1.2,3.9,5.0,9.1,0.526,2.1,3.1,1.4,4.5,5.9,3.6,1.7,0.4,2.0,1.8,15.8,6.5,13.5,1.3,4.0,5.2,9.5,2.2,3.2,1.4,4.6,6.1,3.8,1.7,0.4,2.1,1.9,16.4
Willie Anderson,SG,27,SAS,80.0,2488.0,8.4,17.9,0.47100000000000003,0.5,1.5,0.324,8.0,16.5,0.484,3.1,3.7,0.848,1.5,3.7,5.2,7.4,1.5,1.0,3.3,4.0,20.4,109.0,107.0,14.2,0.523,0.081,0.204,3.2,7.5,5.5,21.6,1.5,1.2,14.4,19.2,,3.2,2.3,5.6,0.107,,0.3,-0.3,0.0,1.3,0.0,0.0,31.1,4.9,10.5,0.3,0.9,4.7,9.6,0.484,1.8,2.1,0.9,2.2,3.0,4.3,0.9,0.6,1.9,2.3,11.9,5.7,12.1,0.3,1.0,5.4,11.1,2.1,2.5,1.0,2.5,3.5,5.0,1.0,0.7,2.2,2.7,13.8
Greg Anthony,PG,26,NYK,80.0,1994.0,5.8,14.8,0.39399999999999996,1.2,4.1,0.3,4.6,10.7,0.431,3.4,4.4,0.774,1.1,3.8,4.9,9.5,3.0,0.3,3.3,4.2,16.3,105.0,99.0,13.0,0.48700000000000004,0.28,0.294,2.5,8.1,5.4,27.3,3.0,0.5,16.5,17.0,,1.6,3.9,5.5,0.132,,-0.6,1.6,1.0,1.5,0.0,0.0,24.9,2.8,7.1,0.6,2.0,2.2,5.1,0.436,1.6,2.1,0.5,1.8,2.4,4.6,1.4,0.2,1.6,2.0,7.9,4.1,10.3,0.9,2.9,3.2,7.4,2.3,3.0,0.8,2.6,3.4,6.6,2.1,0.2,2.3,2.9,11.3
B.J. Armstrong,PG,26,CHI,82.0,2770.0,9.0,19.0,0.47600000000000003,1.1,2.5,0.444,7.9,16.4,0.48100000000000004,3.7,4.3,0.855,0.5,2.7,3.2,6.1,1.5,0.2,2.5,2.8,22.9,113.0,107.0,14.5,0.547,0.134,0.225,1.2,6.0,3.6,18.0,1.5,0.2,10.6,19.8,,4.9,2.6,7.5,0.13,,0.6,-1.5,-0.9,0.8,0.0,0.0,33.8,5.8,12.3,0.7,1.6,5.1,10.6,0.505,2.4,2.8,0.3,1.7,2.1,3.9,1.0,0.1,1.6,1.8,14.8,6.2,13.1,0.8,1.8,5.4,11.3,2.5,3.0,0.4,1.8,2.2,4.2,1.0,0.1,1.7,1.9,15.8
Vincent Askew,SG,27,SEA,80.0,1690.0,8.2,16.9,0.48100000000000004,0.2,0.9,0.19399999999999998,8.0,16.0,0.498,5.2,6.3,0.8290000000000001,1.8,3.7,5.5,5.8,2.2,0.6,2.1,4.3,21.7,118.0,105.0,15.9,0.551,0.055,0.37200000000000005,4.2,8.7,6.5,16.8,2.2,0.8,9.6,18.5,,3.9,2.1,6.0,0.16899999999999998,,0.8,-0.2,0.6,1.1,0.0,0.0,21.1,3.4,7.1,0.1,0.4,3.3,6.7,0.48700000000000004,2.2,2.6,0.8,1.6,2.3,2.4,0.9,0.2,0.9,1.8,9.1,5.8,12.1,0.1,0.7,5.7,11.4,3.7,4.5,1.3,2.6,3.9,4.1,1.6,0.4,1.5,3.1,15.5
Stacey Augmon,SG,25,ATL,82.0,2605.0,8.6,16.8,0.51,0.0,0.1,0.14300000000000002,8.6,16.7,0.513,6.5,8.5,0.764,3.5,4.2,7.7,3.7,2.9,0.9,2.9,3.5,23.7,116.0,102.0,17.9,0.5760000000000001,0.008,0.506,7.5,9.2,8.3,11.0,2.9,1.1,12.3,19.8,,5.7,4.0,9.7,0.179,,1.7,1.6,3.3,3.5,0.0,0.0,31.8,5.4,10.5,0.0,0.1,5.3,10.4,0.51,4.1,5.3,2.2,2.6,4.8,2.3,1.8,0.5,1.8,2.2,14.8,6.1,11.9,0.0,0.1,6.1,11.8,4.6,6.0,2.5,3.0,5.4,2.6,2.1,0.6,2.0,2.5,16.7
Anthony Avent,PF,24,TOT,74.0,1371.0,5.5,14.7,0.377,0.0,0.0,,5.5,14.7,0.377,3.3,4.5,0.7240000000000001,5.3,7.2,12.5,2.4,1.2,1.1,3.1,5.4,14.4,93.0,109.0,9.2,0.43,0.0,0.309,11.7,16.4,14.0,6.8,1.2,1.5,15.8,16.9,,-0.6,1.0,0.4,0.013999999999999999,,-4.1,-0.6,-4.6,-0.9,0.0,0.0,18.5,2.0,5.4,0.0,0.0,2.0,5.4,0.377,1.2,1.7,1.9,2.6,4.6,0.9,0.4,0.4,1.1,2.0,5.3,3.9,10.5,0.0,0.0,3.9,10.5,2.3,3.2,3.8,5.1,8.9,1.7,0.9,0.8,2.2,3.9,10.2
Thurl Bailey,PF,32,MIN,79.0,1297.0,9.1,17.8,0.51,0.0,0.1,0.0,9.1,17.7,0.512,4.7,5.8,0.799,2.6,5.8,8.4,2.1,0.8,2.3,2.3,3.6,22.8,111.0,110.0,15.2,0.56,0.004,0.327,6.1,13.2,9.7,7.2,0.8,2.9,10.0,19.5,,1.9,0.7,2.6,0.09699999999999999,,-1.3,-1.2,-2.5,-0.2,0.0,0.0,16.4,2.9,5.8,0.0,0.0,2.9,5.7,0.51,1.5,1.9,0.8,1.9,2.7,0.7,0.3,0.7,0.7,1.2,7.4,6.4,12.6,0.0,0.1,6.4,12.6,3.3,4.1,1.8,4.1,6.0,1.5,0.6,1.6,1.6,2.6,16.2
Vin Baker,C,22,MIL,82.0,2560.0,8.6,17.2,0.501,0.0,0.1,0.2,8.6,17.1,0.502,4.6,8.2,0.569,5.5,6.8,12.3,3.2,1.2,2.3,3.2,4.6,21.9,106.0,109.0,16.1,0.526,0.006,0.473,11.8,16.3,13.9,10.6,1.2,3.0,13.4,20.5,,2.6,1.7,4.4,0.08199999999999999,,-0.3,0.3,0.0,1.3,0.0,0.0,31.2,5.3,10.6,0.0,0.1,5.3,10.5,0.501,2.9,5.0,3.4,4.2,7.6,2.0,0.7,1.4,2.0,2.8,13.5,6.1,12.2,0.0,0.1,6.1,12.2,3.3,5.8,3.9,4.8,8.7,2.3,0.8,1.6,2.3,3.2,15.5
Charles Barkley,PF,30,PHO,65.0,2298.0,11.2,22.6,0.495,1.0,3.8,0.27,10.1,18.7,0.541,6.9,9.8,0.7040000000000001,4.3,11.4,15.7,6.4,2.2,0.8,4.4,3.5,30.3,113.0,103.0,22.8,0.563,0.17,0.43200000000000005,9.8,25.6,17.8,20.0,2.2,1.0,14.2,26.5,,5.6,3.3,8.8,0.185,,4.1,1.5,5.7,4.5,0.0,5.0,35.4,8.0,16.1,0.7,2.7,7.2,13.4,0.518,4.9,7.0,3.0,8.1,11.2,4.6,1.6,0.6,3.2,2.5,21.6,8.1,16.4,0.8,2.8,7.4,13.6,5.0,7.1,3.1,8.3,11.4,4.6,1.6,0.6,3.2,2.5,22.0
Dana Barros,PG,26,PHI,81.0,2519.0,8.2,17.5,0.469,2.7,7.1,0.381,5.5,10.4,0.529,2.3,2.9,0.8,0.6,3.3,3.9,8.4,2.1,0.1,3.3,1.9,21.4,111.0,112.0,16.0,0.5710000000000001,0.40299999999999997,0.165,1.2,7.3,4.3,27.2,2.1,0.1,15.1,19.1,,3.9,0.8,4.7,0.08900000000000001,,2.3,-2.5,-0.2,1.2,0.0,0.0,31.1,5.1,10.8,1.7,4.4,3.4,6.5,0.546,1.4,1.8,0.3,2.1,2.4,5.2,1.3,0.1,2.1,1.2,13.3,5.9,12.5,1.9,5.1,4.0,7.5,1.7,2.1,0.4,2.4,2.8,6.1,1.5,0.1,2.4,1.4,15.4
Jon Barry,SG,24,MIL,72.0,1242.0,6.5,15.6,0.414,1.3,4.7,0.278,5.2,10.9,0.47200000000000003,4.0,5.0,0.795,1.5,4.5,6.0,6.9,4.2,0.7,3.4,4.5,18.2,103.0,106.0,14.6,0.511,0.301,0.319,3.2,10.8,6.8,21.0,4.2,0.9,16.0,18.1,,0.8,1.3,2.1,0.08,,-0.5,0.4,-0.1,0.6,0.0,0.0,17.3,2.2,5.3,0.4,1.6,1.8,3.7,0.455,1.3,1.7,0.5,1.5,2.0,2.3,1.4,0.2,1.2,1.5,6.2,4.6,11.1,0.9,3.3,3.7,7.7,2.8,3.5,1.0,3.2,4.2,4.9,3.0,0.5,2.4,3.2,12.9
Benoit Benjamin,C,29,NJN,77.0,1817.0,7.8,16.3,0.48,0.0,0.0,,7.8,16.3,0.48,4.2,5.9,0.71,3.7,10.1,13.8,1.2,1.0,2.5,2.7,5.5,19.9,105.0,103.0,14.2,0.525,0.0,0.363,7.7,21.5,14.5,3.8,1.0,3.1,12.4,18.1,,1.4,2.6,4.1,0.107,,-2.8,0.4,-2.4,-0.2,0.0,0.0,23.6,3.7,7.6,0.0,0.0,3.7,7.6,0.48,2.0,2.8,1.8,4.7,6.5,0.6,0.5,1.2,1.3,2.6,9.3,5.6,11.7,0.0,0.0,5.6,11.7,3.0,4.2,2.7,7.2,9.9,0.9,0.7,1.8,1.9,3.9,14.2
David Benoit,SF,25,UTA,55.0,1070.0,6.7,17.4,0.385,0.6,2.8,0.203,6.1,14.5,0.42100000000000004,3.3,4.2,0.773,4.3,8.2,12.5,1.1,1.1,1.8,1.8,5.5,17.2,99.0,104.0,10.9,0.44799999999999995,0.163,0.244,9.7,18.2,14.0,3.2,1.1,2.4,8.5,18.1,,0.1,1.5,1.6,0.07200000000000001,,-3.1,-0.2,-3.3,-0.3,0.0,0.0,19.5,2.5,6.6,0.2,1.1,2.3,5.5,0.402,1.2,1.6,1.6,3.1,4.7,0.4,0.4,0.7,0.7,2.1,6.5,4.7,12.1,0.4,2.0,4.3,10.2,2.3,3.0,3.0,5.8,8.7,0.8,0.8,1.2,1.2,3.9,12.0
Mookie Blaylock,PG,26,ATL,81.0,2915.0,7.8,18.9,0.41100000000000003,2.0,6.0,0.33399999999999996,5.8,12.9,0.447,2.0,2.8,0.73,2.0,5.4,7.4,13.8,3.7,0.8,3.4,2.5,19.5,111.0,100.0,19.6,0.48700000000000004,0.316,0.147,4.4,11.6,8.0,40.4,3.7,1.0,14.6,19.8,,4.9,5.3,10.2,0.168,,3.4,1.9,5.3,5.4,0.0,1.0,36.0,5.5,13.3,1.4,4.2,4.1,9.1,0.46399999999999997,1.4,2.0,1.4,3.8,5.2,9.7,2.6,0.5,2.4,1.8,13.8,5.5,13.3,1.4,4.2,4.1,9.1,1.4,2.0,1.4,3.8,5.2,9.7,2.6,0.5,2.4,1.8,13.8
Muggsy Bogues,PG,29,CHH,77.0,2746.0,6.3,13.5,0.47100000000000003,0.0,0.2,0.16699999999999998,6.3,13.2,0.47600000000000003,2.2,2.8,0.8059999999999999,1.4,4.2,5.6,14.0,2.4,0.0,3.1,2.6,15.0,114.0,110.0,16.2,0.51,0.016,0.20600000000000002,3.2,9.2,6.3,39.2,2.4,0.0,17.3,15.4,,4.8,1.7,6.4,0.11199999999999999,,1.1,-1.0,0.1,1.5,0.0,0.0,35.7,4.6,9.8,0.0,0.2,4.6,9.6,0.473,1.6,2.0,1.0,3.1,4.1,10.1,1.7,0.0,2.2,1.9,10.8,4.6,9.8,0.0,0.2,4.6,9.7,1.6,2.0,1.0,3.1,4.1,10.2,1.7,0.0,2.2,1.9,10.9
Anthony Bonner,SF,25,NYK,73.0,1402.0,6.0,10.6,0.563,0.0,0.0,,6.0,10.6,0.563,1.8,3.9,0.47600000000000003,5.5,7.2,12.7,3.2,2.8,0.5,3.3,6.5,13.8,105.0,96.0,12.6,0.56,0.0,0.365,12.4,15.4,13.9,9.4,2.8,0.7,21.0,13.2,,0.9,3.2,4.1,0.14,,-0.8,3.7,2.9,1.7,0.0,0.0,19.2,2.2,3.9,0.0,0.0,2.2,3.9,0.563,0.7,1.4,2.1,2.7,4.7,1.2,1.0,0.2,1.2,2.4,5.1,4.2,7.4,0.0,0.0,4.2,7.4,1.3,2.7,3.9,5.0,8.8,2.3,2.0,0.3,2.3,4.5,9.6
Shawn Bradley,C,21,PHI,49.0,1385.0,7.3,17.8,0.409,0.0,0.1,0.0,7.3,17.7,0.41200000000000003,3.7,6.1,0.607,3.5,7.5,11.1,3.5,1.6,5.3,5.4,6.2,18.3,84.0,105.0,11.6,0.446,0.006,0.342,7.7,16.5,12.1,11.1,1.6,6.4,20.8,22.4,,-2.7,1.6,-1.1,-0.039,,-5.4,2.9,-2.6,-0.2,0.0,0.0,28.3,4.1,10.0,0.0,0.1,4.1,10.0,0.409,2.1,3.4,2.0,4.2,6.2,2.0,0.9,3.0,3.0,3.5,10.3,5.2,12.8,0.0,0.1,5.2,12.7,2.7,4.4,2.5,5.4,8.0,2.5,1.2,3.8,3.8,4.4,13.1
Terrell Brandon,PG,23,CLE,73.0,1548.0,7.8,18.5,0.42,0.2,1.1,0.21899999999999997,7.5,17.5,0.43200000000000005,4.7,5.5,0.858,1.3,4.1,5.4,9.4,2.8,0.5,3.8,3.7,20.5,103.0,105.0,15.0,0.489,0.057999999999999996,0.29600000000000004,2.8,9.1,6.0,27.9,2.8,0.7,15.2,21.1,,1.1,1.8,2.9,0.091,,-0.8,-0.2,-1.0,0.4,0.0,0.0,21.2,3.2,7.5,0.1,0.4,3.1,7.1,0.426,1.9,2.2,0.5,1.7,2.2,3.8,1.2,0.2,1.5,1.5,8.3,5.3,12.7,0.2,0.7,5.2,12.0,3.2,3.8,0.9,2.8,3.7,6.4,2.0,0.4,2.6,2.5,14.1
Frank Brickowski,C,34,TOT,71.0,2094.0,8.8,18.1,0.488,0.1,0.5,0.2,8.7,17.6,0.496,4.7,6.1,0.768,2.0,7.7,9.7,5.3,1.9,0.6,4.3,5.8,22.5,101.0,108.0,14.3,0.54,0.027000000000000003,0.337,4.5,17.9,11.0,17.2,1.9,0.8,17.3,21.5,,1.0,1.7,2.7,0.062,,-1.2,0.0,-1.2,0.4,0.0,0.0,29.5,5.2,10.6,0.1,0.3,5.1,10.3,0.491,2.7,3.6,1.2,4.5,5.7,3.1,1.1,0.4,2.5,3.4,13.2,6.3,13.0,0.1,0.3,6.3,12.6,3.4,4.4,1.5,5.5,6.9,3.8,1.4,0.5,3.1,4.2,16.1
Scott Brooks,PG,28,HOU,73.0,1225.0,5.9,11.9,0.491,0.9,2.5,0.377,4.9,9.4,0.522,3.1,3.5,0.871,0.4,3.8,4.2,6.1,2.1,0.1,2.3,4.0,15.7,115.0,104.0,12.2,0.584,0.21100000000000002,0.294,1.0,7.9,4.6,17.6,2.1,0.1,14.4,13.8,,1.8,1.6,3.3,0.131,,-1.2,-0.2,-1.4,0.2,0.0,0.0,16.8,1.9,4.0,0.3,0.8,1.6,3.1,0.531,1.0,1.2,0.1,1.3,1.4,2.0,0.7,0.0,0.8,1.3,5.2,4.2,8.5,0.7,1.8,3.5,6.7,2.2,2.5,0.3,2.7,3.0,4.4,1.5,0.1,1.6,2.9,11.2
Dee Brown,SG,25,BOS,77.0,2867.0,8.6,17.9,0.48,0.5,1.7,0.313,8.1,16.2,0.49700000000000005,3.2,3.8,0.831,1.1,4.1,5.3,6.1,2.7,0.8,2.2,3.6,20.9,111.0,108.0,16.0,0.5329999999999999,0.094,0.214,2.5,9.4,5.9,18.2,2.7,1.0,10.1,18.8,,4.1,2.3,6.4,0.10800000000000001,,1.7,0.8,2.4,3.2,0.0,0.0,37.2,6.4,13.3,0.4,1.2,6.0,12.0,0.495,2.4,2.8,0.8,3.1,3.9,4.5,2.0,0.6,1.6,2.7,15.5,6.2,12.8,0.4,1.2,5.8,11.6,2.3,2.7,0.8,3.0,3.8,4.4,2.0,0.6,1.6,2.6,15.0
Mike Brown,C,30,MIN,82.0,1921.0,2.9,6.9,0.42700000000000005,0.0,0.1,0.0,2.9,6.8,0.43,2.0,3.1,0.653,3.1,8.7,11.8,1.9,1.3,0.8,2.0,5.8,7.9,97.0,108.0,7.2,0.479,0.008,0.45399999999999996,7.4,19.6,13.6,5.4,1.3,1.0,19.4,8.8,,0.0,1.6,1.5,0.038,,-3.7,1.1,-2.6,-0.3,0.0,0.0,23.4,1.4,3.2,0.0,0.0,1.4,3.1,0.42700000000000005,0.9,1.4,1.5,4.0,5.5,0.9,0.6,0.4,0.9,2.7,3.6,2.1,4.9,0.0,0.0,2.1,4.8,1.4,2.2,2.2,6.1,8.4,1.3,1.0,0.5,1.4,4.1,5.6
P.J. Brown,C,24,NJN,79.0,1950.0,4.3,10.4,0.415,0.0,0.2,0.16699999999999998,4.3,10.2,0.419,3.0,3.9,0.757,4.8,7.9,12.7,2.4,1.8,2.4,1.9,4.6,11.6,107.0,103.0,12.2,0.48,0.015,0.37799999999999995,10.0,16.8,13.3,6.7,1.8,3.0,13.3,11.7,,1.4,2.8,4.2,0.105,,-1.7,3.0,1.3,1.6,0.0,0.0,24.7,2.1,5.1,0.0,0.1,2.1,5.0,0.41700000000000004,1.5,1.9,2.4,3.9,6.2,1.2,0.9,1.2,0.9,2.2,5.7,3.1,7.4,0.0,0.1,3.1,7.3,2.1,2.8,3.5,5.6,9.1,1.7,1.3,1.7,1.3,3.3,8.3
Randy Brown,PG,25,SAC,61.0,1041.0,5.2,11.9,0.43799999999999994,0.0,0.2,0.0,5.2,11.7,0.445,2.5,4.1,0.609,1.9,3.4,5.3,6.3,3.0,0.7,3.5,6.2,12.9,93.0,108.0,9.3,0.47200000000000003,0.016,0.34700000000000003,4.1,7.7,5.9,18.3,3.0,0.9,20.6,14.8,,-0.4,0.8,0.4,0.017,,-3.3,0.6,-2.7,-0.2,0.0,0.0,17.1,1.8,4.1,0.0,0.1,1.8,4.0,0.43799999999999994,0.9,1.4,0.7,1.2,1.8,2.2,1.0,0.2,1.2,2.2,4.5,3.8,8.7,0.0,0.1,3.8,8.5,1.8,3.0,1.4,2.5,3.9,4.6,2.2,0.5,2.6,4.6,9.4
Mark Bryant,C,28,POR,79.0,1441.0,6.2,12.9,0.48200000000000004,0.0,0.0,0.0,6.2,12.9,0.483,2.4,3.5,0.6920000000000001,3.9,6.7,10.6,1.2,1.1,1.0,2.2,6.3,14.9,105.0,107.0,9.9,0.514,0.003,0.271,8.5,15.6,11.9,3.5,1.1,1.3,13.3,14.0,,0.9,1.4,2.3,0.076,,-2.8,-0.2,-3.0,-0.4,0.0,0.0,18.2,2.3,4.9,0.0,0.0,2.3,4.8,0.48200000000000004,0.9,1.3,1.5,2.5,4.0,0.5,0.4,0.4,0.8,2.4,5.6,4.6,9.6,0.0,0.0,4.6,9.6,1.8,2.6,2.9,4.9,7.9,0.9,0.8,0.7,1.6,4.7,11.0
Mitchell Butler,SG,23,WSB,75.0,1321.0,7.8,15.8,0.495,0.0,0.2,0.0,7.8,15.7,0.501,3.9,6.8,0.578,4.0,4.5,8.5,2.9,2.0,0.8,3.3,5.0,19.6,103.0,112.0,13.0,0.521,0.012,0.431,9.2,10.7,10.0,8.9,2.0,0.9,14.9,19.0,,0.7,0.4,1.1,0.04,,-1.2,-1.3,-2.5,-0.2,0.0,0.0,17.6,2.8,5.6,0.0,0.1,2.8,5.5,0.495,1.4,2.4,1.4,1.6,3.0,1.0,0.7,0.3,1.2,1.7,6.9,5.6,11.4,0.0,0.1,5.6,11.3,2.8,4.9,2.9,3.2,6.1,2.1,1.5,0.5,2.4,3.6,14.1
Michael Cage,C,32,SEA,82.0,1708.0,5.1,9.3,0.545,0.0,0.0,0.0,5.1,9.2,0.546,1.1,2.2,0.486,4.8,8.3,13.1,1.3,2.3,1.1,1.5,5.3,11.2,115.0,100.0,11.9,0.545,0.003,0.23600000000000002,11.3,19.5,15.4,3.5,2.3,1.6,12.8,10.0,,1.9,3.0,4.9,0.13699999999999998,,-1.2,1.9,0.7,1.2,0.0,0.0,20.8,2.1,3.8,0.0,0.0,2.1,3.8,0.545,0.4,0.9,2.0,3.4,5.4,0.5,0.9,0.5,0.6,2.2,4.6,3.6,6.6,0.0,0.0,3.6,6.6,0.8,1.6,3.5,5.9,9.4,0.9,1.6,0.8,1.1,3.8,8.0
Elden Campbell,PF,25,LAL,76.0,2253.0,8.3,18.0,0.462,0.0,0.0,0.0,8.3,18.0,0.46299999999999997,4.2,6.1,0.6890000000000001,3.7,7.9,11.6,1.9,1.4,3.3,2.2,5.4,20.8,106.0,107.0,15.2,0.503,0.002,0.33799999999999997,7.7,17.7,12.5,5.7,1.4,4.1,9.6,19.2,,2.0,2.2,4.2,0.08900000000000001,,-1.9,0.7,-1.2,0.5,0.0,0.0,29.6,4.9,10.6,0.0,0.0,4.9,10.6,0.462,2.5,3.6,2.2,4.6,6.8,1.1,0.8,1.9,1.3,3.2,12.3,6.0,12.9,0.0,0.0,6.0,12.9,3.0,4.4,2.7,5.6,8.3,1.4,1.0,2.3,1.6,3.9,14.9
Tony Campbell,SF,31,TOT,63.0,1214.0,9.6,21.5,0.44299999999999995,0.3,1.2,0.25,9.3,20.4,0.455,4.0,5.0,0.7829999999999999,3.2,4.6,7.8,3.5,2.1,0.6,3.5,5.6,23.4,100.0,107.0,13.3,0.491,0.055,0.23399999999999999,6.8,10.7,8.6,11.4,2.1,0.8,12.9,22.8,,0.4,1.2,1.5,0.061,,-1.8,-0.9,-2.7,-0.2,0.0,0.0,19.3,3.6,8.1,0.1,0.4,3.5,7.7,0.45,1.5,1.9,1.2,1.7,3.0,1.3,0.8,0.2,1.3,2.1,8.8,6.7,15.2,0.2,0.8,6.5,14.4,2.8,3.6,2.3,3.3,5.5,2.4,1.5,0.4,2.5,4.0,16.5
Sam Cassell,PG,24,HOU,66.0,1122.0,7.3,17.5,0.418,1.2,4.0,0.295,6.1,13.5,0.45299999999999996,4.1,4.8,0.841,1.1,4.9,6.0,8.6,2.7,0.3,4.2,6.1,19.8,100.0,102.0,13.1,0.506,0.22699999999999998,0.276,2.6,10.2,6.6,25.8,2.7,0.4,17.8,20.9,,0.4,1.8,2.2,0.09300000000000001,,-1.5,0.2,-1.3,0.2,0.0,0.0,17.0,2.5,5.9,0.4,1.3,2.1,4.5,0.451,1.4,1.6,0.4,1.7,2.0,2.9,0.9,0.1,1.4,2.1,6.7,5.2,12.4,0.8,2.8,4.4,9.6,2.9,3.4,0.8,3.5,4.3,6.2,1.9,0.2,3.0,4.4,14.1
Cedric Ceballos,SF,24,PHO,53.0,1602.0,13.2,24.6,0.535,0.0,0.3,0.0,13.2,24.3,0.541,5.0,6.8,0.7240000000000001,4.7,5.9,10.7,2.8,1.8,0.7,2.9,3.8,31.3,115.0,108.0,20.9,0.5660000000000001,0.011000000000000001,0.278,10.9,13.3,12.1,9.4,1.8,0.9,9.4,25.8,,4.1,1.4,5.5,0.166,,2.7,-1.4,1.4,1.4,0.0,0.0,30.2,8.0,15.0,0.0,0.2,8.0,14.8,0.535,3.0,4.2,2.9,3.6,6.5,1.7,1.1,0.4,1.8,2.3,19.1,9.6,17.9,0.0,0.2,9.6,17.7,3.6,5.0,3.4,4.3,7.7,2.0,1.3,0.5,2.1,2.8,22.7
Tom Chambers,PF,34,UTA,80.0,1838.0,9.2,21.0,0.44,0.4,1.3,0.311,8.8,19.7,0.44799999999999995,6.2,7.9,0.7859999999999999,2.4,6.7,9.1,2.2,1.1,0.9,2.5,6.5,25.0,105.0,105.0,13.4,0.512,0.06,0.376,5.5,14.8,10.2,6.8,1.1,1.2,9.3,23.1,,1.8,2.1,3.9,0.10099999999999999,,-1.6,-0.9,-2.5,-0.2,0.0,0.0,23.0,4.1,9.4,0.2,0.6,3.9,8.8,0.449,2.8,3.5,1.1,3.0,4.1,1.0,0.5,0.4,1.1,2.9,11.2,6.4,14.7,0.3,0.9,6.2,13.8,4.3,5.5,1.7,4.7,6.4,1.5,0.8,0.6,1.7,4.5,17.5
Rex Chapman,SG,26,WSB,60.0,2025.0,10.7,21.4,0.498,1.6,4.1,0.38799999999999996,9.1,17.3,0.524,4.2,5.1,0.816,1.4,2.2,3.6,4.6,1.5,0.2,2.9,2.1,27.0,113.0,116.0,16.9,0.5720000000000001,0.191,0.23800000000000002,3.2,5.2,4.2,15.3,1.5,0.2,10.9,22.7,,4.2,-0.3,3.9,0.092,,2.7,-3.3,-0.5,0.7,0.0,0.0,33.8,7.2,14.4,1.1,2.8,6.1,11.7,0.535,2.8,3.4,1.0,1.5,2.4,3.1,1.0,0.1,2.0,1.4,18.2,7.7,15.4,1.1,2.9,6.5,12.4,3.0,3.7,1.0,1.6,2.6,3.3,1.0,0.1,2.1,1.5,19.4
Calbert Cheaney,SG,22,WSB,65.0,1604.0,10.2,21.7,0.47,0.0,0.7,0.043,10.2,21.0,0.484,3.9,5.0,0.77,2.7,3.2,5.9,3.9,2.0,0.3,3.4,4.6,24.3,102.0,114.0,14.0,0.508,0.033,0.231,6.3,7.6,6.9,12.9,2.0,0.4,12.3,23.4,,1.0,0.2,1.2,0.035,,-0.5,-2.3,-2.8,-0.3,0.0,0.0,24.7,5.0,10.7,0.0,0.4,5.0,10.4,0.47100000000000003,1.9,2.5,1.4,1.6,2.9,1.9,1.0,0.2,1.7,2.3,12.0,7.3,15.6,0.0,0.5,7.3,15.1,2.8,3.6,2.0,2.3,4.3,2.8,1.4,0.2,2.4,3.3,17.5
Pete Chilcutt,PF,25,TOT,76.0,1365.0,7.4,16.3,0.45299999999999996,0.1,0.5,0.2,7.3,15.8,0.462,1.5,2.4,0.631,4.7,8.8,13.5,3.1,1.9,1.4,2.7,6.0,16.4,98.0,106.0,12.7,0.47200000000000003,0.033,0.145,10.1,19.8,14.9,9.7,1.9,1.8,13.4,17.2,,0.1,1.4,1.5,0.052000000000000005,,-2.5,0.9,-1.6,0.1,0.0,0.0,18.0,2.7,5.9,0.0,0.2,2.6,5.7,0.456,0.5,0.9,1.7,3.2,4.9,1.1,0.7,0.5,1.0,2.2,5.9,5.4,11.8,0.1,0.4,5.3,11.4,1.1,1.7,3.4,6.4,9.8,2.3,1.4,1.0,2.0,4.3,11.9
Doug Christie,SG,23,LAL,65.0,1515.0,8.1,18.7,0.434,1.3,3.9,0.32799999999999996,6.8,14.7,0.46299999999999997,4.8,6.9,0.6970000000000001,3.1,4.7,7.8,4.5,3.0,0.9,4.6,6.2,22.3,98.0,108.0,13.5,0.514,0.212,0.37,6.4,10.6,8.4,13.4,3.0,1.2,17.6,22.1,,0.1,1.2,1.4,0.044000000000000004,,-0.5,0.0,-0.5,0.6,0.0,0.0,23.3,3.8,8.6,0.6,1.8,3.2,6.8,0.469,2.2,3.2,1.4,2.2,3.6,2.1,1.4,0.4,2.2,2.9,10.3,5.8,13.4,0.9,2.8,4.9,10.5,3.4,4.9,2.2,3.4,5.6,3.2,2.1,0.7,3.3,4.4,16.0
Derrick Coleman,PF,26,NJN,77.0,2778.0,9.8,21.9,0.447,0.7,2.2,0.314,9.1,19.7,0.462,7.9,10.3,0.774,4.7,11.0,15.7,4.7,1.2,2.6,3.8,3.8,28.2,111.0,102.0,21.4,0.534,0.1,0.469,9.8,23.5,16.5,15.6,1.2,3.2,12.5,25.3,,5.5,4.4,9.9,0.171,,2.4,2.1,4.5,4.5,0.0,0.0,36.1,7.0,15.7,0.5,1.6,6.5,14.1,0.46299999999999997,5.7,7.4,3.4,7.9,11.3,3.4,0.9,1.8,2.7,2.7,20.2,7.0,15.7,0.5,1.6,6.5,14.1,5.7,7.3,3.4,7.9,11.3,3.4,0.9,1.8,2.7,2.7,20.2
Bimbo Coles,PG,25,MIA,76.0,1726.0,6.9,15.4,0.449,0.6,2.9,0.20199999999999999,6.3,12.5,0.507,3.0,3.9,0.779,1.5,3.2,4.7,7.8,2.2,0.4,3.2,3.9,17.4,108.0,108.0,13.0,0.51,0.191,0.252,3.3,7.2,5.2,22.7,2.2,0.5,15.7,17.1,,1.8,1.4,3.2,0.08900000000000001,,-0.1,-1.0,-1.1,0.4,0.0,0.0,22.7,3.1,6.8,0.3,1.3,2.8,5.5,0.46799999999999997,1.3,1.7,0.7,1.4,2.1,3.5,1.0,0.2,1.4,1.7,7.7,4.9,10.8,0.4,2.1,4.4,8.8,2.1,2.7,1.0,2.3,3.3,5.5,1.6,0.3,2.2,2.8,12.3
Tyrone Corbin,SF,31,UTA,82.0,2149.0,6.4,14.1,0.456,0.1,0.7,0.207,6.3,13.4,0.469,2.8,3.5,0.813,3.6,5.7,9.3,2.9,2.4,0.6,2.2,5.1,15.8,106.0,104.0,11.8,0.506,0.049,0.245,8.2,12.7,10.4,8.3,2.4,0.8,12.4,15.3,,1.6,2.8,4.4,0.099,,-0.6,2.0,1.4,1.8,0.0,0.0,26.2,3.3,7.2,0.1,0.4,3.2,6.8,0.461,1.4,1.8,1.8,2.9,4.7,1.5,1.2,0.3,1.1,2.6,8.0,4.5,9.9,0.1,0.5,4.4,9.4,2.0,2.4,2.5,4.0,6.5,2.0,1.7,0.4,1.5,3.6,11.0
Terry Cummings,PF,32,SAS,59.0,1133.0,8.6,20.1,0.428,0.0,0.1,0.0,8.6,20.0,0.43,3.0,5.0,0.589,6.2,7.8,14.0,2.4,1.5,0.6,2.8,6.4,20.2,100.0,105.0,12.7,0.452,0.005,0.25,13.8,15.6,14.8,6.9,1.5,0.8,11.0,21.1,,0.4,1.4,1.8,0.076,,-1.8,-0.9,-2.8,-0.2,0.0,0.0,19.2,3.1,7.3,0.0,0.0,3.1,7.2,0.428,1.1,1.8,2.2,2.8,5.0,0.8,0.5,0.2,1.0,2.3,7.3,5.8,13.6,0.0,0.1,5.8,13.5,2.0,3.4,4.2,5.2,9.4,1.6,1.0,0.4,1.9,4.4,13.6
Dell Curry,SG,29,CHH,82.0,2173.0,12.1,26.5,0.455,3.4,8.6,0.402,8.6,18.0,0.48,2.6,3.0,0.873,1.6,4.3,5.9,5.0,2.2,0.6,2.7,3.6,30.2,109.0,109.0,18.5,0.5429999999999999,0.32299999999999995,0.114,3.7,9.4,6.7,16.7,2.2,0.8,8.9,26.5,,3.6,1.4,5.0,0.11,,3.7,-1.9,1.8,2.1,0.0,0.0,26.5,6.5,14.3,1.9,4.6,4.6,9.7,0.52,1.4,1.6,0.9,2.3,3.2,2.7,1.2,0.3,1.5,2.0,16.3,8.8,19.4,2.5,6.3,6.3,13.1,1.9,2.2,1.2,3.2,4.3,3.7,1.6,0.4,2.0,2.7,22.1
Brad Daugherty,C,28,CLE,50.0,1838.0,8.4,17.3,0.488,0.0,0.0,,8.4,17.3,0.488,7.3,9.3,0.785,3.6,10.8,14.5,4.2,1.2,1.0,3.1,4.1,24.2,114.0,103.0,18.4,0.5660000000000001,0.0,0.5379999999999999,8.1,24.1,16.1,12.9,1.2,1.3,12.8,21.0,,3.9,2.6,6.4,0.168,,0.9,1.3,2.2,1.9,0.0,0.0,36.8,5.9,12.1,0.0,0.0,5.9,12.1,0.488,5.1,6.5,2.6,7.6,10.2,3.0,0.8,0.7,2.2,2.9,17.0,5.8,11.9,0.0,0.0,5.8,11.9,5.0,6.4,2.5,7.4,9.9,2.9,0.8,0.7,2.2,2.8,16.6
Antonio Davis,PF,25,IND,81.0,1732.0,6.4,12.6,0.508,0.0,0.0,0.0,6.4,12.6,0.509,5.8,9.0,0.642,5.6,9.4,15.0,1.6,1.3,2.5,3.2,5.6,18.6,110.0,102.0,15.2,0.561,0.002,0.711,13.2,20.3,16.9,4.7,1.3,3.3,16.1,16.8,,2.3,2.8,5.0,0.139,,-0.9,1.1,0.2,1.0,0.0,0.0,21.4,2.7,5.2,0.0,0.0,2.7,5.2,0.508,2.4,3.7,2.3,3.9,6.2,0.7,0.6,1.0,1.3,2.3,7.7,4.5,8.8,0.0,0.0,4.5,8.8,4.0,6.3,3.9,6.5,10.5,1.1,0.9,1.7,2.2,3.9,13.0
Dale Davis,PF,24,IND,66.0,2292.0,6.9,13.1,0.529,0.0,0.0,0.0,6.9,13.0,0.53,3.5,6.6,0.527,6.3,9.8,16.1,2.2,1.1,2.4,2.3,4.8,17.3,113.0,102.0,15.9,0.542,0.002,0.505,14.7,21.3,18.1,6.5,1.1,3.2,12.5,15.6,,3.5,3.6,7.0,0.147,,0.8,2.2,2.9,2.9,0.0,0.0,34.7,4.7,8.8,0.0,0.0,4.7,8.8,0.529,2.3,4.5,4.2,6.6,10.9,1.5,0.7,1.6,1.5,3.2,11.7,4.8,9.1,0.0,0.0,4.8,9.1,2.4,4.6,4.4,6.9,11.3,1.6,0.8,1.7,1.6,3.4,12.1
Hubert Davis,SG,23,NYK,56.0,1333.0,9.2,19.6,0.47100000000000003,2.1,5.1,0.402,7.2,14.5,0.496,3.3,4.0,0.825,0.9,1.7,2.6,6.4,1.6,0.2,2.9,4.6,23.8,112.0,103.0,14.0,0.5579999999999999,0.261,0.204,2.0,3.7,2.8,20.4,1.6,0.2,12.1,20.6,,2.3,1.9,4.2,0.152,,0.9,-1.4,-0.5,0.5,0.0,0.0,23.8,4.3,9.0,0.9,2.4,3.3,6.7,0.524,1.5,1.8,0.4,0.8,1.2,2.9,0.7,0.1,1.4,2.1,11.0,6.4,13.6,1.4,3.6,5.0,10.1,2.3,2.8,0.6,1.2,1.8,4.5,1.1,0.1,2.1,3.2,16.6
Johnny Dawkins,PG,30,PHI,72.0,1343.0,6.6,15.8,0.418,1.4,3.9,0.35200000000000004,5.2,11.9,0.44,3.1,3.7,0.84,1.0,3.5,4.6,9.8,2.4,0.2,4.1,2.8,17.7,101.0,111.0,13.5,0.509,0.248,0.23600000000000002,2.3,7.8,5.0,30.1,2.4,0.2,19.2,18.7,,0.6,0.6,1.1,0.040999999999999995,,-1.1,-2.4,-3.5,-0.5,0.0,0.0,18.7,2.5,5.9,0.5,1.5,1.9,4.4,0.462,1.2,1.4,0.4,1.3,1.7,3.7,0.9,0.1,1.5,1.0,6.6,4.7,11.3,1.0,2.8,3.8,8.5,2.3,2.7,0.8,2.5,3.3,7.0,1.7,0.1,3.0,2.0,12.7
Todd Day,SG,24,MIL,76.0,2127.0,8.4,20.2,0.415,0.8,3.5,0.223,7.6,16.6,0.456,5.5,7.9,0.698,2.7,4.7,7.4,3.3,2.5,1.2,3.1,5.3,23.1,100.0,109.0,13.5,0.488,0.175,0.392,5.9,11.2,8.4,10.7,2.5,1.7,11.5,22.8,,0.6,1.5,2.1,0.047,,-1.1,-0.6,-1.8,0.1,0.0,0.0,28.0,4.6,11.1,0.4,1.9,4.2,9.2,0.435,3.0,4.4,1.5,2.6,4.1,1.8,1.4,0.7,1.7,2.9,12.7,5.9,14.3,0.6,2.5,5.4,11.8,3.9,5.6,1.9,3.3,5.2,2.3,1.7,0.9,2.2,3.7,16.3
Vinny Del Negro,SG,27,SAS,77.0,1949.0,8.4,17.3,0.48700000000000004,0.4,1.2,0.349,8.0,16.2,0.49700000000000005,3.8,4.6,0.8240000000000001,0.7,3.7,4.4,8.7,1.7,0.0,2.8,4.6,21.1,115.0,108.0,15.3,0.545,0.068,0.268,1.6,7.4,4.6,25.5,1.7,0.0,12.6,18.6,,4.0,1.7,5.7,0.14,,0.9,-1.7,-0.8,0.6,0.0,0.0,25.3,4.0,8.2,0.2,0.6,3.8,7.7,0.499,1.8,2.2,0.4,1.7,2.1,4.2,0.8,0.0,1.3,2.2,10.0,5.7,11.7,0.3,0.8,5.4,10.9,2.6,3.1,0.5,2.5,3.0,5.9,1.2,0.0,1.9,3.1,14.3
Bison Dele,C,24,DEN,80.0,1507.0,8.3,15.4,0.541,0.0,0.1,0.0,8.3,15.3,0.544,4.5,7.0,0.649,4.6,10.2,14.8,1.7,1.6,2.9,3.4,7.3,21.2,108.0,99.0,16.5,0.574,0.006,0.455,10.5,22.0,16.4,5.2,1.6,3.6,15.7,18.7,,1.8,2.9,4.7,0.151,,-1.4,1.4,0.0,0.8,0.0,0.0,18.8,3.1,5.8,0.0,0.0,3.1,5.8,0.541,1.7,2.6,1.7,3.9,5.6,0.6,0.6,1.1,1.3,2.8,8.0,6.0,11.1,0.0,0.1,6.0,11.0,3.3,5.0,3.3,7.4,10.7,1.2,1.2,2.1,2.5,5.3,15.3
Vlade Divac,C,25,LAL,79.0,2685.0,8.5,16.8,0.506,0.2,0.9,0.191,8.3,15.9,0.524,3.9,5.7,0.6859999999999999,5.3,10.7,15.9,5.7,1.7,2.1,3.6,5.4,21.0,110.0,105.0,18.8,0.546,0.053,0.33899999999999997,10.9,24.0,17.2,17.2,1.7,2.6,15.7,19.1,,4.2,3.2,7.4,0.132,,1.5,2.3,3.8,3.9,0.0,0.0,34.0,5.7,11.3,0.1,0.6,5.6,10.7,0.511,2.6,3.8,3.6,7.2,10.8,3.9,1.2,1.4,2.4,3.6,14.2,6.1,12.0,0.1,0.6,6.0,11.4,2.8,4.1,3.8,7.6,11.4,4.1,1.2,1.5,2.6,3.9,15.1
Sherman Douglas,PG,27,BOS,78.0,2789.0,7.6,16.5,0.462,0.2,1.0,0.23199999999999998,7.4,15.5,0.47700000000000004,3.2,5.0,0.6409999999999999,1.3,2.2,3.5,12.3,1.6,0.2,4.2,3.1,18.7,103.0,113.0,14.3,0.5,0.061,0.3,2.8,5.0,3.9,35.8,1.6,0.2,18.3,19.8,,1.9,0.8,2.7,0.046,,0.2,-2.6,-2.4,-0.3,0.0,0.0,35.8,5.4,11.8,0.2,0.7,5.3,11.1,0.47,2.3,3.5,0.9,1.6,2.5,8.8,1.1,0.1,3.0,2.2,13.3,5.5,11.9,0.2,0.7,5.3,11.1,2.3,3.6,0.9,1.6,2.5,8.8,1.1,0.1,3.0,2.2,13.4
Clyde Drexler,SG,31,POR,68.0,2334.0,9.8,23.0,0.428,1.5,4.6,0.324,8.4,18.4,0.45399999999999996,6.0,7.7,0.777,3.2,6.1,9.3,6.9,2.0,0.7,3.5,4.2,27.1,110.0,105.0,18.4,0.514,0.198,0.33299999999999996,6.9,14.2,10.4,21.9,2.0,0.9,11.6,25.0,,4.2,2.7,6.8,0.14,,3.3,0.6,3.9,3.5,0.0,0.0,34.3,7.0,16.3,1.0,3.2,5.9,13.0,0.46,4.2,5.4,2.3,4.3,6.5,4.9,1.4,0.5,2.5,3.0,19.2,7.3,17.0,1.1,3.4,6.2,13.7,4.4,5.7,2.4,4.5,6.9,5.1,1.5,0.5,2.6,3.1,20.1
Kevin Duckworth,C,29,WSB,69.0,1485.0,6.2,14.9,0.41700000000000004,0.0,0.0,,6.2,14.9,0.41700000000000004,3.0,4.4,0.667,3.5,7.5,11.0,1.9,1.2,1.2,3.4,7.5,15.4,91.0,111.0,8.2,0.457,0.0,0.299,8.0,17.8,12.8,5.5,1.2,1.5,16.8,17.3,,-1.1,0.6,-0.5,-0.017,,-4.5,-1.1,-5.7,-1.4,0.0,0.0,21.5,2.7,6.4,0.0,0.0,2.7,6.4,0.41700000000000004,1.3,1.9,1.5,3.2,4.7,0.8,0.5,0.5,1.5,3.2,6.6,4.5,10.7,0.0,0.0,4.5,10.7,2.1,3.2,2.5,5.4,7.9,1.4,0.9,0.8,2.4,5.4,11.1
Joe Dumars,SG,30,DET,69.0,2591.0,9.9,22.0,0.452,2.4,6.3,0.38799999999999996,7.5,15.7,0.47700000000000004,5.4,6.5,0.836,0.7,2.3,3.0,5.1,1.2,0.1,3.1,2.3,27.7,110.0,115.0,16.2,0.5579999999999999,0.28600000000000003,0.295,1.5,5.0,3.2,16.6,1.2,0.1,11.2,24.0,,4.6,-0.1,4.4,0.08199999999999999,,2.6,-3.1,-0.5,1.0,0.0,0.0,37.6,7.3,16.2,1.8,4.6,5.5,11.6,0.507,4.0,4.8,0.5,1.7,2.2,3.8,0.9,0.1,2.3,1.7,20.4,7.0,15.5,1.7,4.4,5.3,11.1,3.8,4.6,0.5,1.6,2.1,3.6,0.9,0.1,2.2,1.6,19.6
Acie Earl,C,23,BOS,74.0,1149.0,6.6,16.3,0.406,0.0,0.0,0.0,6.6,16.2,0.40700000000000003,4.7,7.0,0.675,3.7,7.1,10.8,0.5,1.0,2.3,3.1,7.8,17.9,92.0,108.0,9.2,0.46299999999999997,0.003,0.43,8.3,16.0,12.1,1.5,1.0,2.9,14.0,19.4,,-0.7,0.9,0.2,0.008,,-5.4,-1.7,-7.1,-1.5,0.0,0.0,15.5,2.0,5.0,0.0,0.0,2.0,5.0,0.406,1.5,2.2,1.1,2.2,3.3,0.2,0.3,0.7,1.0,2.4,5.5,4.7,11.7,0.0,0.0,4.7,11.6,3.4,5.0,2.7,5.1,7.7,0.4,0.8,1.7,2.3,5.6,12.8
Blue Edwards,SF,28,MIL,82.0,2322.0,8.4,17.5,0.478,0.8,2.3,0.358,7.5,15.2,0.496,3.3,4.1,0.799,2.3,4.9,7.2,3.7,1.8,0.6,3.2,5.1,20.8,104.0,111.0,12.9,0.54,0.133,0.23600000000000002,4.9,11.8,8.1,12.1,1.8,0.8,14.2,19.2,,1.7,1.2,2.9,0.06,,-0.8,-1.0,-1.8,0.1,0.0,0.0,28.3,4.7,9.8,0.5,1.3,4.2,8.5,0.501,1.8,2.3,1.3,2.7,4.0,2.1,1.0,0.3,1.8,2.9,11.6,5.9,12.4,0.6,1.6,5.3,10.8,2.3,2.9,1.6,3.5,5.1,2.7,1.3,0.4,2.3,3.6,14.8
Kevin Edwards,SG,28,NJN,82.0,2727.0,8.7,18.9,0.45799999999999996,0.6,1.8,0.354,8.0,17.1,0.469,3.1,4.0,0.77,1.7,3.4,5.2,4.3,2.2,0.6,2.5,2.8,21.1,106.0,107.0,13.8,0.509,0.096,0.21100000000000002,3.6,7.4,5.4,13.6,2.2,0.8,10.7,19.5,,2.5,2.6,5.1,0.08900000000000001,,0.2,0.2,0.5,1.7,0.0,0.0,33.3,5.7,12.5,0.4,1.2,5.3,11.3,0.475,2.0,2.6,1.1,2.3,3.4,2.8,1.5,0.4,1.6,1.8,14.0,6.2,13.6,0.5,1.3,5.8,12.3,2.2,2.9,1.2,2.5,3.7,3.1,1.6,0.4,1.8,2.0,15.1
Craig Ehlo,SG,32,ATL,82.0,2147.0,7.5,16.8,0.446,1.8,5.2,0.348,5.7,11.6,0.491,2.7,3.7,0.727,1.7,4.9,6.6,6.5,3.2,0.6,3.1,3.8,19.5,108.0,101.0,15.0,0.529,0.312,0.218,3.6,10.7,7.1,18.8,3.2,0.8,14.4,18.1,,2.4,3.5,5.9,0.132,,0.8,1.4,2.2,2.3,0.0,0.0,26.2,3.9,8.6,0.9,2.7,2.9,5.9,0.501,1.4,1.9,0.9,2.5,3.4,3.3,1.7,0.3,1.6,2.0,10.0,5.3,11.9,1.3,3.7,4.0,8.2,1.9,2.6,1.2,3.5,4.7,4.6,2.3,0.4,2.2,2.7,13.8
Mario Elie,SF,30,HOU,67.0,1606.0,6.5,14.7,0.446,1.8,5.3,0.335,4.8,9.4,0.508,4.8,5.6,0.86,0.9,4.8,5.7,6.5,1.6,0.3,3.4,3.9,19.7,110.0,104.0,13.4,0.575,0.358,0.384,2.1,10.0,6.3,19.1,1.6,0.3,16.7,18.0,,2.1,2.0,4.2,0.125,,0.0,-0.2,-0.2,0.7,0.0,0.0,24.0,3.1,7.0,0.8,2.5,2.3,4.5,0.506,2.3,2.7,0.4,2.3,2.7,3.1,0.7,0.1,1.6,1.9,9.3,4.7,10.4,1.3,3.7,3.4,6.7,3.5,4.0,0.6,3.4,4.1,4.7,1.1,0.2,2.4,2.8,14.0
Sean Elliott,SF,25,DET,73.0,2409.0,7.6,16.7,0.455,0.6,1.8,0.299,7.1,14.9,0.474,2.9,3.7,0.8029999999999999,1.4,4.1,5.6,4.2,1.1,0.6,2.7,3.7,18.7,102.0,114.0,11.3,0.51,0.11,0.21899999999999997,3.1,9.1,6.0,12.5,1.1,0.7,13.0,18.1,,1.0,0.4,1.4,0.027999999999999997,,-1.4,-0.9,-2.3,-0.2,0.0,0.0,33.0,4.9,10.8,0.4,1.2,4.6,9.6,0.47200000000000003,1.9,2.4,0.9,2.7,3.6,2.7,0.7,0.4,1.8,2.4,12.1,5.4,11.8,0.4,1.3,5.0,10.5,2.1,2.6,1.0,2.9,3.9,2.9,0.8,0.4,1.9,2.6,13.2
Dale Ellis,SF,33,SAS,77.0,2590.0,9.8,19.9,0.494,2.7,6.8,0.395,7.1,13.1,0.546,1.7,2.2,0.7759999999999999,1.4,3.8,5.2,1.6,1.4,0.2,1.5,2.9,24.1,119.0,108.0,14.7,0.5770000000000001,0.34299999999999997,0.111,3.2,7.7,5.5,5.0,1.4,0.3,6.9,18.8,,5.5,2.1,7.6,0.14,,2.6,-1.5,1.0,2.0,0.0,0.0,33.6,6.2,12.6,1.7,4.3,4.5,8.2,0.562,1.1,1.4,0.9,2.4,3.3,1.0,0.9,0.1,1.0,1.8,15.2,6.6,13.4,1.8,4.6,4.8,8.8,1.2,1.5,1.0,2.6,3.5,1.1,0.9,0.2,1.0,2.0,16.3
LaPhonso Ellis,PF,23,DEN,79.0,2699.0,8.9,17.8,0.502,0.1,0.4,0.304,8.8,17.4,0.506,4.5,6.6,0.674,4.1,8.5,12.6,3.1,1.2,1.5,3.2,5.6,22.5,108.0,102.0,15.9,0.542,0.024,0.373,9.4,18.4,14.0,10.0,1.2,1.9,13.3,20.4,,3.5,4.1,7.6,0.135,,0.4,1.3,1.7,2.5,0.0,0.0,34.2,6.1,12.2,0.1,0.3,6.0,11.9,0.505,3.1,4.5,2.8,5.8,8.6,2.1,0.8,1.0,2.2,3.8,15.4,6.4,12.8,0.1,0.3,6.3,12.5,3.2,4.8,2.9,6.2,9.1,2.2,0.8,1.1,2.3,4.1,16.2
Pervis Ellison,C,26,WSB,47.0,1178.0,5.8,12.4,0.469,0.0,0.1,0.0,5.8,12.3,0.474,3.0,4.1,0.722,3.3,7.0,10.3,3.0,1.1,2.1,3.1,5.9,14.6,100.0,111.0,10.7,0.514,0.01,0.332,7.5,16.7,12.0,8.6,1.1,2.7,17.9,14.9,,0.3,0.5,0.7,0.03,,-2.6,0.4,-2.1,0.0,0.0,0.0,25.1,2.9,6.2,0.0,0.1,2.9,6.1,0.469,1.5,2.1,1.6,3.5,5.1,1.5,0.5,1.1,1.6,3.0,7.3,4.2,8.9,0.0,0.1,4.2,8.8,2.1,3.0,2.4,5.0,7.4,2.1,0.8,1.5,2.2,4.3,10.5
Patrick Ewing,C,31,NYK,79.0,2972.0,13.0,26.1,0.496,0.1,0.2,0.28600000000000003,12.9,25.9,0.498,7.7,10.1,0.765,3.8,11.6,15.4,3.1,1.6,3.8,4.5,4.8,33.7,108.0,93.0,22.9,0.551,0.009000000000000001,0.387,8.5,24.9,16.9,11.3,1.6,5.1,12.9,29.8,,5.1,8.0,13.1,0.21100000000000002,,0.5,3.9,4.5,4.9,1.0,255.0,37.6,9.4,19.0,0.1,0.2,9.4,18.8,0.49700000000000005,5.6,7.4,2.8,8.4,11.2,2.3,1.1,2.7,3.3,3.5,24.5,9.0,18.2,0.0,0.2,9.0,18.0,5.4,7.0,2.7,8.1,10.7,2.2,1.1,2.6,3.1,3.3,23.5
Duane Ferrell,SF,28,ATL,72.0,1155.0,8.1,16.7,0.485,0.0,0.4,0.111,8.1,16.3,0.495,6.4,8.1,0.7829999999999999,2.7,3.0,5.7,2.9,1.9,0.7,2.8,3.7,22.6,112.0,105.0,14.5,0.5579999999999999,0.024,0.485,5.9,6.4,6.1,8.5,1.9,0.9,12.2,19.5,,1.9,1.3,3.2,0.134,,-0.9,-0.7,-1.7,0.1,0.0,0.0,16.0,2.6,5.3,0.0,0.1,2.5,5.1,0.48700000000000004,2.0,2.6,0.9,0.9,1.8,0.9,0.6,0.2,0.9,1.2,7.1,5.7,11.8,0.0,0.3,5.7,11.5,4.5,5.7,1.9,2.1,4.0,2.0,1.4,0.5,2.0,2.6,16.0
Vern Fleming,PG,31,IND,55.0,1053.0,7.2,15.5,0.462,0.0,0.2,0.0,7.2,15.3,0.46799999999999997,3.1,4.3,0.736,1.3,4.7,6.0,8.5,2.0,0.3,4.3,4.8,17.5,100.0,106.0,11.8,0.502,0.013000000000000001,0.27399999999999997,3.1,10.2,6.8,24.8,2.0,0.4,19.6,18.5,,0.3,1.1,1.4,0.064,,-1.9,-0.3,-2.2,-0.1,0.0,0.0,19.1,2.7,5.8,0.0,0.1,2.7,5.7,0.462,1.2,1.6,0.5,1.7,2.2,3.1,0.7,0.1,1.6,1.8,6.5,5.0,10.9,0.0,0.1,5.0,10.7,2.2,3.0,0.9,3.3,4.2,5.9,1.4,0.2,3.0,3.4,12.2
Rick Fox,SF,24,BOS,82.0,2096.0,8.1,17.4,0.467,0.8,2.4,0.33,7.4,15.0,0.489,4.2,5.5,0.757,2.5,6.0,8.5,5.2,1.9,1.2,3.8,5.8,21.2,103.0,108.0,14.4,0.535,0.13699999999999998,0.316,5.6,13.5,9.6,15.3,1.9,1.6,16.0,20.4,,1.5,1.7,3.2,0.073,,0.1,0.5,0.7,1.4,0.0,0.0,25.6,4.1,8.9,0.4,1.2,3.7,7.7,0.49,2.1,2.8,1.3,3.0,4.3,2.6,1.0,0.6,1.9,3.0,10.8,5.8,12.5,0.6,1.7,5.3,10.8,3.0,4.0,1.8,4.3,6.1,3.7,1.4,0.9,2.7,4.2,15.2
Kevin Gamble,SF,28,BOS,75.0,1880.0,9.8,21.5,0.45799999999999996,0.7,2.8,0.243,9.2,18.7,0.489,2.8,3.4,0.8170000000000001,1.1,3.2,4.2,4.0,1.5,0.6,2.1,3.6,23.1,104.0,112.0,13.4,0.503,0.128,0.157,2.4,7.1,4.8,12.4,1.5,0.7,8.2,21.6,,1.4,0.7,2.1,0.054000000000000006,,-0.4,-2.0,-2.3,-0.2,0.0,0.0,25.1,4.9,10.7,0.3,1.4,4.6,9.3,0.473,1.4,1.7,0.5,1.6,2.1,2.0,0.8,0.3,1.0,1.8,11.5,7.0,15.4,0.5,2.0,6.6,13.4,2.0,2.4,0.8,2.3,3.0,2.9,1.1,0.4,1.5,2.6,16.5
Chris Gatling,C,26,GSW,82.0,1296.0,10.1,17.2,0.588,0.0,0.0,0.0,10.1,17.2,0.589,4.8,7.8,0.62,5.3,9.5,14.8,1.5,1.5,2.4,3.1,8.3,25.1,116.0,104.0,18.7,0.607,0.002,0.451,12.2,20.8,16.6,4.7,1.5,3.0,13.2,20.3,,2.8,1.7,4.5,0.168,,0.1,-0.8,-0.7,0.4,0.0,0.0,15.8,3.3,5.6,0.0,0.0,3.3,5.6,0.588,1.6,2.5,1.7,3.1,4.8,0.5,0.5,0.8,1.0,2.7,8.2,7.5,12.8,0.0,0.0,7.5,12.8,3.6,5.8,4.0,7.1,11.0,1.1,1.1,1.7,2.3,6.2,18.6
Kenny Gattison,PF,29,CHH,77.0,1644.0,7.0,13.3,0.524,0.0,0.0,,7.0,13.3,0.524,3.8,5.8,0.6459999999999999,3.1,7.6,10.7,2.8,1.8,1.4,2.4,6.9,17.7,110.0,107.0,13.3,0.5579999999999999,0.0,0.43799999999999994,7.3,16.5,12.0,8.1,1.8,1.7,13.0,15.8,,2.0,1.5,3.5,0.102,,-0.8,0.7,-0.1,0.8,0.0,0.0,21.4,3.0,5.8,0.0,0.0,3.0,5.8,0.524,1.6,2.5,1.4,3.3,4.6,1.2,0.8,0.6,1.0,3.0,7.7,5.1,9.7,0.0,0.0,5.1,9.7,2.8,4.3,2.3,5.5,7.8,2.1,1.3,1.0,1.7,5.0,13.0
Matt Geiger,C,24,MIA,72.0,1199.0,8.6,15.0,0.574,0.0,0.2,0.2,8.6,14.8,0.579,5.0,6.4,0.779,5.1,7.9,12.9,1.4,1.5,1.2,2.6,8.6,22.2,123.0,105.0,16.7,0.624,0.013999999999999999,0.423,11.2,17.5,14.3,4.2,1.5,1.7,12.7,17.2,,3.1,1.4,4.5,0.179,,0.7,-0.9,-0.1,0.6,0.0,0.0,16.7,2.8,4.9,0.0,0.1,2.8,4.8,0.575,1.6,2.1,1.7,2.6,4.2,0.4,0.5,0.4,0.8,2.8,7.2,6.1,10.6,0.0,0.2,6.0,10.4,3.5,4.5,3.6,5.5,9.1,1.0,1.1,0.9,1.8,6.0,15.6
Kendall Gill,SG,25,SEA,79.0,2435.0,8.9,20.1,0.44299999999999995,0.8,2.5,0.317,8.1,17.6,0.461,4.5,5.7,0.782,1.9,3.7,5.6,5.7,3.1,0.7,3.0,4.0,23.0,108.0,103.0,15.6,0.51,0.124,0.284,4.4,8.6,6.5,16.9,3.1,0.9,11.6,21.7,,3.1,3.6,6.7,0.132,,0.7,0.7,1.4,2.1,0.0,0.0,30.8,5.4,12.3,0.5,1.5,4.9,10.7,0.462,2.7,3.5,1.2,2.2,3.4,3.5,1.9,0.4,1.8,2.5,14.1,6.3,14.3,0.6,1.8,5.8,12.6,3.2,4.1,1.3,2.6,4.0,4.1,2.2,0.5,2.1,2.9,16.4
Armen Gilliam,PF,29,NJN,82.0,1969.0,8.9,17.4,0.51,0.0,0.0,0.0,8.9,17.4,0.511,7.0,9.2,0.759,5.0,7.7,12.8,1.8,1.0,1.6,2.7,3.3,24.8,117.0,106.0,18.5,0.5770000000000001,0.001,0.529,10.4,16.5,13.4,5.6,1.0,1.9,11.2,20.3,,4.6,2.2,6.8,0.166,,0.7,-0.6,0.1,1.0,0.0,0.0,24.0,4.2,8.3,0.0,0.0,4.2,8.3,0.51,3.3,4.4,2.4,3.7,6.1,0.8,0.5,0.7,1.3,1.6,11.8,6.4,12.5,0.0,0.0,6.4,12.5,5.0,6.6,3.6,5.5,9.1,1.3,0.7,1.1,1.9,2.4,17.7
Gary Grant,PG,28,LAC,78.0,1533.0,8.0,17.7,0.449,0.5,1.9,0.27399999999999997,7.4,15.8,0.47100000000000003,2.0,2.4,0.855,1.3,3.1,4.5,9.1,3.7,0.4,4.3,4.4,18.5,98.0,108.0,13.8,0.493,0.11,0.135,2.9,6.9,4.9,27.9,3.7,0.5,18.6,19.7,,0.0,1.3,1.3,0.040999999999999995,,-1.3,-0.6,-2.0,0.0,0.0,0.0,19.7,3.2,7.2,0.2,0.8,3.0,6.4,0.46399999999999997,0.8,1.0,0.5,1.3,1.8,3.7,1.5,0.2,1.7,1.8,7.5,5.9,13.2,0.4,1.5,5.5,11.8,1.5,1.8,1.0,2.3,3.3,6.8,2.8,0.3,3.2,3.3,13.8
Harvey Grant,SF,28,POR,77.0,2112.0,8.2,17.8,0.46,0.0,0.2,0.28600000000000003,8.1,17.6,0.462,1.9,3.0,0.6409999999999999,2.5,5.6,8.1,2.5,1.6,1.1,1.3,4.1,18.4,106.0,106.0,12.3,0.48,0.009000000000000001,0.16899999999999998,5.4,13.0,9.0,7.4,1.6,1.5,6.3,17.1,,1.7,2.2,3.9,0.08900000000000001,,-1.6,0.5,-1.1,0.5,0.0,0.0,27.4,4.6,10.1,0.0,0.1,4.6,10.0,0.461,1.1,1.7,1.4,3.1,4.6,1.4,0.9,0.6,0.7,2.3,10.4,6.1,13.2,0.0,0.1,6.0,13.1,1.4,2.2,1.9,4.1,6.0,1.8,1.2,0.8,1.0,3.1,13.6
Horace Grant,PF,28,CHI,70.0,2570.0,9.3,17.8,0.524,0.0,0.1,0.0,9.3,17.7,0.528,2.8,4.7,0.596,6.2,9.4,15.6,4.8,1.5,1.7,2.2,3.3,21.5,117.0,101.0,19.8,0.54,0.006999999999999999,0.262,13.9,21.1,17.5,14.3,1.5,2.2,10.0,18.7,,5.7,4.3,10.0,0.188,,2.5,2.7,5.2,4.6,0.0,0.0,36.7,6.6,12.5,0.0,0.1,6.6,12.5,0.524,2.0,3.3,4.4,6.6,11.0,3.4,1.1,1.2,1.6,2.3,15.1,6.4,12.3,0.0,0.1,6.4,12.2,1.9,3.2,4.3,6.5,10.8,3.3,1.0,1.2,1.5,2.3,14.8
Jeff Grayer,SG,28,GSW,67.0,1096.0,8.4,16.0,0.526,0.1,0.5,0.16699999999999998,8.4,15.5,0.5379999999999999,3.1,5.2,0.602,3.4,5.1,8.4,2.7,1.5,0.6,2.8,4.6,20.1,108.0,109.0,13.2,0.5479999999999999,0.033,0.325,7.6,11.2,9.4,7.9,1.5,0.7,13.2,18.0,,1.2,0.8,1.9,0.085,,-1.1,-1.4,-2.5,-0.1,0.0,0.0,16.4,2.9,5.4,0.0,0.2,2.8,5.2,0.529,1.1,1.8,1.1,1.7,2.9,0.9,0.5,0.2,0.9,1.5,6.8,6.3,11.9,0.1,0.4,6.2,11.5,2.3,3.9,2.5,3.8,6.3,2.0,1.1,0.4,2.1,3.4,14.9
A.C. Green,PF,30,PHO,82.0,2825.0,8.2,16.3,0.502,0.1,0.6,0.22899999999999998,8.0,15.6,0.513,4.7,6.4,0.735,4.8,8.4,13.2,2.4,1.2,0.7,1.8,2.5,21.1,120.0,107.0,17.0,0.555,0.038,0.391,11.1,18.8,15.0,6.9,1.2,0.8,8.4,17.6,,6.7,2.6,9.3,0.157,,1.5,-0.3,1.2,2.3,0.0,0.0,34.5,5.7,11.3,0.1,0.4,5.6,10.9,0.506,3.2,4.4,3.4,5.8,9.2,1.7,0.9,0.5,1.2,1.7,14.7,5.9,11.8,0.1,0.4,5.8,11.4,3.4,4.6,3.5,6.1,9.6,1.7,0.9,0.5,1.3,1.8,15.3
Tom Gugliotta,PF,24,WSB,78.0,2795.0,9.7,20.8,0.466,0.7,2.7,0.27,9.0,18.1,0.495,3.8,5.6,0.685,3.4,9.7,13.0,4.9,3.1,0.9,4.4,3.1,23.9,101.0,107.0,17.9,0.514,0.128,0.268,7.8,23.0,15.2,16.0,3.1,1.1,16.0,23.7,,1.1,2.7,3.8,0.066,,0.7,1.5,2.1,2.9,0.0,0.0,35.8,6.9,14.9,0.5,1.9,6.4,13.0,0.483,2.7,4.0,2.4,6.9,9.3,3.5,2.2,0.7,3.2,2.2,17.1,7.0,14.9,0.5,1.9,6.4,13.0,2.7,4.0,2.4,6.9,9.4,3.6,2.2,0.7,3.2,2.2,17.2
Anfernee Hardaway,PG,22,ORL,82.0,3015.0,8.5,18.3,0.466,0.8,3.1,0.267,7.7,15.1,0.507,4.1,5.5,0.742,3.2,4.1,7.3,9.1,3.2,0.9,4.9,3.4,22.0,107.0,106.0,17.4,0.531,0.171,0.302,7.2,9.1,8.2,26.6,3.2,1.1,19.1,21.7,,3.8,3.3,7.1,0.11199999999999999,,2.4,1.4,3.9,4.5,0.0,0.0,36.8,6.2,13.3,0.6,2.3,5.6,11.0,0.489,3.0,4.0,2.3,3.0,5.4,6.6,2.3,0.6,3.6,2.5,16.0,6.1,13.0,0.6,2.2,5.5,10.8,2.9,3.9,2.3,2.9,5.2,6.5,2.3,0.6,3.5,2.4,15.7
Derek Harper,PG,32,TOT,82.0,2204.0,7.1,17.3,0.40700000000000003,1.7,4.7,0.36,5.4,12.6,0.425,2.6,3.8,0.687,0.5,2.8,3.3,7.8,2.9,0.2,3.1,3.8,18.4,102.0,104.0,12.3,0.485,0.273,0.21899999999999997,1.0,6.3,3.6,23.5,2.9,0.3,14.2,18.6,,1.1,2.9,4.0,0.086,,-0.9,-0.4,-1.3,0.4,0.0,0.0,26.9,3.7,9.1,0.9,2.5,2.8,6.6,0.456,1.4,2.0,0.2,1.5,1.7,4.1,1.5,0.1,1.6,2.0,9.6,4.9,12.2,1.2,3.3,3.8,8.8,1.8,2.7,0.3,2.0,2.3,5.5,2.0,0.1,2.2,2.7,12.9
Ron Harper,SG,30,LAC,75.0,2856.0,9.6,22.5,0.426,1.2,4.0,0.301,8.4,18.5,0.45299999999999996,5.0,7.1,0.715,2.2,5.6,7.8,5.8,2.4,0.9,4.1,2.8,25.4,99.0,108.0,15.7,0.496,0.177,0.313,4.8,12.2,8.6,18.7,2.4,1.1,13.7,25.5,,0.7,2.3,2.9,0.049,,0.5,0.2,0.7,1.9,0.0,0.0,38.1,7.6,17.8,0.9,3.1,6.6,14.7,0.45299999999999996,4.0,5.6,1.7,4.4,6.1,4.6,1.9,0.7,3.2,2.2,20.1,7.2,16.8,0.9,3.0,6.3,13.9,3.8,5.3,1.6,4.2,5.8,4.3,1.8,0.7,3.1,2.1,19.0
Lucious Harris,SG,23,DAL,77.0,1165.0,7.1,16.8,0.42100000000000004,0.3,1.4,0.212,6.8,15.4,0.44,3.8,5.2,0.731,2.0,4.9,6.8,4.6,2.1,0.4,3.4,5.1,18.2,97.0,110.0,11.0,0.478,0.086,0.309,4.0,11.7,7.6,14.3,2.1,0.6,15.1,18.7,,-0.1,0.7,0.6,0.025,,-3.0,-1.2,-4.2,-0.7,0.0,0.0,15.1,2.1,5.0,0.1,0.4,2.0,4.6,0.43,1.1,1.5,0.6,1.5,2.0,1.4,0.6,0.1,1.0,1.5,5.4,5.0,11.9,0.2,1.0,4.8,10.9,2.7,3.7,1.4,3.5,4.9,3.3,1.5,0.3,2.4,3.6,12.9
Hersey Hawkins,SG,27,CHH,82.0,2648.0,7.3,16.0,0.46,1.4,4.4,0.332,5.9,11.6,0.508,5.8,6.7,0.862,1.7,5.4,7.0,4.0,2.5,0.4,2.9,3.1,21.9,113.0,108.0,15.6,0.579,0.27399999999999997,0.42100000000000004,3.8,11.7,7.9,11.6,2.5,0.5,13.4,18.9,,4.4,2.1,6.5,0.11800000000000001,,1.9,0.2,2.1,2.7,0.0,0.0,32.3,4.8,10.5,1.0,2.9,3.9,7.6,0.505,3.8,4.4,1.1,3.5,4.6,2.6,1.6,0.3,1.9,2.0,14.4,5.4,11.7,1.1,3.2,4.3,8.5,4.2,4.9,1.2,3.9,5.1,2.9,1.8,0.3,2.1,2.3,16.0
Carl Herrera,PF,27,HOU,75.0,1292.0,5.6,12.1,0.45799999999999996,0.0,0.0,,5.6,12.1,0.45799999999999996,2.7,3.8,0.711,4.0,7.2,11.1,1.4,1.3,1.0,2.7,6.2,13.8,98.0,102.0,9.1,0.5,0.0,0.313,9.2,15.0,12.3,4.1,1.3,1.3,16.4,14.4,,0.1,1.9,2.0,0.075,,-4.1,0.7,-3.3,-0.4,0.0,0.0,17.2,1.9,4.1,0.0,0.0,1.9,4.1,0.45799999999999996,0.9,1.3,1.3,2.5,3.8,0.5,0.4,0.3,0.9,2.1,4.7,4.0,8.6,0.0,0.0,4.0,8.6,1.9,2.7,2.8,5.1,7.9,1.0,0.9,0.7,1.9,4.4,9.8
Tyrone Hill,PF,25,CLE,57.0,1447.0,7.8,14.4,0.5429999999999999,0.0,0.1,0.0,7.8,14.3,0.545,6.2,9.3,0.6679999999999999,6.7,11.4,18.1,1.7,1.9,1.3,2.8,7.0,21.8,118.0,101.0,18.4,0.59,0.005,0.643,14.7,25.3,20.0,5.0,1.9,1.6,13.3,18.2,,3.3,2.4,5.7,0.191,,0.6,0.4,1.0,1.1,0.0,0.0,25.4,3.8,7.0,0.0,0.0,3.8,6.9,0.5429999999999999,3.0,4.5,3.2,5.5,8.8,0.8,0.9,0.6,1.4,3.4,10.6,5.4,9.9,0.0,0.0,5.4,9.9,4.3,6.4,4.6,7.8,12.4,1.1,1.3,0.9,1.9,4.8,15.0
Jeff Hornacek,SG,30,TOT,80.0,2820.0,8.5,18.0,0.47,1.3,3.7,0.337,7.2,14.3,0.505,4.7,5.3,0.878,1.1,3.9,5.0,7.5,2.3,0.2,3.1,3.3,22.8,112.0,110.0,16.7,0.562,0.207,0.295,2.4,8.6,5.5,23.9,2.3,0.3,13.1,20.2,,5.1,1.8,6.9,0.11699999999999999,,2.3,-0.8,1.5,2.5,0.0,0.0,35.3,5.9,12.6,0.9,2.6,5.0,10.0,0.505,3.3,3.7,0.8,2.7,3.5,5.2,1.6,0.2,2.1,2.3,15.9,6.0,12.8,0.9,2.7,5.1,10.2,3.3,3.8,0.8,2.8,3.6,5.3,1.6,0.2,2.2,2.4,16.3
Robert Horry,SF,23,HOU,81.0,2370.0,6.9,15.0,0.45899999999999996,0.9,2.9,0.324,5.9,12.1,0.491,2.5,3.3,0.732,2.7,6.7,9.4,4.9,2.5,1.6,2.9,4.0,17.1,104.0,100.0,14.2,0.521,0.19399999999999998,0.22399999999999998,6.4,13.9,10.3,14.5,2.5,2.0,15.1,17.0,,1.6,4.3,5.9,0.12,,-0.6,3.1,2.5,2.7,0.0,0.0,29.3,4.0,8.7,0.5,1.7,3.4,7.0,0.49,1.4,1.9,1.6,3.9,5.4,2.9,1.5,0.9,1.7,2.3,9.9,4.9,10.7,0.7,2.1,4.2,8.6,1.7,2.4,1.9,4.7,6.7,3.5,1.8,1.1,2.1,2.8,12.2
Allan Houston,SG,22,DET,79.0,1519.0,9.1,22.5,0.405,1.2,3.9,0.299,8.0,18.6,0.428,3.0,3.6,0.8240000000000001,0.6,3.4,4.0,3.4,1.1,0.4,3.3,5.5,22.4,91.0,114.0,9.0,0.465,0.174,0.161,1.4,7.5,4.4,10.5,1.1,0.6,12.1,23.6,,-1.3,0.1,-1.2,-0.038,,-3.7,-3.1,-6.8,-1.9,0.0,0.0,19.2,3.4,8.5,0.4,1.5,3.0,7.0,0.431,1.1,1.4,0.2,1.3,1.5,1.3,0.4,0.2,1.3,2.1,8.5,6.4,15.9,0.8,2.8,5.6,13.1,2.1,2.6,0.5,2.4,2.8,2.4,0.8,0.3,2.3,3.9,15.8
Jay Humphries,SG,31,UTA,75.0,1619.0,7.4,17.0,0.436,1.2,3.1,0.396,6.2,14.0,0.444,1.8,2.4,0.75,1.1,2.9,4.0,7.0,2.1,0.4,3.0,5.3,17.9,101.0,107.0,10.9,0.493,0.179,0.142,2.5,6.5,4.5,20.4,2.1,0.5,14.3,18.1,,0.5,1.6,2.0,0.061,,-1.0,-0.4,-1.4,0.2,0.0,0.0,21.6,3.1,7.1,0.5,1.3,2.6,5.9,0.47100000000000003,0.8,1.0,0.5,1.2,1.7,2.9,0.9,0.1,1.3,2.2,7.5,5.2,11.9,0.8,2.1,4.3,9.8,1.3,1.7,0.8,2.0,2.8,4.9,1.4,0.2,2.1,3.7,12.5
Lindsey Hunter,PG,23,DET,82.0,2172.0,7.9,21.0,0.375,1.6,4.9,0.33299999999999996,6.2,16.1,0.38799999999999996,2.4,3.3,0.732,1.1,3.3,4.4,9.2,2.8,0.2,4.3,4.1,19.8,92.0,111.0,12.0,0.441,0.23199999999999998,0.159,2.4,7.3,4.8,27.7,2.8,0.3,16.1,23.0,,-1.8,1.0,-0.8,-0.017,,-1.5,-1.3,-2.9,-0.5,0.0,0.0,26.5,4.1,10.9,0.8,2.5,3.2,8.4,0.414,1.3,1.7,0.6,1.7,2.3,4.8,1.5,0.1,2.2,2.1,10.3,5.6,14.8,1.1,3.4,4.4,11.4,1.7,2.4,0.8,2.4,3.1,6.5,2.0,0.2,3.0,2.9,14.0
Jim Jackson,SG,23,DAL,82.0,3066.0,10.6,23.7,0.445,0.3,1.0,0.28300000000000003,10.3,22.7,0.452,4.7,5.7,0.821,2.8,3.6,6.4,6.2,1.4,0.4,5.5,2.7,26.1,97.0,113.0,14.4,0.49700000000000005,0.042,0.242,5.8,8.7,7.1,21.5,1.4,0.6,17.4,26.5,,-0.3,0.8,0.6,0.009000000000000001,,-0.3,-1.6,-1.9,0.0,0.0,0.0,37.4,7.8,17.5,0.2,0.7,7.6,16.7,0.451,3.5,4.2,2.1,2.7,4.7,4.6,1.1,0.3,4.1,2.0,19.2,7.5,16.8,0.2,0.7,7.3,16.1,3.3,4.1,2.0,2.6,4.6,4.4,1.0,0.3,3.9,1.9,18.5
Mark Jackson,PG,28,LAC,79.0,2711.0,5.9,13.0,0.452,0.6,2.3,0.28300000000000003,5.2,10.8,0.488,3.0,3.8,0.7909999999999999,1.9,4.3,6.2,12.1,2.1,0.1,4.1,2.0,15.4,107.0,111.0,14.8,0.524,0.17300000000000001,0.28800000000000003,4.2,9.4,6.8,34.6,2.1,0.1,22.0,16.1,,2.7,1.4,4.1,0.07200000000000001,,0.3,-1.0,-0.7,0.9,0.0,0.0,34.3,4.2,9.3,0.5,1.6,3.7,7.7,0.47700000000000004,2.1,2.7,1.4,3.1,4.4,8.6,1.5,0.1,2.9,1.5,10.9,4.4,9.7,0.5,1.7,3.9,8.0,2.2,2.8,1.4,3.2,4.6,9.0,1.6,0.1,3.1,1.5,11.5
Keith Jennings,PG,25,GSW,76.0,1097.0,6.1,15.1,0.40399999999999997,2.5,6.7,0.371,3.6,8.4,0.429,4.4,5.3,0.833,0.7,3.2,3.9,9.6,2.9,0.0,3.3,2.7,19.1,114.0,108.0,15.5,0.547,0.442,0.35100000000000003,1.6,7.1,4.4,26.1,2.9,0.0,15.8,17.6,,2.0,0.9,2.9,0.126,,1.0,-2.3,-1.3,0.2,0.0,0.0,14.4,1.8,4.5,0.7,2.0,1.1,2.5,0.485,1.3,1.6,0.2,1.0,1.2,2.9,0.9,0.0,1.0,0.8,5.7,4.5,11.2,1.8,5.0,2.7,6.3,3.3,3.9,0.5,2.4,2.9,7.2,2.1,0.0,2.4,2.0,14.2
Avery Johnson,PG,28,GSW,82.0,2332.0,7.4,15.0,0.49200000000000005,0.0,0.2,0.0,7.4,14.8,0.5,3.7,5.3,0.7040000000000001,0.9,2.8,3.7,9.0,2.3,0.2,3.6,3.3,18.5,108.0,109.0,13.9,0.5329999999999999,0.017,0.349,1.9,6.2,4.1,25.3,2.3,0.2,17.1,17.8,,2.6,1.5,4.1,0.085,,-0.7,-1.6,-2.3,-0.2,0.0,0.0,28.4,4.3,8.8,0.0,0.1,4.3,8.7,0.49200000000000005,2.2,3.1,0.5,1.6,2.1,5.3,1.4,0.1,2.1,2.0,10.9,5.5,11.2,0.0,0.2,5.5,11.0,2.7,3.9,0.6,2.1,2.7,6.7,1.7,0.1,2.7,2.5,13.7
Eddie Johnson,SF,34,CHH,73.0,1460.0,11.4,24.9,0.45899999999999996,2.0,5.1,0.39299999999999996,9.4,19.8,0.47600000000000003,3.3,4.3,0.78,2.7,4.9,7.6,4.2,1.2,0.3,2.8,4.8,28.2,106.0,111.0,15.9,0.527,0.203,0.172,6.2,10.6,8.5,13.8,1.2,0.3,9.6,25.6,,1.8,0.6,2.4,0.079,,1.4,-2.9,-1.5,0.2,0.0,0.0,20.0,4.6,10.1,0.8,2.1,3.8,8.1,0.499,1.4,1.7,1.1,2.0,3.1,1.7,0.5,0.1,1.2,2.0,11.5,8.4,18.2,1.5,3.7,6.9,14.5,2.4,3.1,2.0,3.6,5.5,3.1,0.9,0.2,2.1,3.5,20.6
Kevin Johnson,PG,27,PHO,67.0,2449.0,9.7,19.9,0.48700000000000004,0.1,0.5,0.222,9.5,19.3,0.494,7.7,9.4,0.8190000000000001,1.1,2.3,3.4,12.9,2.5,0.2,4.8,2.6,27.1,116.0,109.0,20.6,0.5660000000000001,0.027999999999999997,0.473,2.6,5.1,3.8,38.5,2.5,0.3,16.6,24.3,,7.0,1.7,8.7,0.17,,3.2,-2.3,0.9,1.8,0.0,1.0,36.6,7.1,14.6,0.1,0.4,7.0,14.2,0.49,5.7,6.9,0.8,1.7,2.5,9.5,1.9,0.1,3.5,1.9,20.0,7.0,14.4,0.1,0.4,6.9,14.0,5.6,6.8,0.8,1.6,2.5,9.4,1.8,0.1,3.5,1.9,19.7
Larry Johnson,PF,24,CHH,51.0,1757.0,9.7,18.8,0.515,0.1,0.6,0.23800000000000002,9.6,18.2,0.524,3.8,5.5,0.695,4.0,8.5,12.5,5.2,0.8,0.4,3.2,3.7,23.4,110.0,109.0,16.8,0.55,0.031,0.293,9.3,18.6,14.1,16.0,0.8,0.5,13.3,21.2,,2.8,1.1,3.9,0.106,,1.6,-0.2,1.4,1.5,0.0,0.0,34.5,6.8,13.2,0.1,0.4,6.7,12.8,0.519,2.7,3.9,2.8,6.0,8.8,3.6,0.6,0.3,2.3,2.6,16.4,7.1,13.8,0.1,0.4,7.0,13.3,2.8,4.0,2.9,6.2,9.2,3.8,0.6,0.3,2.4,2.7,17.1
Popeye Jones,PF,23,DAL,81.0,1773.0,5.6,11.7,0.479,0.0,0.0,0.0,5.6,11.6,0.48,2.2,3.1,0.7290000000000001,8.6,8.8,17.3,2.8,1.7,0.9,2.7,7.0,13.4,111.0,108.0,14.1,0.515,0.002,0.263,17.6,20.9,19.2,8.4,1.7,1.2,17.2,13.1,,2.1,1.6,3.6,0.098,,-0.4,0.7,0.3,1.0,0.0,0.0,21.9,2.4,5.0,0.0,0.0,2.4,5.0,0.479,1.0,1.3,3.7,3.8,7.5,1.2,0.8,0.4,1.2,3.0,5.8,4.0,8.3,0.0,0.0,4.0,8.2,1.6,2.2,6.1,6.2,12.3,2.0,1.2,0.6,1.9,5.0,9.5
Shawn Kemp,PF,24,SEA,79.0,2597.0,10.4,19.2,0.5379999999999999,0.0,0.1,0.25,10.3,19.2,0.54,7.1,9.5,0.741,6.1,10.5,16.5,4.0,2.8,3.2,5.0,6.1,27.8,112.0,96.0,22.9,0.593,0.004,0.496,14.2,24.7,19.4,12.4,2.8,4.6,17.7,24.2,,5.6,6.0,11.7,0.21600000000000003,,2.4,4.2,6.5,5.6,0.0,17.0,32.9,6.7,12.5,0.0,0.1,6.7,12.5,0.539,4.6,6.2,3.9,6.8,10.8,2.6,1.8,2.1,3.3,3.9,18.1,7.4,13.7,0.0,0.1,7.4,13.7,5.0,6.8,4.3,7.5,11.8,2.9,2.0,2.3,3.6,4.3,19.8
Steve Kerr,PG,28,CHI,82.0,2036.0,7.4,14.8,0.49700000000000005,1.3,3.2,0.419,6.0,11.6,0.519,2.1,2.5,0.856,0.7,2.7,3.4,5.4,1.9,0.1,1.5,2.5,18.2,121.0,106.0,13.7,0.5720000000000001,0.215,0.168,1.5,6.0,3.8,15.2,1.9,0.1,8.4,14.7,,4.0,2.1,6.1,0.145,,0.5,-0.9,-0.3,0.8,0.0,0.0,24.8,3.5,7.0,0.6,1.5,2.9,5.5,0.542,1.0,1.2,0.3,1.3,1.6,2.6,0.9,0.0,0.7,1.2,8.6,5.1,10.2,0.9,2.2,4.2,8.0,1.5,1.7,0.5,1.9,2.3,3.7,1.3,0.1,1.0,1.7,12.5
Jerome Kersey,SF,31,POR,78.0,1276.0,7.7,17.9,0.433,0.0,0.3,0.125,7.7,17.6,0.43799999999999994,3.8,5.1,0.748,4.9,7.7,12.6,2.9,2.7,1.9,2.4,8.1,19.3,105.0,102.0,14.5,0.48100000000000004,0.017,0.28800000000000003,10.6,17.9,14.1,8.5,2.7,2.4,10.7,18.9,,1.1,2.0,3.2,0.11900000000000001,,-1.3,1.7,0.4,0.8,0.0,0.0,16.4,2.6,6.0,0.0,0.1,2.6,5.9,0.434,1.3,1.7,1.7,2.6,4.2,1.0,0.9,0.6,0.8,2.7,6.5,5.7,13.2,0.0,0.2,5.7,13.0,2.8,3.8,3.7,5.7,9.3,2.1,2.0,1.4,1.8,6.0,14.3
Stacey King,C,27,TOT,49.0,1053.0,7.1,16.7,0.428,0.0,0.1,0.0,7.1,16.6,0.431,4.5,6.6,0.684,4.4,7.4,11.8,2.8,1.5,2.1,4.1,5.9,18.8,95.0,105.0,11.6,0.48,0.006,0.39899999999999997,10.1,16.6,13.4,8.3,1.5,2.6,17.2,20.2,,-0.4,1.3,0.9,0.040999999999999995,,-3.5,0.6,-2.9,-0.2,0.0,0.0,21.5,3.0,7.0,0.0,0.0,3.0,6.9,0.428,1.9,2.8,1.8,3.1,4.9,1.2,0.6,0.9,1.7,2.5,7.9,5.0,11.7,0.0,0.1,5.0,11.6,3.2,4.6,3.1,5.2,8.2,2.0,1.1,1.4,2.8,4.1,13.2
Negele Knight,PG,26,TOT,65.0,1438.0,8.3,17.6,0.474,0.1,0.8,0.19,8.2,16.8,0.48700000000000004,5.2,6.4,0.81,1.0,2.8,3.8,7.3,1.3,0.4,3.5,4.5,22.0,110.0,109.0,13.8,0.539,0.044000000000000004,0.366,2.3,5.6,4.0,21.2,1.3,0.5,14.6,20.1,,2.2,1.0,3.2,0.10800000000000001,,-0.4,-2.1,-2.4,-0.2,0.0,0.0,22.1,3.5,7.3,0.1,0.3,3.4,7.0,0.478,2.2,2.7,0.4,1.2,1.6,3.0,0.5,0.2,1.4,1.9,9.2,5.6,11.9,0.1,0.5,5.5,11.4,3.5,4.4,0.7,1.9,2.6,4.9,0.9,0.3,2.4,3.0,14.9
Jon Koncak,C,30,ATL,82.0,1823.0,4.4,10.3,0.431,0.0,0.1,0.0,4.4,10.2,0.434,0.7,1.0,0.667,2.3,7.9,10.2,2.8,1.8,3.5,1.2,6.6,9.6,102.0,100.0,9.9,0.444,0.008,0.098,5.0,17.1,11.0,7.6,1.8,4.5,10.3,10.1,,0.4,3.4,3.8,0.10099999999999999,,-3.8,4.3,0.5,1.2,0.0,0.0,22.2,1.9,4.5,0.0,0.0,1.9,4.5,0.431,0.3,0.4,1.0,3.4,4.5,1.2,0.8,1.5,0.5,2.9,4.2,3.1,7.3,0.0,0.1,3.1,7.2,0.5,0.7,1.6,5.6,7.2,2.0,1.2,2.5,0.9,4.7,6.8
Toni Kukoƒç,SF,25,CHI,75.0,1808.0,9.0,21.0,0.431,0.9,3.4,0.271,8.1,17.6,0.462,4.5,6.1,0.743,2.8,5.7,8.6,7.3,2.3,1.0,4.8,3.5,23.5,100.0,102.0,15.4,0.49700000000000005,0.163,0.289,6.3,12.9,9.6,21.5,2.3,1.3,16.9,24.1,,0.5,2.7,3.2,0.086,,-0.5,0.8,0.4,1.1,0.0,0.0,24.1,4.2,9.7,0.4,1.6,3.7,8.1,0.45299999999999996,2.1,2.8,1.3,2.7,4.0,3.4,1.1,0.4,2.2,1.6,10.9,6.2,14.5,0.6,2.3,5.6,12.1,3.1,4.2,2.0,4.0,5.9,5.0,1.6,0.7,3.3,2.4,16.2
Christian Laettner,PF,24,MIN,70.0,2428.0,8.3,18.4,0.44799999999999995,0.1,0.5,0.24,8.1,17.9,0.455,7.8,10.0,0.7829999999999999,3.3,9.2,12.6,6.4,1.8,1.8,5.4,5.5,24.5,102.0,106.0,16.8,0.536,0.027999999999999997,0.542,7.9,20.9,14.5,21.3,1.8,2.3,19.1,24.4,,1.4,2.6,4.1,0.081,,0.3,1.9,2.2,2.6,0.0,0.0,34.7,5.7,12.6,0.1,0.4,5.6,12.3,0.452,5.4,6.8,2.3,6.3,8.6,4.4,1.2,1.2,3.7,3.8,16.8,5.9,13.1,0.1,0.4,5.8,12.7,5.6,7.1,2.4,6.6,8.9,4.6,1.3,1.3,3.8,3.9,17.4
Andrew Lang,C,27,ATL,82.0,1608.0,6.8,14.5,0.469,0.0,0.1,0.25,6.8,14.4,0.47100000000000003,2.3,3.4,0.6890000000000001,4.0,5.9,9.9,1.6,1.2,2.8,2.6,6.1,16.0,101.0,103.0,11.0,0.499,0.009000000000000001,0.231,8.6,12.8,10.7,4.6,1.2,3.5,13.8,15.6,,0.5,2.4,2.9,0.087,,-3.2,1.3,-1.9,0.0,0.0,0.0,19.6,2.6,5.6,0.0,0.0,2.6,5.5,0.47100000000000003,0.9,1.3,1.5,2.3,3.8,0.6,0.5,1.1,1.0,2.3,6.1,4.8,10.3,0.0,0.1,4.8,10.2,1.6,2.4,2.8,4.2,7.0,1.1,0.9,1.9,1.8,4.3,11.3
Eric Leckner,C,27,PHI,71.0,1163.0,6.0,12.3,0.486,0.0,0.1,0.0,6.0,12.3,0.489,3.6,5.6,0.6459999999999999,3.2,8.9,12.2,3.7,0.8,1.5,3.7,8.2,15.6,98.0,109.0,10.4,0.527,0.006999999999999999,0.455,7.1,19.6,13.3,11.1,0.8,1.8,20.0,16.0,,0.1,0.8,0.9,0.036000000000000004,,-3.7,-0.1,-3.8,-0.5,0.0,0.0,16.4,2.0,4.0,0.0,0.0,2.0,4.0,0.486,1.2,1.8,1.1,2.9,4.0,1.2,0.3,0.5,1.2,2.7,5.1,4.3,8.9,0.0,0.1,4.3,8.8,2.6,4.0,2.3,6.4,8.7,2.7,0.6,1.1,2.7,5.9,11.2
Tim Legler,PG,27,DAL,79.0,1322.0,8.9,20.3,0.43799999999999994,2.0,5.3,0.374,6.9,14.9,0.46,5.5,6.5,0.84,1.4,3.5,4.9,4.6,2.0,0.5,2.3,5.1,25.2,115.0,111.0,16.1,0.545,0.263,0.32,2.8,8.4,5.4,15.1,2.0,0.7,9.1,21.2,,2.8,0.6,3.4,0.124,,1.3,-2.6,-1.3,0.2,0.0,0.0,16.7,2.9,6.7,0.7,1.8,2.3,4.9,0.48700000000000004,1.8,2.1,0.5,1.2,1.6,1.5,0.7,0.2,0.8,1.7,8.3,6.3,14.4,1.4,3.8,4.9,10.6,3.9,4.6,1.0,2.5,3.5,3.3,1.4,0.4,1.6,3.6,17.9
Fat Lever,PG,33,DAL,81.0,1947.0,5.9,14.5,0.408,0.7,1.9,0.35100000000000003,5.2,12.6,0.41600000000000004,2.0,2.6,0.765,2.2,5.2,7.4,5.6,4.1,0.4,2.3,4.0,14.5,102.0,106.0,13.2,0.462,0.133,0.17600000000000002,4.5,12.5,8.2,16.6,4.1,0.5,12.8,15.0,,0.7,2.1,2.9,0.07,,-1.2,1.6,0.4,1.2,0.0,0.0,24.0,2.8,6.9,0.3,0.9,2.5,6.0,0.431,0.9,1.2,1.0,2.5,3.5,2.6,2.0,0.2,1.1,1.9,6.9,4.2,10.3,0.5,1.4,3.7,8.9,1.4,1.8,1.5,3.7,5.2,3.9,2.9,0.3,1.6,2.9,10.3
Grant Long,PF,27,MIA,69.0,2201.0,7.0,15.6,0.446,0.0,0.1,0.16699999999999998,7.0,15.5,0.449,4.3,5.5,0.7859999999999999,4.4,7.1,11.5,4.0,2.1,0.6,2.9,5.7,18.3,108.0,105.0,13.9,0.507,0.009000000000000001,0.354,9.8,15.8,12.8,11.5,2.1,0.8,13.9,17.7,,2.6,2.5,5.1,0.111,,0.1,1.2,1.3,1.8,0.0,0.0,31.9,4.3,9.7,0.0,0.1,4.3,9.7,0.447,2.7,3.4,2.8,4.4,7.2,2.5,1.3,0.4,1.8,3.5,11.4,4.9,11.0,0.0,0.1,4.9,10.9,3.1,3.9,3.1,5.0,8.1,2.8,1.5,0.4,2.0,4.0,12.9
Luc Longley,C,25,TOT,76.0,1502.0,7.5,15.9,0.47100000000000003,0.0,0.0,0.0,7.5,15.8,0.47200000000000003,3.1,4.3,0.72,4.4,10.4,14.8,3.7,1.5,2.7,4.1,7.4,18.0,98.0,103.0,13.5,0.508,0.002,0.26899999999999996,10.2,23.4,16.9,11.3,1.5,3.4,18.6,18.7,,0.0,2.2,2.2,0.071,,-2.9,1.8,-1.1,0.3,0.0,0.0,19.8,2.9,6.1,0.0,0.0,2.9,6.1,0.47100000000000003,1.2,1.6,1.7,4.0,5.7,1.4,0.6,1.0,1.6,2.8,6.9,5.2,11.1,0.0,0.0,5.2,11.1,2.2,3.0,3.1,7.3,10.4,2.6,1.1,1.9,2.9,5.2,12.7
George Lynch,SF,23,LAL,71.0,1762.0,8.3,16.4,0.508,0.0,0.1,0.0,8.3,16.2,0.512,2.8,4.7,0.596,6.3,5.4,11.7,2.7,2.9,0.8,2.5,5.1,19.4,110.0,108.0,16.1,0.527,0.009000000000000001,0.29,13.0,12.2,12.6,8.2,2.9,1.0,11.9,17.5,,2.4,1.5,3.9,0.107,,0.9,0.5,1.5,1.5,0.0,0.0,24.8,4.1,8.1,0.0,0.1,4.1,8.0,0.508,1.4,2.3,3.1,2.7,5.8,1.4,1.4,0.4,1.2,2.5,9.6,5.9,11.7,0.0,0.1,5.9,11.6,2.0,3.4,4.5,3.9,8.4,2.0,2.1,0.6,1.8,3.6,13.9
Don MacLean,SF,24,WSB,75.0,2487.0,10.4,20.7,0.502,0.1,0.4,0.14300000000000002,10.3,20.3,0.509,6.6,8.0,0.8240000000000001,2.8,6.6,9.4,3.2,0.9,0.4,3.1,3.4,27.5,113.0,114.0,17.8,0.5660000000000001,0.02,0.386,6.5,15.7,11.0,10.7,0.9,0.6,11.2,23.4,,5.3,0.3,5.6,0.10800000000000001,,1.2,-2.2,-1.0,0.6,0.0,0.0,33.2,6.9,13.7,0.0,0.3,6.9,13.5,0.503,4.4,5.3,1.9,4.4,6.2,2.1,0.6,0.3,2.0,2.3,18.2,7.5,14.9,0.0,0.3,7.4,14.6,4.7,5.8,2.0,4.7,6.8,2.3,0.7,0.3,2.2,2.4,19.8
Dan Majerle,SG,28,PHO,80.0,3207.0,7.4,17.6,0.418,3.0,7.8,0.382,4.4,9.8,0.447,2.7,3.7,0.7390000000000001,1.9,3.5,5.4,4.3,2.0,0.7,2.1,2.4,20.4,113.0,109.0,13.7,0.531,0.442,0.209,4.3,8.0,6.1,11.9,2.0,0.8,9.9,18.0,,5.0,2.3,7.3,0.109,,2.6,-0.2,2.3,3.5,0.0,0.0,40.1,6.0,14.2,2.4,6.3,3.6,7.9,0.503,2.2,3.0,1.5,2.9,4.4,3.4,1.6,0.5,1.7,1.9,16.5,5.3,12.8,2.2,5.6,3.2,7.1,2.0,2.7,1.3,2.6,3.9,3.1,1.4,0.5,1.5,1.7,14.8
Jeff Malone,SG,32,TOT,77.0,2560.0,10.5,21.6,0.486,0.1,0.2,0.583,10.3,21.3,0.485,4.1,4.9,0.83,1.0,3.0,4.0,2.5,0.8,0.1,1.7,2.5,25.2,108.0,112.0,13.5,0.53,0.011000000000000001,0.228,2.3,6.5,4.4,8.3,0.8,0.1,6.7,21.9,,3.2,0.9,4.2,0.079,,-0.6,-2.4,-3.0,-0.6,0.0,0.0,33.2,6.8,14.0,0.1,0.2,6.7,13.9,0.489,2.7,3.2,0.7,1.9,2.6,1.6,0.5,0.1,1.1,1.6,16.4,7.4,15.2,0.1,0.2,7.3,15.0,2.9,3.5,0.7,2.1,2.8,1.8,0.6,0.1,1.2,1.7,17.7
Karl Malone,PF,30,UTA,82.0,3329.0,12.0,24.0,0.49700000000000005,0.1,0.5,0.25,11.8,23.5,0.503,7.9,11.4,0.6940000000000001,3.6,10.9,14.6,5.1,1.9,2.0,3.6,4.1,31.9,111.0,100.0,22.9,0.55,0.021,0.474,8.3,24.1,16.3,17.1,1.9,2.6,11.1,28.0,,7.4,6.1,13.4,0.193,,3.2,3.0,6.3,6.9,0.0,17.0,40.6,9.4,18.9,0.1,0.4,9.3,18.5,0.5,6.2,9.0,2.9,8.6,11.5,4.0,1.5,1.5,2.9,3.3,25.2,8.3,16.8,0.1,0.3,8.3,16.4,5.5,8.0,2.5,7.6,10.2,3.5,1.4,1.4,2.5,2.9,22.3
Danny Manning,PF,27,TOT,68.0,2520.0,11.4,23.4,0.488,0.1,0.3,0.17600000000000002,11.4,23.1,0.49200000000000005,4.4,6.7,0.669,2.6,6.5,9.1,5.1,1.9,1.6,4.5,5.1,27.4,100.0,106.0,16.4,0.519,0.013999999999999999,0.284,5.6,14.2,9.9,17.2,1.9,2.0,14.7,26.3,,0.7,2.8,3.5,0.066,,-0.3,0.8,0.6,1.7,0.0,0.0,37.1,8.6,17.7,0.0,0.3,8.6,17.4,0.489,3.4,5.0,1.9,4.9,6.8,3.8,1.5,1.2,3.4,3.8,20.6,8.4,17.2,0.0,0.2,8.3,16.9,3.3,4.9,1.9,4.8,6.6,3.7,1.4,1.2,3.3,3.7,20.0
Jamal Mashburn,SF,21,DAL,79.0,2896.0,9.8,24.2,0.406,1.5,5.2,0.284,8.4,19.0,0.44,5.4,7.7,0.6990000000000001,1.9,4.3,6.2,4.7,1.6,0.2,4.3,3.6,26.5,97.0,112.0,13.2,0.48,0.21600000000000003,0.317,3.9,10.3,6.8,15.8,1.6,0.3,13.5,26.6,,-0.2,1.0,0.9,0.013999999999999999,,-0.2,-2.2,-2.5,-0.4,0.0,0.0,36.7,7.1,17.5,1.1,3.8,6.0,13.7,0.43700000000000006,3.9,5.5,1.4,3.1,4.5,3.4,1.1,0.2,3.1,2.6,19.2,7.0,17.2,1.1,3.7,5.9,13.5,3.8,5.4,1.3,3.1,4.4,3.3,1.1,0.2,3.0,2.5,18.8
Anthony Mason,PF,27,NYK,73.0,1903.0,5.6,11.8,0.47600000000000003,0.0,0.0,0.0,5.6,11.7,0.47700000000000004,3.2,4.4,0.72,4.3,7.3,11.6,4.1,0.8,0.2,2.9,5.2,14.3,107.0,101.0,10.8,0.524,0.002,0.37200000000000005,9.6,15.7,12.7,11.7,0.8,0.3,17.5,14.1,,1.6,3.3,4.9,0.12300000000000001,,-1.6,2.0,0.4,1.2,0.0,0.0,26.1,2.8,5.9,0.0,0.0,2.8,5.9,0.47600000000000003,1.6,2.2,2.2,3.7,5.8,2.1,0.4,0.1,1.5,2.6,7.2,3.9,8.2,0.0,0.0,3.9,8.2,2.2,3.0,3.0,5.1,8.1,2.9,0.6,0.2,2.0,3.6,10.0
Vernon Maxwell,SG,28,HOU,75.0,2571.0,7.5,19.2,0.389,2.4,7.9,0.298,5.1,11.3,0.45399999999999996,2.8,3.8,0.7490000000000001,0.8,3.7,4.5,7.5,2.5,0.4,3.6,2.8,20.1,98.0,103.0,12.5,0.483,0.413,0.196,1.9,7.7,5.0,22.4,2.5,0.5,14.9,21.4,,-0.1,3.6,3.5,0.066,,-0.3,0.2,-0.1,1.2,0.0,0.0,34.3,5.1,13.0,1.6,5.4,3.5,7.6,0.451,1.9,2.5,0.6,2.5,3.1,5.1,1.7,0.3,2.5,1.9,13.6,5.3,13.7,1.7,5.6,3.6,8.0,2.0,2.7,0.6,2.6,3.2,5.3,1.8,0.3,2.6,2.0,14.3
Lee Mayberry,PG,23,MIL,82.0,1472.0,5.8,13.9,0.415,1.4,4.1,0.345,4.3,9.8,0.445,2.0,2.9,0.69,0.9,2.6,3.5,7.4,1.6,0.1,3.3,3.9,14.9,99.0,113.0,9.4,0.493,0.29600000000000004,0.209,1.9,6.2,3.9,22.2,1.6,0.2,18.1,15.8,,0.1,0.3,0.4,0.013000000000000001,,-2.7,-3.1,-5.8,-1.4,0.0,0.0,18.0,2.0,4.9,0.5,1.5,1.5,3.5,0.466,0.7,1.0,0.3,0.9,1.2,2.6,0.6,0.0,1.2,1.4,5.3,4.1,9.8,1.0,2.9,3.1,6.9,1.4,2.1,0.6,1.8,2.5,5.3,1.1,0.1,2.4,2.8,10.6
Xavier McDaniel,SF,30,BOS,82.0,1971.0,9.9,21.4,0.461,0.3,1.0,0.244,9.6,20.3,0.47200000000000003,3.7,5.4,0.6759999999999999,3.6,6.6,10.2,3.2,1.2,1.0,3.0,4.9,23.6,101.0,109.0,14.5,0.49700000000000005,0.049,0.254,8.1,14.8,11.5,10.0,1.2,1.2,11.1,23.1,,1.0,1.3,2.3,0.055,,-0.9,-1.1,-2.0,0.0,0.0,0.0,24.0,4.7,10.2,0.1,0.5,4.6,9.7,0.467,1.8,2.6,1.7,3.1,4.9,1.5,0.6,0.5,1.4,2.4,11.3,7.1,15.3,0.2,0.7,6.9,14.6,2.6,3.9,2.6,4.7,7.3,2.3,0.9,0.7,2.1,3.5,16.9
Derrick McKey,SF,27,IND,76.0,2613.0,7.0,14.0,0.5,0.2,0.6,0.29,6.8,13.4,0.51,3.8,5.0,0.7559999999999999,2.5,5.4,7.9,6.4,2.2,1.0,4.5,4.9,17.9,103.0,104.0,13.3,0.5539999999999999,0.044000000000000004,0.358,5.9,11.7,8.9,18.8,2.2,1.3,21.7,17.6,,1.7,3.3,5.0,0.092,,0.2,2.0,2.2,2.8,0.0,0.0,34.4,4.7,9.3,0.1,0.4,4.6,8.9,0.506,2.5,3.3,1.7,3.6,5.3,4.3,1.5,0.6,3.0,3.3,12.0,4.9,9.8,0.1,0.4,4.8,9.4,2.6,3.5,1.8,3.8,5.5,4.5,1.5,0.7,3.1,3.4,12.6
Nate McMillan,PG,29,SEA,73.0,1887.0,4.7,10.6,0.447,1.4,3.6,0.391,3.3,7.0,0.475,0.8,1.5,0.564,1.3,6.2,7.6,10.3,5.8,0.6,3.4,5.4,11.7,107.0,95.0,15.5,0.52,0.336,0.139,3.1,14.7,8.9,27.3,5.8,0.8,23.1,12.4,,1.5,4.5,6.0,0.154,,0.7,4.4,5.2,3.4,0.0,0.0,25.8,2.4,5.4,0.7,1.8,1.7,3.6,0.513,0.4,0.8,0.7,3.2,3.9,5.3,3.0,0.3,1.7,2.8,6.0,3.4,7.6,1.0,2.5,2.4,5.0,0.6,1.0,1.0,4.4,5.4,7.4,4.1,0.4,2.4,3.8,8.3
Oliver Miller,C,23,PHO,69.0,1786.0,7.7,12.6,0.609,0.1,0.3,0.222,7.6,12.4,0.617,2.2,3.8,0.584,3.9,9.3,13.2,6.8,2.3,4.3,4.6,6.4,17.7,109.0,101.0,18.2,0.617,0.02,0.301,8.9,21.0,15.0,19.1,2.3,5.5,24.1,16.0,,2.2,3.1,5.3,0.142,,0.7,4.9,5.6,3.4,0.0,0.0,25.9,4.0,6.6,0.0,0.1,4.0,6.5,0.611,1.2,2.0,2.0,4.9,6.9,3.5,1.2,2.3,2.4,3.3,9.2,5.6,9.2,0.0,0.2,5.5,9.0,1.6,2.8,2.8,6.8,9.6,4.9,1.7,3.1,3.3,4.6,12.8
Reggie Miller,SG,28,IND,79.0,2638.0,10.2,20.3,0.503,2.4,5.7,0.42100000000000004,7.8,14.6,0.535,7.9,8.7,0.9079999999999999,0.6,3.6,4.1,4.8,2.3,0.5,3.4,3.8,30.7,123.0,106.0,20.2,0.636,0.28,0.426,1.4,7.7,4.7,15.6,2.3,0.6,12.4,23.5,,8.8,2.9,11.7,0.212,,5.0,-0.9,4.1,4.1,0.0,0.0,33.4,6.6,13.2,1.6,3.7,5.1,9.5,0.562,5.1,5.6,0.4,2.3,2.7,3.1,1.5,0.3,2.2,2.4,19.9,7.2,14.2,1.7,4.0,5.5,10.2,5.5,6.1,0.4,2.5,2.9,3.4,1.6,0.3,2.4,2.6,21.5
Chris Mills,SF,24,CLE,79.0,2022.0,7.4,17.5,0.419,1.0,3.2,0.311,6.4,14.4,0.44299999999999995,3.5,4.6,0.778,3.5,6.9,10.4,3.3,1.4,1.3,2.3,6.0,19.2,105.0,105.0,12.6,0.49200000000000005,0.18,0.26,7.7,15.4,11.5,9.8,1.4,1.6,10.6,18.7,,1.7,2.4,4.0,0.096,,-0.8,0.3,-0.5,0.8,0.0,0.0,25.6,3.6,8.6,0.5,1.5,3.1,7.0,0.44799999999999995,1.7,2.2,1.7,3.4,5.1,1.6,0.7,0.6,1.1,2.9,9.4,5.1,12.1,0.7,2.2,4.4,9.9,2.4,3.1,2.4,4.8,7.1,2.3,1.0,0.9,1.6,4.1,13.2
Terry Mills,PF,26,DET,80.0,2773.0,10.8,21.2,0.511,0.4,1.3,0.32899999999999996,10.4,19.8,0.523,3.3,4.2,0.797,3.5,8.8,12.4,3.3,1.2,1.1,2.8,5.7,25.4,110.0,109.0,17.7,0.552,0.063,0.19699999999999998,7.6,19.4,13.4,10.8,1.2,1.5,10.9,22.2,,4.5,1.8,6.3,0.11,,1.1,0.0,1.1,2.2,0.0,0.0,34.7,7.4,14.4,0.3,0.9,7.1,13.5,0.521,2.3,2.8,2.4,6.0,8.4,2.2,0.8,0.8,1.9,3.9,17.3,7.6,14.9,0.3,0.9,7.3,14.0,2.3,2.9,2.5,6.2,8.7,2.3,0.8,0.8,2.0,4.0,17.9
Harold Miner,SG,22,MIA,63.0,1358.0,9.6,20.0,0.47700000000000004,0.2,0.2,0.667,9.4,19.8,0.475,5.6,6.8,0.828,2.8,3.1,5.9,3.6,1.2,0.5,3.6,5.0,24.9,109.0,110.0,14.0,0.541,0.011000000000000001,0.33799999999999997,6.2,6.8,6.5,11.3,1.2,0.7,13.5,22.4,,1.9,0.7,2.7,0.094,,-0.5,-2.1,-2.6,-0.2,0.0,0.0,21.6,4.0,8.4,0.1,0.1,4.0,8.3,0.48100000000000004,2.4,2.9,1.2,1.3,2.5,1.5,0.5,0.2,1.5,2.1,10.5,6.7,14.1,0.1,0.2,6.6,13.9,3.9,4.8,2.0,2.1,4.1,2.5,0.8,0.3,2.5,3.5,17.5
Sam Mitchell,PF,30,IND,75.0,1084.0,6.6,14.5,0.45799999999999996,0.0,0.2,0.0,6.6,14.3,0.465,3.9,5.2,0.745,3.4,5.6,9.0,3.1,1.6,0.4,2.4,7.2,17.2,107.0,106.0,10.9,0.511,0.016,0.359,7.9,12.2,10.1,8.9,1.6,0.6,12.4,16.4,,1.0,1.2,2.2,0.099,,-1.4,-0.2,-1.7,0.1,0.0,0.0,14.5,1.9,4.1,0.0,0.1,1.9,4.0,0.45799999999999996,1.1,1.5,0.9,1.6,2.5,0.9,0.4,0.1,0.7,2.0,4.8,4.6,10.2,0.0,0.2,4.6,10.0,2.7,3.7,2.4,4.0,6.3,2.2,1.1,0.3,1.7,5.0,12.0
Chris Morris,SF,28,NJN,50.0,1349.0,7.6,16.9,0.447,2.0,5.5,0.361,5.6,11.4,0.489,3.2,4.4,0.72,3.4,5.1,8.5,3.1,2.0,1.8,1.9,4.5,20.3,114.0,105.0,15.4,0.5379999999999999,0.324,0.26,7.0,10.9,8.9,9.5,2.0,2.3,9.3,17.4,,2.2,1.6,3.8,0.13699999999999998,,1.8,1.1,2.9,1.7,0.0,0.0,27.0,4.1,9.1,1.1,2.9,3.0,6.1,0.506,1.7,2.4,1.8,2.7,4.6,1.7,1.1,1.0,1.0,2.4,10.9,5.4,12.1,1.4,3.9,4.0,8.2,2.3,3.1,2.4,3.7,6.1,2.2,1.5,1.3,1.4,3.2,14.5
Alonzo Mourning,C,23,CHH,60.0,2018.0,10.4,20.6,0.505,0.0,0.0,0.0,10.4,20.6,0.507,10.6,13.9,0.762,4.3,10.6,14.9,2.1,0.7,4.6,4.9,5.0,31.4,109.0,105.0,21.7,0.588,0.002,0.672,10.0,23.0,16.7,6.6,0.7,5.7,15.4,27.3,,3.8,2.5,6.3,0.151,,-0.1,0.6,0.5,1.3,0.0,0.0,33.6,7.1,14.1,0.0,0.0,7.1,14.1,0.505,7.2,9.5,3.0,7.2,10.2,1.4,0.5,3.1,3.3,3.5,21.5,7.6,15.1,0.0,0.0,7.6,15.0,7.7,10.1,3.2,7.7,10.9,1.5,0.5,3.4,3.6,3.7,23.0
Chris Mullin,SF,30,GSW,62.0,2324.0,8.5,18.1,0.47200000000000003,1.1,3.1,0.364,7.4,15.0,0.494,3.4,4.6,0.753,1.3,5.9,7.2,6.6,2.2,1.1,3.7,2.4,21.7,106.0,106.0,15.8,0.539,0.174,0.252,3.0,12.9,8.0,19.1,2.2,1.4,15.6,20.3,,2.4,2.3,4.7,0.09699999999999999,,0.7,0.7,1.4,2.0,0.0,0.0,37.5,6.6,14.0,0.9,2.4,5.7,11.6,0.503,2.7,3.5,1.0,4.5,5.6,5.1,1.7,0.9,2.9,1.8,16.8,6.4,13.5,0.9,2.3,5.5,11.1,2.6,3.4,1.0,4.4,5.3,4.9,1.7,0.8,2.8,1.8,16.1
Eric Murdock,PG,25,MIL,82.0,2533.0,9.6,20.4,0.46799999999999997,1.4,3.4,0.41100000000000003,8.2,17.1,0.479,4.7,5.8,0.813,1.8,3.4,5.2,10.9,4.0,0.2,4.1,3.8,25.2,111.0,108.0,20.3,0.5489999999999999,0.165,0.28300000000000003,3.9,8.2,5.9,36.9,4.0,0.3,15.2,23.1,,5.1,2.2,7.2,0.13699999999999998,,3.8,-0.7,3.1,3.3,0.0,0.0,30.9,5.8,12.4,0.8,2.0,5.0,10.4,0.502,2.9,3.5,1.1,2.1,3.2,6.7,2.4,0.1,2.5,2.3,15.3,6.8,14.5,1.0,2.4,5.8,12.1,3.3,4.1,1.3,2.4,3.7,7.8,2.8,0.2,2.9,2.7,17.9
Dikembe Mutombo,C,27,DEN,82.0,2853.0,6.4,11.2,0.569,0.0,0.0,0.0,6.4,11.2,0.569,4.5,7.7,0.583,5.0,12.0,17.0,2.2,1.0,5.9,3.6,4.6,17.3,108.0,96.0,17.9,0.59,0.002,0.684,11.5,25.8,18.9,6.6,1.0,7.4,19.8,15.6,,2.9,6.4,9.4,0.158,,-0.9,5.2,4.2,4.5,0.0,0.0,34.8,4.5,7.8,0.0,0.0,4.5,7.8,0.569,3.1,5.4,3.5,8.4,11.8,1.5,0.7,4.1,2.5,3.2,12.0,4.6,8.1,0.0,0.0,4.6,8.1,3.2,5.5,3.6,8.6,12.3,1.6,0.7,4.2,2.6,3.3,12.4
Pete Myers,SG,30,CHI,82.0,2030.0,6.5,14.3,0.455,0.2,0.7,0.276,6.3,13.6,0.465,3.5,5.0,0.701,1.4,3.3,4.7,6.3,2.0,0.5,3.5,5.0,16.7,101.0,105.0,10.6,0.507,0.052000000000000005,0.349,3.1,7.3,5.2,17.3,2.0,0.7,17.5,16.9,,0.6,2.4,3.0,0.07200000000000001,,-2.3,0.1,-2.3,-0.1,0.0,0.0,24.8,3.1,6.8,0.1,0.4,3.0,6.4,0.462,1.7,2.4,0.7,1.5,2.2,3.0,1.0,0.2,1.7,2.4,7.9,4.5,9.9,0.1,0.5,4.3,9.3,2.4,3.4,1.0,2.3,3.2,4.3,1.4,0.4,2.4,3.5,11.5
Johnny Newman,SF,30,TOT,81.0,1697.0,9.2,19.6,0.47100000000000003,0.7,2.7,0.267,8.5,16.9,0.503,5.4,6.6,0.809,2.5,2.8,5.3,2.1,2.0,0.8,2.7,5.8,24.5,109.0,108.0,14.1,0.545,0.136,0.33899999999999997,5.4,5.9,5.7,6.7,2.0,1.0,10.6,21.3,,2.4,1.3,3.7,0.106,,0.2,-1.4,-1.2,0.4,0.0,0.0,21.0,3.9,8.2,0.3,1.1,3.6,7.1,0.489,2.2,2.8,1.1,1.2,2.2,0.9,0.9,0.3,1.1,2.4,10.3,6.6,14.1,0.5,1.9,6.1,12.2,3.9,4.8,1.8,2.0,3.8,1.5,1.5,0.6,1.9,4.2,17.6
Ken Norman,SF,29,MIL,82.0,2539.0,8.2,18.4,0.44799999999999995,1.3,3.8,0.33299999999999996,7.0,14.6,0.478,1.8,3.7,0.503,3.4,6.6,10.0,4.4,1.2,0.9,3.0,4.2,19.6,100.0,111.0,12.6,0.49,0.20600000000000002,0.19899999999999998,7.2,15.9,11.3,14.3,1.2,1.2,13.0,19.6,,0.6,1.3,1.9,0.036000000000000004,,-0.8,-0.6,-1.5,0.3,0.0,0.0,31.0,5.0,11.2,0.8,2.3,4.3,8.9,0.483,1.1,2.2,2.1,4.0,6.1,2.7,0.7,0.6,1.8,2.5,11.9,5.8,13.0,0.9,2.7,4.9,10.4,1.3,2.6,2.4,4.7,7.1,3.1,0.8,0.7,2.1,3.0,13.9
Shaquille O'Neal,C,21,ORL,81.0,3224.0,14.9,24.9,0.599,0.0,0.0,0.0,14.9,24.9,0.6,7.4,13.3,0.5539999999999999,6.0,10.8,16.8,3.1,1.2,3.6,3.5,4.4,37.2,120.0,102.0,28.5,0.605,0.001,0.534,13.5,23.7,18.7,11.0,1.2,4.5,10.2,29.0,,12.1,4.8,16.9,0.252,,5.4,1.2,6.6,7.1,3.0,289.0,39.8,11.8,19.6,0.0,0.0,11.8,19.6,0.599,5.8,10.5,4.7,8.5,13.2,2.4,0.9,2.9,2.7,3.5,29.3,10.6,17.8,0.0,0.0,10.6,17.7,5.3,9.5,4.3,7.7,12.0,2.2,0.8,2.6,2.5,3.1,26.5
Charles Oakley,PF,30,NYK,82.0,2932.0,6.4,13.4,0.478,0.0,0.1,0.0,6.4,13.3,0.48,4.3,5.5,0.7759999999999999,6.2,10.9,17.0,3.8,1.9,0.3,3.4,5.2,17.1,110.0,96.0,15.3,0.54,0.004,0.41200000000000003,13.8,23.3,18.6,11.3,1.9,0.4,17.7,16.3,,3.7,6.8,10.5,0.172,,0.2,3.8,4.0,4.4,0.0,0.0,35.8,4.4,9.3,0.0,0.0,4.4,9.2,0.478,3.0,3.8,4.3,7.5,11.8,2.7,1.3,0.2,2.4,3.6,11.8,4.5,9.3,0.0,0.0,4.5,9.3,3.0,3.8,4.3,7.6,11.8,2.7,1.4,0.2,2.4,3.6,11.9
Hakeem Olajuwon,C,31,HOU,80.0,3277.0,13.8,26.1,0.528,0.1,0.3,0.42100000000000004,13.7,25.8,0.529,6.0,8.4,0.716,3.5,11.2,14.7,4.4,2.0,4.6,4.2,4.5,33.7,109.0,95.0,25.3,0.565,0.011000000000000001,0.32,8.2,23.3,16.2,16.4,2.0,5.7,12.3,29.8,,6.4,7.9,14.3,0.21,,2.2,4.7,7.0,7.4,66.0,889.0,41.0,11.2,21.2,0.1,0.2,11.1,20.9,0.53,4.9,6.8,2.9,9.1,11.9,3.6,1.6,3.7,3.4,3.6,27.3,9.8,18.6,0.1,0.2,9.7,18.4,4.3,6.0,2.5,8.0,10.5,3.2,1.4,3.3,3.0,3.2,24.0
Billy Owens,PF,24,GSW,79.0,2738.0,8.7,17.2,0.507,0.1,0.3,0.2,8.7,16.9,0.512,3.5,5.8,0.61,4.1,7.3,11.3,5.8,1.5,1.1,3.8,4.8,21.0,106.0,107.0,15.6,0.532,0.015,0.336,9.3,15.9,12.6,16.8,1.5,1.3,16.1,20.0,,3.0,2.6,5.7,0.099,,0.6,0.9,1.5,2.4,0.0,0.0,34.7,6.2,12.3,0.0,0.2,6.2,12.1,0.508,2.5,4.1,2.9,5.2,8.1,4.1,1.1,0.8,2.7,3.4,15.0,6.5,12.8,0.0,0.2,6.4,12.6,2.6,4.3,3.0,5.4,8.4,4.3,1.1,0.8,2.8,3.5,15.6
Robert Pack,PG,24,DEN,66.0,1382.0,8.1,18.2,0.44299999999999995,0.2,1.0,0.207,7.8,17.1,0.45799999999999996,6.5,8.5,0.758,0.9,3.5,4.4,12.9,2.9,0.3,7.4,5.3,22.8,97.0,103.0,15.0,0.52,0.057999999999999996,0.469,2.1,7.6,4.9,40.4,2.9,0.4,25.2,25.0,,-0.3,1.9,1.7,0.057,,-1.2,-1.2,-2.5,-0.2,0.0,0.0,20.9,3.4,7.6,0.1,0.4,3.3,7.2,0.449,2.7,3.6,0.4,1.5,1.9,5.4,1.2,0.1,3.1,2.2,9.6,5.8,13.1,0.2,0.8,5.7,12.3,4.7,6.1,0.7,2.6,3.2,9.3,2.1,0.2,5.3,3.8,16.4
Robert Parish,C,40,BOS,74.0,1987.0,9.0,18.3,0.491,0.0,0.0,,9.0,18.3,0.491,3.9,5.3,0.74,3.6,10.1,13.7,2.1,1.1,2.4,2.7,4.8,21.9,105.0,106.0,16.1,0.53,0.0,0.287,8.0,22.9,15.4,6.3,1.1,3.0,11.7,20.2,,1.8,2.1,4.0,0.095,,-1.6,0.4,-1.2,0.4,0.0,0.0,26.9,4.8,9.8,0.0,0.0,4.8,9.8,0.491,2.1,2.8,1.9,5.4,7.3,1.1,0.6,1.3,1.5,2.6,11.7,6.4,13.1,0.0,0.0,6.4,13.1,2.8,3.8,2.6,7.3,9.8,1.5,0.8,1.7,2.0,3.4,15.7
Gary Payton,PG,25,SEA,82.0,2881.0,10.2,20.3,0.504,0.3,0.9,0.278,10.0,19.4,0.515,2.9,4.9,0.595,1.8,2.9,4.7,8.7,3.3,0.3,3.0,4.0,23.6,111.0,103.0,17.8,0.526,0.047,0.24100000000000002,4.3,6.8,5.5,26.7,3.3,0.5,11.9,21.6,,5.2,4.1,9.3,0.155,,2.3,0.5,2.8,3.5,0.0,20.0,35.1,7.1,14.1,0.2,0.7,6.9,13.5,0.51,2.0,3.4,1.3,2.0,3.3,6.0,2.3,0.2,2.1,2.8,16.5,7.3,14.5,0.2,0.7,7.1,13.8,2.1,3.5,1.3,2.0,3.4,6.2,2.3,0.2,2.2,2.8,16.9
Sam Perkins,PF,32,SEA,81.0,2170.0,7.9,18.1,0.43799999999999994,2.3,6.3,0.36700000000000005,5.6,11.8,0.475,5.1,6.3,0.8009999999999999,2.8,5.7,8.5,2.6,1.6,0.7,2.4,4.6,23.2,115.0,104.0,14.9,0.556,0.34700000000000003,0.349,6.5,13.5,10.0,7.4,1.6,1.0,10.3,19.8,,4.2,2.8,7.0,0.155,,1.5,-0.7,0.7,1.5,0.0,0.0,26.8,4.2,9.6,1.2,3.3,3.0,6.3,0.501,2.7,3.4,1.5,3.0,4.5,1.4,0.8,0.4,1.3,2.4,12.3,5.7,12.9,1.6,4.5,4.0,8.4,3.6,4.5,2.0,4.1,6.1,1.8,1.1,0.5,1.7,3.3,16.6
Tim Perry,PF,28,PHI,80.0,2336.0,5.8,13.4,0.435,1.6,4.3,0.365,4.3,9.1,0.46799999999999997,2.2,3.8,0.58,2.5,6.2,8.7,2.0,1.3,1.8,1.7,3.3,15.4,104.0,110.0,11.5,0.512,0.32,0.282,5.5,13.5,9.5,6.0,1.3,2.1,10.2,14.6,,1.3,1.3,2.6,0.054000000000000006,,-1.2,0.0,-1.2,0.5,0.0,0.0,29.2,3.4,7.8,0.9,2.5,2.5,5.3,0.494,1.3,2.2,1.5,3.6,5.1,1.2,0.8,1.0,1.0,1.9,9.0,4.2,9.6,1.1,3.1,3.1,6.5,1.6,2.7,1.8,4.4,6.2,1.4,0.9,1.3,1.2,2.4,11.1
Chuck Person,SF,29,MIN,77.0,2029.0,8.9,21.1,0.42200000000000004,2.5,6.8,0.368,6.4,14.3,0.44799999999999995,2.0,2.7,0.759,1.4,4.9,6.3,4.6,1.1,0.3,3.0,4.1,22.3,99.0,112.0,11.7,0.502,0.32299999999999995,0.128,3.3,11.2,7.3,15.7,1.1,0.4,12.0,21.8,,0.4,0.8,1.2,0.027999999999999997,,-0.1,-2.3,-2.4,-0.2,0.0,0.0,26.4,4.6,10.9,1.3,3.5,3.3,7.4,0.48200000000000004,1.1,1.4,0.7,2.6,3.3,2.4,0.6,0.2,1.6,2.1,11.6,6.3,15.0,1.8,4.8,4.5,10.1,1.5,1.9,1.0,3.5,4.5,3.3,0.8,0.2,2.1,2.9,15.9
Bobby Phills,SG,24,CLE,72.0,1531.0,8.3,17.6,0.47100000000000003,0.0,0.4,0.083,8.2,17.2,0.48,3.9,5.4,0.72,2.4,4.8,7.3,4.5,2.3,0.4,2.2,4.6,20.5,109.0,106.0,14.1,0.513,0.023,0.305,5.4,10.7,8.0,13.8,2.3,0.5,9.8,18.9,,1.9,1.7,3.5,0.111,,-0.4,0.0,-0.4,0.6,0.0,0.0,21.3,3.4,7.1,0.0,0.2,3.3,7.0,0.47200000000000003,1.6,2.2,1.0,2.0,2.9,1.8,0.9,0.2,0.9,1.9,8.3,5.7,12.1,0.0,0.3,5.7,11.8,2.7,3.7,1.7,3.3,5.0,3.1,1.6,0.3,1.5,3.2,14.1
Ricky Pierce,SG,34,SEA,51.0,1022.0,13.4,28.5,0.47100000000000003,0.3,1.6,0.188,13.1,26.9,0.488,9.3,10.4,0.8959999999999999,1.4,2.7,4.1,4.5,2.1,0.2,3.2,4.1,36.5,114.0,106.0,20.8,0.552,0.055,0.366,3.4,6.3,4.8,15.4,2.1,0.4,8.7,30.8,,2.9,1.1,4.0,0.188,,1.8,-3.1,-1.3,0.2,0.0,0.0,20.0,5.3,11.3,0.1,0.6,5.2,10.7,0.47700000000000004,3.7,4.1,0.6,1.1,1.6,1.8,0.8,0.1,1.3,1.6,14.5,9.6,20.3,0.2,1.1,9.4,19.2,6.7,7.4,1.0,1.9,2.9,3.2,1.5,0.2,2.3,3.0,26.0
Ed Pinckney,PF,30,BOS,76.0,1524.0,5.0,9.5,0.522,0.0,0.0,,5.0,9.5,0.522,3.0,4.1,0.736,5.3,10.5,15.7,2.0,1.9,1.4,2.0,4.3,13.0,116.0,105.0,14.5,0.573,0.0,0.433,11.8,23.7,17.7,5.5,1.9,1.8,15.3,11.6,,2.2,1.8,4.0,0.126,,-0.9,1.6,0.7,1.0,0.0,0.0,20.1,2.0,3.8,0.0,0.0,2.0,3.8,0.522,1.2,1.6,2.1,4.2,6.3,0.8,0.8,0.6,0.8,1.7,5.2,3.6,6.8,0.0,0.0,3.6,6.8,2.2,3.0,3.8,7.5,11.3,1.5,1.4,1.0,1.5,3.1,9.3
Scottie Pippen,SF,28,CHI,72.0,2759.0,11.9,24.2,0.491,1.2,3.7,0.32,10.7,20.5,0.522,5.1,7.7,0.66,3.3,8.6,11.9,7.6,4.0,1.1,4.4,4.3,30.0,109.0,97.0,23.2,0.544,0.154,0.32,7.3,19.4,13.3,24.6,4.0,1.4,13.7,27.1,,5.2,6.0,11.2,0.19399999999999998,,4.5,3.8,8.3,7.2,7.0,390.0,38.3,8.7,17.8,0.9,2.7,7.8,15.0,0.515,3.8,5.7,2.4,6.3,8.7,5.6,2.9,0.8,3.2,3.2,22.0,8.2,16.7,0.8,2.6,7.4,14.1,3.5,5.3,2.3,5.9,8.2,5.3,2.8,0.8,3.0,3.0,20.7
Olden Polynice,C,29,TOT,68.0,2402.0,7.2,13.8,0.523,0.0,0.0,0.0,7.2,13.8,0.524,2.0,4.0,0.508,6.2,10.7,16.9,0.9,0.9,1.4,1.6,3.9,16.5,112.0,108.0,14.9,0.529,0.003,0.289,13.4,23.8,18.5,2.6,0.9,1.8,9.5,14.8,,3.1,2.0,5.1,0.102,,-1.3,-0.6,-1.9,0.1,0.0,0.0,35.3,5.1,9.7,0.0,0.0,5.1,9.7,0.523,1.4,2.8,4.4,7.5,11.9,0.6,0.6,1.0,1.1,2.8,11.6,5.2,9.9,0.0,0.0,5.2,9.9,1.5,2.9,4.5,7.6,12.1,0.6,0.6,1.0,1.2,2.8,11.8
Terry Porter,PG,30,POR,77.0,2074.0,8.2,19.6,0.41600000000000004,2.6,6.6,0.39,5.6,13.0,0.43,4.8,5.5,0.872,1.1,4.0,5.0,9.4,1.9,0.4,3.9,3.1,23.7,110.0,108.0,16.4,0.5379999999999999,0.337,0.28,2.3,9.3,5.6,28.2,1.9,0.6,15.0,21.7,,3.5,1.8,5.4,0.124,,2.4,-1.3,1.0,1.6,0.0,0.0,26.9,4.5,10.9,1.4,3.7,3.1,7.2,0.48200000000000004,2.6,3.0,0.6,2.2,2.8,5.2,1.0,0.2,2.2,1.7,13.1,6.0,14.5,1.9,4.9,4.1,9.6,3.5,4.1,0.8,3.0,3.7,7.0,1.4,0.3,2.9,2.3,17.5
Brent Price,PG,25,WSB,65.0,1035.0,6.8,15.8,0.433,2.4,7.3,0.33299999999999996,4.4,8.5,0.517,3.3,4.2,0.782,1.5,2.9,4.4,10.3,2.7,0.1,5.8,5.5,19.3,101.0,113.0,13.2,0.5489999999999999,0.46,0.267,3.4,6.8,5.1,30.5,2.7,0.1,24.6,20.0,,0.5,0.2,0.7,0.033,,0.4,-3.1,-2.6,-0.2,0.0,0.0,15.9,2.2,5.0,0.8,2.3,1.4,2.7,0.509,1.0,1.3,0.5,0.9,1.4,3.3,0.8,0.0,1.8,1.8,6.2,4.9,11.3,1.7,5.2,3.2,6.1,2.4,3.0,1.1,2.1,3.1,7.4,1.9,0.1,4.1,4.0,13.9
Mark Price,PG,29,CLE,76.0,2386.0,10.5,22.1,0.478,2.6,6.5,0.397,7.9,15.5,0.511,5.2,5.9,0.888,0.9,4.1,5.0,12.9,2.3,0.2,4.1,2.0,28.9,118.0,107.0,22.7,0.586,0.29600000000000004,0.267,1.9,9.2,5.6,42.0,2.3,0.3,14.4,24.6,,7.6,2.4,10.0,0.201,,6.2,-1.7,4.6,3.9,0.0,7.0,31.4,6.3,13.2,1.6,3.9,4.8,9.3,0.536,3.1,3.5,0.5,2.5,3.0,7.8,1.4,0.1,2.5,1.2,17.3,7.2,15.2,1.8,4.5,5.5,10.7,3.6,4.0,0.6,2.9,3.4,8.9,1.6,0.2,2.9,1.4,19.9
Dino Raƒëa,PF,26,BOS,80.0,2303.0,10.7,20.5,0.521,0.0,0.0,0.0,10.7,20.5,0.522,4.9,6.6,0.7509999999999999,4.2,8.4,12.6,2.5,1.5,1.5,3.2,6.0,26.3,110.0,107.0,18.2,0.562,0.001,0.32,9.3,19.0,14.1,7.9,1.5,1.8,12.2,23.0,,3.8,2.2,5.9,0.124,,0.8,-0.2,0.5,1.5,0.0,0.0,28.8,6.1,11.8,0.0,0.0,6.1,11.8,0.521,2.8,3.8,2.4,4.8,7.2,1.4,0.9,0.8,1.9,3.5,15.1,7.7,14.7,0.0,0.0,7.7,14.7,3.5,4.7,3.0,6.0,9.0,1.8,1.1,1.0,2.3,4.3,18.9
J.R. Reid,PF,25,SAS,70.0,1344.0,10.3,21.0,0.491,0.0,0.1,0.0,10.3,20.9,0.493,4.2,6.1,0.6990000000000001,3.6,5.1,8.7,2.9,1.7,1.0,3.3,6.5,24.8,106.0,106.0,14.7,0.525,0.006,0.289,8.0,10.3,9.2,8.9,1.7,1.2,12.3,22.7,,1.5,1.5,3.0,0.107,,-0.6,-0.9,-1.5,0.2,0.0,0.0,19.2,3.7,7.6,0.0,0.0,3.7,7.5,0.491,1.5,2.2,1.3,1.8,3.1,1.0,0.6,0.4,1.2,2.4,9.0,7.0,14.2,0.0,0.1,7.0,14.1,2.9,4.1,2.4,3.5,5.9,2.0,1.2,0.7,2.3,4.4,16.8
Glen Rice,SF,26,MIA,81.0,2999.0,11.3,24.2,0.467,2.3,5.9,0.382,9.1,18.3,0.494,4.3,4.8,0.88,1.3,6.1,7.4,3.1,1.9,0.5,2.2,3.2,29.1,116.0,107.0,18.5,0.552,0.243,0.2,2.9,13.6,8.2,10.5,1.9,0.7,7.8,24.1,,7.3,2.9,10.2,0.163,,2.8,-1.0,1.8,2.9,0.0,0.0,37.0,8.2,17.5,1.6,4.3,6.6,13.3,0.513,3.1,3.5,0.9,4.4,5.4,2.3,1.4,0.4,1.6,2.3,21.1,8.0,17.1,1.6,4.2,6.4,12.9,3.0,3.4,0.9,4.3,5.2,2.2,1.3,0.4,1.6,2.2,20.5
Pooh Richardson,PG,27,IND,37.0,1022.0,8.1,17.8,0.452,0.2,0.6,0.25,7.9,17.2,0.45899999999999996,2.4,3.9,0.61,1.4,4.1,5.5,11.9,1.6,0.2,4.4,3.9,18.6,101.0,107.0,13.3,0.47700000000000004,0.034,0.218,3.3,9.0,6.2,36.0,1.6,0.2,18.5,20.4,,0.4,0.9,1.4,0.064,,-0.7,-1.4,-2.1,0.0,0.0,0.0,27.6,4.3,9.6,0.1,0.3,4.2,9.2,0.456,1.3,2.1,0.8,2.2,3.0,6.4,0.9,0.1,2.4,2.1,10.0,5.6,12.5,0.1,0.4,5.5,12.0,1.7,2.7,1.0,2.9,3.9,8.3,1.1,0.1,3.1,2.7,13.0
Mitch Richmond,SG,28,SAC,78.0,2897.0,10.8,24.3,0.445,2.2,5.3,0.40700000000000003,8.6,19.0,0.455,7.2,8.7,0.8340000000000001,1.2,3.7,4.9,5.3,1.8,0.3,3.7,3.6,31.0,109.0,111.0,17.7,0.551,0.218,0.358,2.6,8.3,5.4,18.5,1.8,0.4,11.6,27.2,,5.2,1.2,6.4,0.106,,3.2,-2.0,1.2,2.3,0.0,0.0,37.1,8.1,18.3,1.6,4.0,6.5,14.3,0.489,5.5,6.6,0.9,2.8,3.7,4.0,1.3,0.2,2.8,2.7,23.4,7.9,17.7,1.6,3.9,6.3,13.9,5.3,6.4,0.9,2.7,3.6,3.9,1.3,0.2,2.7,2.6,22.7
Isaiah Rider,SG,22,MIN,79.0,2415.0,11.0,23.4,0.46799999999999997,1.1,3.1,0.36,9.8,20.3,0.485,4.5,5.6,0.8109999999999999,2.5,4.1,6.6,4.2,1.1,0.6,4.6,4.1,27.6,100.0,112.0,14.2,0.5329999999999999,0.135,0.23800000000000002,5.9,9.3,7.6,15.5,1.1,0.7,15.0,26.2,,0.9,0.8,1.7,0.034,,0.4,-2.2,-1.8,0.1,0.0,0.0,30.6,6.6,14.1,0.7,1.9,5.9,12.2,0.49200000000000005,2.7,3.4,1.5,2.5,4.0,2.6,0.7,0.4,2.8,2.5,16.6,7.8,16.6,0.8,2.2,7.0,14.4,3.2,4.0,1.8,2.9,4.7,3.0,0.8,0.4,3.2,2.9,19.6
Clifford Robinson,C,27,POR,82.0,2853.0,10.9,23.9,0.457,0.2,0.9,0.245,10.7,23.0,0.465,6.0,7.8,0.765,2.8,6.6,9.4,2.7,2.0,1.9,2.9,4.5,28.0,107.0,104.0,17.4,0.513,0.038,0.32799999999999996,6.0,15.4,10.5,8.9,2.0,2.5,9.5,25.4,,3.7,3.7,7.5,0.126,,0.0,0.6,0.6,1.9,0.0,0.0,34.8,7.8,17.1,0.2,0.6,7.7,16.5,0.461,4.3,5.6,2.0,4.7,6.7,1.9,1.4,1.4,2.1,3.2,20.1,8.1,17.7,0.2,0.7,7.9,17.0,4.4,5.8,2.1,4.9,6.9,2.0,1.5,1.4,2.1,3.3,20.8
David Robinson,C,28,SAS,80.0,3241.0,13.8,27.2,0.507,0.2,0.5,0.345,13.6,26.8,0.51,11.4,15.2,0.7490000000000001,4.0,10.1,14.1,6.3,2.3,4.4,4.2,3.7,39.2,119.0,98.0,30.7,0.5770000000000001,0.017,0.5579999999999999,8.8,20.3,14.8,21.6,2.3,5.4,10.9,32.0,,13.3,6.7,20.0,0.29600000000000004,,6.8,4.2,10.9,10.6,24.0,730.0,40.5,10.5,20.7,0.1,0.4,10.4,20.4,0.51,8.7,11.6,3.0,7.7,10.7,4.8,1.7,3.3,3.2,2.9,29.8,9.3,18.4,0.1,0.3,9.2,18.1,7.7,10.3,2.7,6.8,9.5,4.2,1.5,2.9,2.8,2.5,26.5
Dennis Rodman,PF,32,SAS,79.0,2989.0,2.8,5.2,0.534,0.1,0.4,0.20800000000000002,2.7,4.8,0.563,0.9,1.8,0.52,8.1,16.3,24.4,3.3,0.9,0.6,2.5,4.1,6.6,116.0,100.0,13.4,0.5489999999999999,0.08199999999999999,0.349,17.9,32.8,25.7,8.2,0.9,0.7,29.1,7.1,,3.3,5.4,8.7,0.14,,0.4,3.1,3.5,4.2,0.0,1.0,37.8,2.0,3.7,0.1,0.3,1.9,3.4,0.5429999999999999,0.7,1.3,5.7,11.6,17.3,2.3,0.7,0.4,1.7,2.9,4.7,1.9,3.5,0.1,0.3,1.8,3.2,0.6,1.2,5.5,11.0,16.5,2.2,0.6,0.4,1.7,2.8,4.5
Rodney Rogers,SF,22,DEN,79.0,1406.0,8.5,19.4,0.439,1.2,3.3,0.38,7.2,16.1,0.45,4.5,6.7,0.672,3.2,4.8,8.0,3.6,2.2,1.7,4.7,6.9,22.7,97.0,103.0,12.9,0.509,0.16899999999999998,0.34700000000000003,7.4,10.4,8.9,11.4,2.2,2.1,17.3,23.0,,-0.1,2.1,2.0,0.067,,-1.4,0.5,-0.9,0.4,0.0,0.0,17.8,3.0,6.9,0.4,1.2,2.6,5.7,0.47100000000000003,1.6,2.4,1.1,1.7,2.9,1.3,0.8,0.6,1.7,2.5,8.1,6.1,14.0,0.9,2.4,5.2,11.6,3.3,4.8,2.3,3.5,5.8,2.6,1.6,1.2,3.4,5.0,16.4
Sean Rooks,C,24,DAL,47.0,1255.0,7.8,15.9,0.491,0.0,0.0,0.0,7.8,15.9,0.49200000000000005,6.1,8.5,0.7140000000000001,3.4,7.1,10.5,2.0,0.9,1.8,3.2,4.4,21.7,108.0,110.0,14.6,0.552,0.003,0.534,7.0,16.9,11.6,6.3,0.9,2.4,14.1,19.1,,1.4,0.7,2.2,0.083,,-1.9,-0.9,-2.8,-0.3,0.0,0.0,26.7,4.1,8.4,0.0,0.0,4.1,8.3,0.491,3.2,4.5,1.8,3.7,5.5,1.0,0.4,0.9,1.7,2.3,11.4,5.5,11.3,0.0,0.0,5.5,11.2,4.3,6.0,2.4,5.0,7.4,1.4,0.6,1.3,2.3,3.1,15.4
Donald Royal,SF,27,ORL,74.0,1357.0,6.5,12.9,0.501,0.0,0.1,0.0,6.5,12.8,0.504,7.4,10.0,0.74,3.5,5.7,9.2,2.3,1.9,0.6,2.8,4.5,20.3,116.0,108.0,14.6,0.588,0.006,0.775,7.9,12.6,10.3,6.3,1.9,0.7,14.0,17.0,,2.6,1.2,3.8,0.135,,-0.3,-0.6,-0.9,0.4,0.0,0.0,18.3,2.4,4.7,0.0,0.0,2.4,4.7,0.501,2.7,3.6,1.3,2.1,3.4,0.8,0.7,0.2,1.0,1.6,7.4,4.6,9.2,0.0,0.1,4.6,9.2,5.3,7.1,2.5,4.1,6.6,1.6,1.3,0.4,2.0,3.2,14.5
Bryon Russell,SF,23,UTA,67.0,1121.0,6.2,12.8,0.484,0.1,1.0,0.091,6.1,11.8,0.518,2.9,4.6,0.614,2.8,5.5,8.3,2.5,3.1,0.9,2.5,6.3,15.4,101.0,102.0,11.1,0.516,0.079,0.36200000000000004,6.4,12.2,9.3,7.0,3.1,1.2,14.5,14.9,,0.4,1.7,2.1,0.08900000000000001,,-1.6,2.3,0.7,0.8,0.0,0.0,16.7,2.0,4.2,0.0,0.3,2.0,3.8,0.48700000000000004,0.9,1.5,0.9,1.8,2.7,0.8,1.0,0.3,0.8,2.1,5.0,4.3,9.0,0.1,0.7,4.3,8.3,2.0,3.2,2.0,3.9,5.8,1.7,2.2,0.6,1.8,4.4,10.7
John Salley,PF,29,MIA,76.0,1910.0,5.6,11.7,0.47700000000000004,0.1,0.1,0.667,5.5,11.6,0.47600000000000003,4.4,6.0,0.7290000000000001,3.5,7.4,10.9,3.6,1.5,2.1,2.5,7.0,15.6,113.0,105.0,13.0,0.544,0.006999999999999999,0.516,7.8,16.4,12.1,10.1,1.5,2.8,14.9,14.2,,2.5,2.3,4.8,0.122,,-0.7,1.9,1.2,1.6,0.0,0.0,25.1,2.7,5.7,0.0,0.0,2.7,5.7,0.479,2.2,3.0,1.7,3.6,5.4,1.8,0.7,1.0,1.2,3.4,7.7,3.9,8.2,0.0,0.1,3.9,8.2,3.1,4.2,2.5,5.2,7.7,2.5,1.1,1.5,1.8,4.9,11.0
Detlef Schrempf,SF,31,SEA,81.0,2728.0,8.2,16.7,0.493,0.4,1.3,0.324,7.8,15.4,0.507,5.5,7.2,0.769,2.7,5.7,8.4,5.1,1.4,0.2,3.2,5.0,22.4,114.0,105.0,14.9,0.564,0.075,0.43200000000000005,6.2,13.5,9.9,14.8,1.4,0.2,13.9,19.6,,5.1,3.2,8.4,0.14800000000000002,,1.2,0.1,1.2,2.2,0.0,0.0,33.7,5.5,11.1,0.3,0.8,5.2,10.3,0.505,3.7,4.8,1.8,3.8,5.6,3.4,0.9,0.1,2.1,3.4,15.0,5.9,11.9,0.3,0.9,5.6,11.0,4.0,5.1,1.9,4.1,6.0,3.6,1.0,0.1,2.3,3.6,16.0
Byron Scott,SG,32,IND,67.0,1197.0,11.0,23.6,0.467,1.2,3.2,0.365,9.8,20.4,0.483,6.7,8.4,0.805,0.8,3.9,4.7,5.7,2.7,0.4,4.4,3.4,29.9,107.0,105.0,17.6,0.5489999999999999,0.135,0.35600000000000004,1.9,8.5,5.3,18.9,2.7,0.5,14.0,27.0,,1.7,1.4,3.1,0.12300000000000001,,0.7,-1.4,-0.7,0.4,0.0,0.0,17.9,3.8,8.2,0.4,1.1,3.4,7.1,0.49200000000000005,2.3,2.9,0.3,1.4,1.6,2.0,0.9,0.1,1.5,1.2,10.4,7.7,16.5,0.8,2.2,6.9,14.3,4.7,5.9,0.6,2.7,3.3,4.0,1.9,0.3,3.1,2.4,20.9
Dennis Scott,SF,25,ORL,82.0,2283.0,8.5,21.0,0.405,3.4,8.6,0.39899999999999997,5.1,12.4,0.408,2.7,3.5,0.774,1.2,3.6,4.8,4.8,1.8,0.7,2.1,3.6,23.1,111.0,109.0,14.1,0.513,0.409,0.168,2.7,8.0,5.4,13.9,1.8,0.9,8.4,20.8,,3.4,1.5,5.0,0.10400000000000001,,1.6,-1.6,0.0,1.2,0.0,0.0,27.8,4.7,11.6,1.9,4.7,2.8,6.8,0.486,1.5,1.9,0.7,2.0,2.7,2.6,1.0,0.4,1.1,2.0,12.8,6.1,15.0,2.4,6.1,3.6,8.8,1.9,2.5,0.9,2.6,3.4,3.4,1.3,0.5,1.5,2.5,16.5
Rony Seikaly,C,28,MIA,72.0,2410.0,8.3,17.1,0.488,0.0,0.0,0.0,8.3,17.0,0.489,6.5,9.0,0.72,5.2,10.5,15.7,2.9,1.3,2.1,4.1,5.9,23.1,108.0,103.0,17.1,0.55,0.002,0.526,11.5,23.4,17.4,8.8,1.3,2.9,16.5,21.2,,3.3,3.4,6.7,0.133,,-0.2,1.3,1.1,1.9,0.0,0.0,33.5,5.4,11.2,0.0,0.0,5.4,11.1,0.488,4.2,5.9,3.4,6.9,10.3,1.9,0.8,1.4,2.7,3.9,15.1,5.9,12.0,0.0,0.0,5.9,12.0,4.5,6.3,3.6,7.4,11.1,2.0,0.9,1.5,2.9,4.2,16.3
Brian Shaw,SG,27,MIA,77.0,2037.0,7.0,16.8,0.41700000000000004,1.8,5.4,0.33799999999999997,5.2,11.3,0.455,1.6,2.2,0.7190000000000001,2.6,6.2,8.8,9.7,1.8,0.5,4.3,4.9,17.4,103.0,107.0,13.4,0.491,0.324,0.133,5.8,13.7,9.7,28.2,1.8,0.7,19.7,18.6,,1.2,2.0,3.2,0.076,,0.7,0.1,0.8,1.4,0.0,0.0,26.5,3.6,8.7,0.9,2.8,2.7,5.9,0.47200000000000003,0.8,1.2,1.4,3.2,4.5,5.0,0.9,0.3,2.2,2.5,9.0,4.9,11.8,1.3,3.8,3.6,8.0,1.1,1.6,1.8,4.3,6.2,6.8,1.3,0.4,3.1,3.4,12.2
Lionel Simmons,SF,25,SAC,75.0,2702.0,7.9,18.1,0.43799999999999994,0.1,0.3,0.353,7.8,17.8,0.439,4.6,5.9,0.777,3.1,7.2,10.2,5.6,1.9,0.9,3.3,3.4,20.6,102.0,108.0,14.8,0.496,0.017,0.324,6.6,16.3,11.4,17.5,1.9,1.2,13.9,20.6,,1.5,2.3,3.8,0.067,,-0.5,1.2,0.7,1.9,0.0,0.0,36.0,5.8,13.3,0.1,0.2,5.7,13.1,0.441,3.3,4.3,2.2,5.3,7.5,4.1,1.4,0.7,2.4,2.5,15.1,5.8,13.3,0.1,0.2,5.7,13.0,3.3,4.3,2.2,5.2,7.5,4.1,1.4,0.7,2.4,2.5,15.0
Scott Skiles,PG,29,ORL,82.0,2303.0,6.0,14.1,0.429,1.5,3.6,0.41200000000000003,4.6,10.5,0.434,4.3,4.9,0.878,0.9,3.2,4.1,11.0,1.0,0.0,4.2,3.7,17.8,111.0,112.0,13.1,0.5489999999999999,0.256,0.345,2.1,7.1,4.6,30.0,1.0,0.1,20.6,17.3,,3.5,0.9,4.4,0.091,,0.1,-2.9,-2.8,-0.5,0.0,0.0,28.1,3.4,7.9,0.8,2.0,2.5,5.8,0.48100000000000004,2.4,2.7,0.5,1.8,2.3,6.1,0.6,0.0,2.4,2.1,9.9,4.3,10.1,1.1,2.6,3.3,7.5,3.0,3.5,0.7,2.3,3.0,7.9,0.7,0.0,3.0,2.7,12.7
Charles Smith,SF,28,NYK,43.0,1105.0,8.2,18.6,0.44299999999999995,0.4,0.7,0.5,7.9,17.8,0.441,4.1,5.7,0.7190000000000001,3.1,4.6,7.7,2.3,1.2,2.1,3.0,6.7,20.9,101.0,100.0,11.3,0.496,0.04,0.305,6.9,9.9,8.5,7.2,1.2,2.9,12.4,20.4,,0.4,2.0,2.4,0.10400000000000001,,-2.6,1.7,-1.0,0.3,0.0,0.0,25.7,4.1,9.2,0.2,0.4,3.9,8.9,0.45299999999999996,2.0,2.8,1.5,2.3,3.8,1.2,0.6,1.0,1.5,3.3,10.4,5.7,12.9,0.3,0.5,5.5,12.4,2.8,3.9,2.2,3.2,5.4,1.6,0.8,1.5,2.1,4.7,14.6
Chris Smith,PG,23,MIN,80.0,1617.0,5.8,13.3,0.435,0.3,1.2,0.256,5.5,12.0,0.45299999999999996,3.0,4.4,0.674,0.5,3.4,3.8,8.9,1.2,0.6,3.2,4.1,14.8,100.0,112.0,10.2,0.488,0.092,0.33299999999999996,1.1,7.6,4.4,27.4,1.2,0.7,17.2,15.8,,0.4,0.5,0.9,0.025,,-2.7,-2.7,-5.3,-1.4,0.0,0.0,20.2,2.3,5.3,0.1,0.5,2.2,4.8,0.447,1.2,1.8,0.2,1.3,1.5,3.6,0.5,0.2,1.3,1.6,5.9,4.1,9.4,0.2,0.9,3.9,8.5,2.1,3.1,0.3,2.4,2.7,6.3,0.8,0.4,2.2,2.9,10.5
Doug Smith,PF,24,DAL,79.0,1684.0,8.9,20.5,0.435,0.1,0.3,0.222,8.8,20.2,0.43799999999999994,3.2,3.8,0.835,3.4,7.1,10.5,3.6,2.5,1.1,2.8,8.7,21.1,101.0,107.0,13.5,0.47600000000000003,0.013000000000000001,0.187,7.1,16.9,11.6,11.8,2.5,1.5,11.2,20.8,,0.7,1.6,2.3,0.066,,-1.9,0.1,-1.7,0.1,0.0,0.0,21.3,3.7,8.6,0.0,0.1,3.7,8.5,0.43700000000000006,1.3,1.6,1.4,3.0,4.4,1.5,1.0,0.5,1.2,3.6,8.8,6.3,14.5,0.0,0.2,6.3,14.3,2.3,2.7,2.4,5.0,7.5,2.5,1.8,0.8,2.0,6.1,14.9
Kenny Smith,PG,28,HOU,78.0,2209.0,7.8,16.3,0.48,2.0,5.0,0.405,5.8,11.2,0.513,3.1,3.5,0.871,0.5,2.6,3.2,7.5,1.3,0.1,2.9,2.8,20.7,114.0,107.0,14.2,0.581,0.309,0.218,1.3,5.4,3.5,22.6,1.4,0.1,13.9,18.1,,3.9,2.2,6.1,0.132,,0.9,-1.7,-0.8,0.7,0.0,0.0,28.3,4.4,9.1,1.1,2.8,3.2,6.3,0.542,1.7,2.0,0.3,1.5,1.8,4.2,0.8,0.1,1.6,1.6,11.6,5.6,11.6,1.5,3.6,4.1,8.0,2.2,2.5,0.4,1.9,2.2,5.3,1.0,0.1,2.1,2.0,14.8
Steve Smith,SG,24,MIA,78.0,2776.0,9.1,19.8,0.456,1.7,4.8,0.34700000000000003,7.4,15.0,0.491,5.0,6.0,0.835,2.9,3.6,6.5,7.3,1.5,0.6,3.7,4.0,24.8,114.0,109.0,17.2,0.552,0.243,0.304,6.4,8.0,7.2,22.5,1.5,0.9,14.2,22.1,,6.2,1.9,8.1,0.141,,3.6,-0.8,2.8,3.4,0.0,0.0,35.6,6.3,13.8,1.2,3.4,5.1,10.4,0.499,3.5,4.2,2.0,2.5,4.5,5.1,1.1,0.4,2.6,2.8,17.3,6.4,14.0,1.2,3.4,5.2,10.6,3.5,4.2,2.0,2.5,4.6,5.1,1.1,0.5,2.6,2.8,17.5
Tony Smith,SG,25,LAL,73.0,1617.0,8.5,19.2,0.441,0.5,1.6,0.32,8.0,17.6,0.451,2.6,3.7,0.7140000000000001,3.3,2.8,6.1,4.6,1.8,0.4,2.4,4.0,20.1,104.0,112.0,12.8,0.48200000000000004,0.081,0.193,6.8,6.2,6.5,13.8,1.8,0.5,10.2,19.4,,1.2,0.5,1.7,0.05,,-0.6,-1.7,-2.3,-0.1,0.0,0.0,22.2,3.7,8.5,0.2,0.7,3.5,7.8,0.45399999999999996,1.2,1.6,1.5,1.2,2.7,2.0,0.8,0.2,1.0,1.8,8.8,6.1,13.7,0.4,1.1,5.7,12.6,1.9,2.6,2.4,2.0,4.3,3.3,1.3,0.3,1.7,2.8,14.4
Rik Smits,C,27,IND,78.0,2113.0,12.0,22.5,0.534,0.0,0.0,0.0,12.0,22.5,0.535,5.8,7.3,0.7929999999999999,3.3,8.5,11.8,3.8,1.2,2.0,3.7,6.8,29.8,113.0,103.0,19.7,0.58,0.001,0.325,7.7,18.4,13.2,13.0,1.2,2.6,12.5,25.0,,4.7,3.0,7.8,0.177,,1.7,0.6,2.3,2.3,0.0,0.0,27.1,6.3,11.8,0.0,0.0,6.3,11.8,0.534,3.1,3.8,1.7,4.5,6.2,2.0,0.6,1.1,1.9,3.6,15.7,8.4,15.7,0.0,0.0,8.4,15.7,4.1,5.1,2.3,5.9,8.2,2.7,0.8,1.4,2.6,4.8,20.9
Elmore Spencer,C,24,LAC,76.0,1930.0,7.2,13.5,0.5329999999999999,0.0,0.0,0.0,7.2,13.4,0.535,2.4,4.0,0.599,2.4,8.0,10.4,1.9,0.7,3.2,4.2,5.2,16.8,93.0,108.0,10.7,0.55,0.004,0.3,5.3,17.4,11.4,5.6,0.7,4.0,21.6,16.7,,-1.0,1.6,0.6,0.016,,-4.3,0.9,-3.4,-0.7,0.0,0.0,25.4,3.8,7.1,0.0,0.0,3.8,7.1,0.5329999999999999,1.3,2.1,1.3,4.2,5.5,1.0,0.4,1.7,2.2,2.7,8.9,5.4,10.1,0.0,0.0,5.4,10.0,1.8,3.0,1.8,6.0,7.7,1.4,0.6,2.4,3.1,3.9,12.6
Felton Spencer,C,26,UTA,79.0,2210.0,6.0,11.8,0.505,0.0,0.0,,6.0,11.8,0.505,3.8,6.3,0.607,5.5,9.9,15.3,1.0,1.0,1.6,3.0,7.1,15.8,105.0,103.0,11.7,0.54,0.0,0.536,12.5,21.8,17.2,2.8,1.0,2.1,16.9,15.1,,1.4,3.2,4.7,0.102,,-2.0,0.9,-1.2,0.5,0.0,0.0,28.0,3.2,6.4,0.0,0.0,3.2,6.4,0.505,2.1,3.4,3.0,5.4,8.3,0.5,0.5,0.8,1.6,3.8,8.6,4.2,8.3,0.0,0.0,4.2,8.3,2.7,4.4,3.8,6.9,10.7,0.7,0.7,1.1,2.1,5.0,11.0
Latrell Sprewell,SG,23,GSW,82.0,3533.0,8.4,19.4,0.433,1.9,5.4,0.361,6.5,14.1,0.46,4.8,6.3,0.774,1.1,4.4,5.5,5.3,2.5,1.0,3.1,2.2,23.6,108.0,107.0,15.9,0.532,0.276,0.322,2.5,9.7,6.1,15.3,2.5,1.3,12.3,21.5,,4.7,3.2,8.0,0.10800000000000001,,1.7,0.3,2.0,3.6,0.0,1.0,43.1,7.5,17.3,1.7,4.8,5.8,12.5,0.48200000000000004,4.3,5.6,1.0,3.9,4.9,4.7,2.2,0.9,2.8,1.9,21.0,6.2,14.4,1.4,4.0,4.8,10.5,3.6,4.6,0.8,3.3,4.1,3.9,1.8,0.8,2.3,1.6,17.5
John Starks,SG,28,NYK,59.0,2057.0,10.3,24.6,0.42,2.8,8.5,0.335,7.5,16.1,0.46399999999999997,4.7,6.2,0.754,0.9,3.7,4.7,8.7,2.4,0.2,4.6,4.8,28.2,104.0,100.0,16.0,0.516,0.345,0.254,2.1,8.0,5.1,28.9,2.4,0.2,14.5,27.1,,2.1,3.7,5.8,0.135,,2.5,0.2,2.7,2.4,0.0,0.0,34.9,6.9,16.6,1.9,5.7,5.0,10.8,0.47700000000000004,3.2,4.2,0.6,2.5,3.1,5.9,1.6,0.1,3.1,3.2,19.0,7.2,17.1,2.0,5.9,5.2,11.2,3.3,4.3,0.6,2.6,3.2,6.1,1.7,0.1,3.2,3.3,19.6
Bryant Stith,SG,23,DEN,82.0,2853.0,6.4,14.2,0.45,0.0,0.2,0.222,6.4,14.0,0.45299999999999996,5.1,6.1,0.8290000000000001,2.1,4.0,6.1,3.5,2.0,0.3,2.3,2.9,17.9,110.0,105.0,12.7,0.53,0.011000000000000001,0.433,4.8,8.7,6.8,10.4,2.0,0.4,11.9,16.4,,3.4,3.4,6.8,0.114,,-0.2,1.0,0.8,2.0,0.0,0.0,34.8,4.5,9.9,0.0,0.1,4.4,9.8,0.451,3.5,4.3,1.5,2.8,4.3,2.4,1.4,0.2,1.6,2.0,12.5,4.6,10.2,0.0,0.1,4.6,10.1,3.7,4.4,1.5,2.9,4.4,2.5,1.5,0.2,1.7,2.1,12.9
John Stockton,PG,31,UTA,82.0,2969.0,8.0,15.1,0.528,0.8,2.6,0.322,7.1,12.5,0.57,4.7,5.9,0.805,1.2,3.2,4.5,17.9,3.5,0.4,4.6,4.1,21.5,121.0,104.0,22.5,0.608,0.172,0.389,2.8,7.1,5.0,53.1,3.5,0.5,20.7,19.1,,9.3,4.0,13.2,0.214,,5.2,-0.8,4.4,4.8,0.0,1.0,36.2,5.6,10.6,0.6,1.8,5.0,8.8,0.555,3.3,4.1,0.9,2.3,3.1,12.6,2.4,0.3,3.2,2.9,15.1,5.6,10.5,0.6,1.8,5.0,8.7,3.3,4.1,0.9,2.3,3.1,12.5,2.4,0.3,3.2,2.9,15.0
Rod Strickland,PG,27,POR,82.0,2889.0,8.9,18.4,0.483,0.0,0.2,0.2,8.8,18.2,0.486,5.9,7.9,0.7490000000000001,2.1,4.2,6.2,12.4,2.5,0.4,4.3,2.9,23.7,113.0,106.0,19.8,0.5429999999999999,0.009000000000000001,0.431,4.4,9.8,7.0,38.2,2.5,0.5,16.5,22.0,,6.3,3.0,9.3,0.155,,3.2,0.2,3.4,3.9,0.0,0.0,35.2,6.4,13.3,0.0,0.1,6.4,13.2,0.484,4.3,5.7,1.5,3.0,4.5,9.0,1.8,0.3,3.1,2.1,17.2,6.6,13.6,0.0,0.1,6.6,13.5,4.4,5.9,1.5,3.1,4.6,9.2,1.8,0.3,3.2,2.1,17.6
Derek Strong,PF,25,MIL,67.0,1131.0,6.3,15.3,0.413,0.1,0.6,0.231,6.2,14.7,0.42100000000000004,7.1,9.3,0.772,4.9,7.7,12.6,2.2,1.7,0.6,2.7,3.1,19.9,108.0,109.0,14.6,0.514,0.038,0.604,10.5,18.5,14.3,6.6,1.7,0.8,12.4,18.8,,1.3,0.8,2.1,0.08800000000000001,,-2.3,-1.6,-3.8,-0.5,0.0,0.0,16.9,2.1,5.1,0.0,0.2,2.1,4.9,0.418,2.4,3.1,1.6,2.6,4.2,0.7,0.6,0.2,0.9,1.0,6.6,4.5,10.9,0.1,0.4,4.4,10.4,5.1,6.6,3.5,5.5,8.9,1.5,1.2,0.4,1.9,2.2,14.1
Isiah Thomas,PG,32,DET,58.0,1750.0,9.3,22.2,0.41700000000000004,1.1,3.7,0.31,8.1,18.6,0.43799999999999994,5.3,7.5,0.7020000000000001,1.3,3.3,4.6,11.6,2.0,0.2,5.9,3.7,24.9,97.0,113.0,15.2,0.488,0.165,0.33799999999999997,2.9,7.3,5.0,36.7,2.0,0.2,18.7,27.0,,-0.2,0.4,0.2,0.006999999999999999,,0.3,-2.4,-2.0,0.0,0.0,0.0,30.2,5.5,13.2,0.7,2.2,4.8,11.0,0.442,3.1,4.4,0.8,1.9,2.7,6.9,1.2,0.1,3.5,2.2,14.8,6.5,15.7,0.8,2.6,5.7,13.1,3.7,5.3,0.9,2.3,3.3,8.2,1.4,0.1,4.2,2.6,17.6
Otis Thorpe,PF,31,HOU,82.0,2909.0,7.8,13.9,0.561,0.0,0.0,0.0,7.8,13.9,0.562,4.4,6.6,0.657,4.7,10.4,15.1,3.3,1.1,0.5,3.2,4.4,20.0,113.0,101.0,16.1,0.593,0.002,0.47700000000000004,11.0,21.7,16.6,9.9,1.1,0.6,16.0,17.6,,4.9,4.9,9.8,0.162,,0.3,1.7,2.0,2.9,0.0,0.0,35.5,5.5,9.8,0.0,0.0,5.5,9.7,0.561,3.1,4.7,3.3,7.3,10.6,2.3,0.8,0.3,2.3,3.1,14.0,5.6,9.9,0.0,0.0,5.6,9.9,3.1,4.7,3.4,7.4,10.8,2.3,0.8,0.3,2.3,3.1,14.2
Sedale Threatt,PG,32,LAL,81.0,2278.0,9.1,18.8,0.48200000000000004,0.1,0.7,0.152,9.0,18.1,0.496,3.0,3.4,0.89,0.6,2.8,3.4,7.6,2.4,0.4,2.3,4.1,21.3,111.0,111.0,15.3,0.524,0.039,0.182,1.3,6.2,3.6,23.1,2.4,0.5,10.3,19.0,,3.6,1.0,4.5,0.096,,0.3,-1.9,-1.7,0.2,0.0,0.0,28.1,5.1,10.5,0.1,0.4,5.0,10.1,0.485,1.7,1.9,0.3,1.5,1.9,4.2,1.4,0.2,1.3,2.3,11.9,6.5,13.5,0.1,0.5,6.4,12.9,2.2,2.4,0.4,2.0,2.4,5.4,1.7,0.3,1.7,2.9,15.3
Wayman Tisdale,PF,29,SAC,79.0,2557.0,10.6,21.2,0.501,0.0,0.0,,10.6,21.2,0.501,4.1,5.1,0.8079999999999999,3.1,7.7,10.8,2.7,0.7,1.0,2.4,5.6,25.4,109.0,110.0,15.8,0.541,0.0,0.24100000000000002,6.6,17.5,12.0,9.2,0.7,1.3,9.2,22.2,,3.8,1.6,5.4,0.10099999999999999,,-0.1,-1.1,-1.2,0.5,0.0,0.0,32.4,7.0,13.9,0.0,0.0,7.0,13.9,0.501,2.7,3.4,2.0,5.1,7.1,1.8,0.5,0.7,1.6,3.7,16.7,7.8,15.5,0.0,0.0,7.8,15.5,3.0,3.7,2.2,5.6,7.9,2.0,0.5,0.7,1.7,4.1,18.6
Jeff Turner,PF,31,ORL,68.0,1536.0,6.5,14.0,0.467,0.6,1.8,0.327,5.9,12.2,0.488,1.1,1.5,0.778,2.6,6.3,8.9,2.0,0.8,0.4,2.5,7.8,14.8,101.0,109.0,7.6,0.506,0.129,0.106,5.8,13.9,9.9,5.4,0.8,0.5,14.4,14.5,,0.4,1.0,1.4,0.043,,-2.6,-1.0,-3.6,-0.6,0.0,0.0,22.6,2.9,6.3,0.3,0.8,2.7,5.5,0.488,0.5,0.7,1.2,2.8,4.0,0.9,0.3,0.2,1.1,3.5,6.6,4.7,10.0,0.4,1.3,4.2,8.7,0.8,1.1,1.9,4.5,6.4,1.4,0.5,0.3,1.8,5.6,10.6
Nick Van Exel,PG,22,LAL,81.0,2700.0,7.7,19.5,0.39399999999999996,2.3,6.8,0.33799999999999997,5.4,12.8,0.423,2.8,3.6,0.7809999999999999,0.9,3.6,4.4,8.7,1.6,0.1,2.7,2.9,20.5,106.0,113.0,13.6,0.485,0.34700000000000003,0.183,1.8,8.0,4.8,25.4,1.6,0.2,11.3,19.9,,2.7,0.7,3.4,0.061,,1.1,-2.5,-1.4,0.4,0.0,0.0,33.3,5.1,13.0,1.5,4.5,3.6,8.5,0.452,1.9,2.4,0.6,2.4,2.9,5.8,1.0,0.1,1.8,1.9,13.6,5.5,14.0,1.6,4.9,3.9,9.1,2.0,2.6,0.6,2.5,3.2,6.2,1.1,0.1,1.9,2.1,14.7
Loy Vaught,PF,25,LAC,75.0,2118.0,8.5,15.8,0.537,0.0,0.1,0.0,8.5,15.7,0.541,3.0,4.1,0.72,5.0,10.0,14.9,1.7,1.7,0.5,2.2,5.0,20.0,113.0,106.0,16.0,0.5660000000000001,0.006999999999999999,0.262,11.0,21.8,16.5,5.2,1.7,0.6,11.0,17.0,,3.4,2.2,5.5,0.125,,-0.2,-0.5,-0.8,0.7,0.0,0.0,28.2,5.0,9.3,0.0,0.1,5.0,9.2,0.537,1.7,2.4,2.9,5.8,8.7,1.0,1.0,0.3,1.3,2.9,11.7,6.3,11.8,0.0,0.1,6.3,11.7,2.2,3.1,3.7,7.4,11.2,1.3,1.3,0.4,1.6,3.8,14.9
Kenny Walker,SF,29,WSB,73.0,1397.0,4.7,9.8,0.48200000000000004,0.0,0.1,0.0,4.7,9.7,0.48700000000000004,3.1,4.5,0.696,4.2,6.1,10.4,1.2,0.9,2.1,1.6,5.6,12.6,113.0,112.0,10.7,0.5329999999999999,0.011000000000000001,0.456,9.7,14.6,12.1,3.3,0.9,2.6,11.8,11.5,,1.5,0.4,1.9,0.065,,-2.0,-0.6,-2.6,-0.2,0.0,0.0,19.1,1.8,3.8,0.0,0.0,1.8,3.7,0.48200000000000004,1.2,1.7,1.6,2.3,4.0,0.5,0.4,0.8,0.6,2.1,4.8,3.4,7.1,0.0,0.1,3.4,7.0,2.2,3.2,3.0,4.4,7.4,0.9,0.7,1.5,1.1,4.0,9.0
Clarence Weatherspoon,SF,23,PHI,82.0,3147.0,9.6,19.9,0.483,0.1,0.3,0.235,9.5,19.6,0.48700000000000004,4.8,6.9,0.693,4.0,9.2,13.3,3.1,1.6,1.8,3.1,2.4,24.0,105.0,107.0,18.1,0.525,0.013999999999999999,0.345,8.8,20.2,14.5,10.3,1.6,2.2,12.0,22.5,,3.1,2.8,6.0,0.091,,-0.1,0.7,0.5,2.0,0.0,0.0,38.4,7.3,15.2,0.0,0.2,7.3,15.0,0.485,3.6,5.2,3.1,7.0,10.1,2.3,1.2,1.4,2.4,1.9,18.4,6.9,14.3,0.0,0.2,6.8,14.1,3.4,4.9,2.9,6.6,9.5,2.2,1.1,1.3,2.2,1.7,17.2
Spud Webb,PG,30,SAC,79.0,2567.0,7.2,15.5,0.46,1.1,3.1,0.335,6.1,12.4,0.49200000000000005,3.9,4.8,0.813,0.8,3.4,4.3,10.1,1.8,0.4,3.2,3.5,19.3,111.0,111.0,15.2,0.546,0.20199999999999999,0.31,1.8,7.7,4.7,31.2,1.8,0.6,15.4,17.9,,4.0,1.1,5.1,0.096,,1.2,-1.8,-0.6,0.9,0.0,0.0,32.5,4.7,10.3,0.7,2.1,4.0,8.2,0.494,2.6,3.2,0.6,2.3,2.8,6.7,1.2,0.3,2.1,2.3,12.7,5.2,11.4,0.8,2.3,4.5,9.1,2.9,3.5,0.6,2.5,3.1,7.4,1.3,0.3,2.4,2.6,14.1
Chris Webber,C,20,GSW,76.0,2438.0,11.4,20.6,0.552,0.0,0.3,0.0,11.4,20.3,0.5589999999999999,3.8,7.1,0.532,6.1,7.7,13.8,5.4,1.8,3.3,4.1,4.9,26.5,110.0,104.0,21.7,0.5589999999999999,0.013999999999999999,0.342,13.8,17.0,15.4,17.1,1.8,4.1,14.7,23.7,,4.6,3.2,7.8,0.154,,2.9,2.4,5.3,4.5,0.0,0.0,32.1,7.5,13.6,0.0,0.2,7.5,13.5,0.552,2.5,4.7,4.0,5.1,9.1,3.6,1.2,2.2,2.7,3.3,17.5,8.4,15.3,0.0,0.2,8.4,15.1,2.8,5.2,4.5,5.7,10.2,4.0,1.4,2.4,3.0,3.6,19.7
Bill Wennington,C,30,CHI,76.0,1371.0,9.0,18.4,0.488,0.0,0.1,0.0,9.0,18.3,0.49,2.7,3.4,0.818,4.5,9.0,13.4,2.7,1.6,1.1,2.9,8.2,20.6,106.0,101.0,14.0,0.52,0.004,0.183,10.0,20.2,15.1,7.9,1.6,1.5,12.6,19.2,,1.3,2.3,3.5,0.124,,-1.9,0.4,-1.5,0.2,0.0,0.0,18.0,3.1,6.3,0.0,0.0,3.1,6.3,0.488,0.9,1.2,1.5,3.1,4.6,0.9,0.6,0.4,1.0,2.8,7.1,6.2,12.7,0.0,0.1,6.2,12.6,1.9,2.3,3.1,6.2,9.3,1.8,1.1,0.8,2.0,5.6,14.2
Doug West,SG,26,MIN,72.0,2182.0,10.1,20.7,0.48700000000000004,0.0,0.2,0.125,10.1,20.5,0.49,4.3,5.4,0.81,1.4,4.0,5.4,4.0,1.5,0.6,3.2,5.5,24.5,104.0,111.0,13.3,0.532,0.009000000000000001,0.259,3.4,8.9,6.2,14.1,1.5,0.7,12.1,22.6,,1.6,0.9,2.6,0.055999999999999994,,-0.6,-1.6,-2.2,-0.1,0.0,0.0,30.3,6.0,12.4,0.0,0.1,6.0,12.3,0.488,2.6,3.2,0.8,2.4,3.2,2.4,0.9,0.3,1.9,3.3,14.7,7.2,14.7,0.0,0.1,7.1,14.6,3.1,3.8,1.0,2.8,3.8,2.8,1.1,0.4,2.3,3.9,17.4
Mark West,C,33,PHO,82.0,1236.0,6.5,11.5,0.5660000000000001,0.0,0.0,,6.5,11.5,0.5660000000000001,2.3,4.7,0.5,4.5,7.3,11.8,1.3,1.2,4.4,3.0,8.6,15.3,105.0,104.0,12.3,0.5670000000000001,0.0,0.406,10.3,16.5,13.4,3.6,1.2,5.5,18.0,13.9,,0.8,1.6,2.4,0.094,,-2.4,1.7,-0.7,0.4,0.0,0.0,15.1,2.0,3.5,0.0,0.0,2.0,3.5,0.5660000000000001,0.7,1.4,1.4,2.2,3.6,0.4,0.4,1.3,0.9,2.6,4.7,4.7,8.3,0.0,0.0,4.7,8.3,1.7,3.4,3.3,5.3,8.6,1.0,0.9,3.2,2.2,6.2,11.1
Ennis Whatley,PG,31,ATL,82.0,1004.0,6.1,12.0,0.508,0.0,0.3,0.0,6.1,11.7,0.522,2.6,3.3,0.7879999999999999,1.1,3.9,5.0,9.2,3.0,0.1,4.0,4.7,14.8,105.0,103.0,12.8,0.551,0.025,0.28,2.4,8.5,5.4,25.7,3.0,0.1,22.7,14.7,,0.8,1.4,2.2,0.105,,-2.3,-0.1,-2.4,-0.1,0.0,0.0,12.2,1.5,2.9,0.0,0.1,1.5,2.8,0.508,0.6,0.8,0.3,0.9,1.2,2.2,0.7,0.0,1.0,1.1,3.6,4.3,8.5,0.0,0.2,4.3,8.2,1.9,2.4,0.8,2.8,3.5,6.5,2.1,0.1,2.8,3.3,10.5
Dominique Wilkins,SF,34,TOT,74.0,2635.0,13.2,30.1,0.44,1.6,5.6,0.28800000000000003,11.6,24.5,0.474,8.4,9.9,0.847,3.4,5.7,9.1,3.2,1.7,0.6,3.3,2.4,36.4,110.0,106.0,21.4,0.529,0.18600000000000003,0.32899999999999996,7.5,12.3,9.9,11.3,1.7,0.7,8.6,32.0,,5.6,2.8,8.4,0.153,,3.0,-2.2,0.9,1.9,0.0,1.0,35.6,9.4,21.5,1.1,4.0,8.3,17.5,0.466,6.0,7.1,2.5,4.0,6.5,2.3,1.2,0.4,2.3,1.7,26.0,9.5,21.7,1.2,4.0,8.4,17.7,6.0,7.1,2.5,4.1,6.6,2.3,1.3,0.4,2.3,1.7,26.3
Gerald Wilkins,SG,30,CLE,82.0,2768.0,8.4,18.4,0.457,1.6,4.0,0.396,6.8,14.4,0.474,3.7,4.7,0.7759999999999999,2.0,3.7,5.7,4.8,2.0,0.7,2.5,3.5,22.1,111.0,107.0,14.9,0.539,0.217,0.256,4.4,8.3,6.4,14.7,2.0,0.9,10.8,19.7,,4.2,2.6,6.8,0.11800000000000001,,1.7,0.0,1.7,2.6,0.0,0.0,33.8,5.4,11.9,1.0,2.6,4.4,9.3,0.501,2.4,3.0,1.3,2.4,3.7,3.1,1.3,0.5,1.6,2.3,14.3,5.8,12.7,1.1,2.8,4.7,9.9,2.5,3.3,1.4,2.6,3.9,3.3,1.4,0.5,1.7,2.4,15.2
Buck Williams,PF,33,POR,81.0,2636.0,5.4,9.7,0.555,0.0,0.0,0.0,5.4,9.6,0.556,3.7,5.5,0.679,5.8,9.7,15.5,1.5,1.1,0.9,2.0,4.4,14.4,121.0,105.0,14.0,0.598,0.002,0.565,12.5,22.8,17.4,4.1,1.1,1.1,14.5,11.8,,4.7,3.2,7.9,0.14300000000000002,,0.0,1.0,1.0,2.0,0.0,0.0,32.5,3.6,6.5,0.0,0.0,3.6,6.5,0.555,2.5,3.7,3.9,6.5,10.4,1.0,0.7,0.6,1.4,3.0,9.7,4.0,7.2,0.0,0.0,4.0,7.1,2.7,4.0,4.3,7.2,11.5,1.1,0.8,0.6,1.5,3.3,10.7
Hot Rod Williams,PF,31,CLE,76.0,2660.0,7.8,16.2,0.478,0.0,0.0,,7.8,16.2,0.478,5.0,6.8,0.728,4.1,7.2,11.3,3.8,1.5,2.6,2.7,4.3,20.5,110.0,104.0,16.2,0.532,0.0,0.419,9.0,16.1,12.6,11.3,1.5,3.2,12.5,18.8,,3.8,3.6,7.4,0.134,,0.2,2.3,2.5,3.0,0.0,0.0,35.0,5.2,10.9,0.0,0.0,5.2,10.9,0.478,3.3,4.6,2.7,4.8,7.6,2.5,1.0,1.7,1.8,2.9,13.7,5.3,11.2,0.0,0.0,5.3,11.2,3.4,4.7,2.8,5.0,7.8,2.6,1.1,1.8,1.9,3.0,14.1
Micheal Williams,PG,27,MIN,71.0,2206.0,7.2,15.8,0.457,0.2,1.0,0.222,7.0,14.8,0.474,7.7,9.1,0.8390000000000001,1.5,3.5,5.1,11.8,2.7,0.6,4.7,4.4,22.3,111.0,109.0,18.0,0.563,0.066,0.578,3.6,8.0,5.9,37.8,2.7,0.7,19.1,21.1,,4.1,1.5,5.6,0.122,,2.2,-1.1,1.1,1.7,0.0,0.0,31.1,4.4,9.7,0.1,0.6,4.3,9.0,0.46399999999999997,4.7,5.6,0.9,2.2,3.1,7.2,1.7,0.3,2.9,2.7,13.7,5.1,11.2,0.2,0.7,5.0,10.5,5.4,6.5,1.1,2.5,3.6,8.4,1.9,0.4,3.3,3.1,15.8
Reggie Williams,SF,29,DEN,82.0,2654.0,7.9,19.1,0.41200000000000003,1.2,4.3,0.278,6.7,14.7,0.452,3.1,4.2,0.733,1.8,5.5,7.4,5.6,2.2,1.2,3.1,5.4,20.0,101.0,103.0,13.1,0.478,0.22699999999999998,0.222,4.2,11.9,8.2,17.6,2.2,1.6,12.8,20.5,,0.9,3.9,4.8,0.08800000000000001,,-0.1,1.4,1.3,2.2,0.0,0.0,32.4,5.1,12.4,0.8,2.8,4.3,9.6,0.444,2.0,2.7,1.2,3.6,4.8,3.7,1.4,0.8,2.0,3.5,13.0,5.7,13.8,0.9,3.1,4.8,10.6,2.2,3.1,1.3,4.0,5.3,4.1,1.6,0.9,2.2,3.9,14.4
Walt Williams,SF,23,SAC,57.0,1356.0,8.2,21.1,0.39,1.4,4.8,0.28800000000000003,6.8,16.3,0.42,5.4,8.5,0.635,2.6,6.0,8.5,4.8,1.9,0.8,5.3,7.3,23.2,90.0,109.0,10.4,0.467,0.228,0.402,5.6,13.5,9.5,15.3,1.9,1.1,17.5,25.7,,-1.7,1.0,-0.7,-0.024,,-2.5,-0.8,-3.3,-0.5,0.0,0.0,23.8,4.0,10.2,0.7,2.3,3.3,7.9,0.42200000000000004,2.6,4.1,1.2,2.9,4.1,2.3,0.9,0.4,2.5,3.5,11.2,6.0,15.4,1.0,3.5,5.0,11.9,3.9,6.2,1.9,4.4,6.2,3.5,1.4,0.6,3.8,5.3,16.9
Kevin Willis,PF,31,ATL,80.0,2867.0,11.1,22.3,0.499,0.2,0.4,0.375,11.0,21.9,0.501,4.8,6.7,0.713,6.0,11.2,17.1,2.7,1.4,0.7,3.3,4.4,27.2,110.0,100.0,19.4,0.5379999999999999,0.019,0.299,12.8,24.2,18.5,8.7,1.4,0.9,11.7,24.1,,5.1,5.1,10.2,0.17,,0.8,0.3,1.1,2.2,0.0,1.0,35.8,7.8,15.7,0.1,0.3,7.7,15.4,0.502,3.4,4.7,4.2,7.9,12.0,1.9,1.0,0.5,2.4,3.1,19.1,7.9,15.8,0.1,0.3,7.8,15.5,3.4,4.7,4.2,7.9,12.1,1.9,1.0,0.5,2.4,3.1,19.2
Trevor Wilson,PF,25,TOT,57.0,1221.0,7.6,15.7,0.48200000000000004,0.0,0.1,0.0,7.6,15.6,0.484,3.7,6.7,0.5539999999999999,4.8,6.2,11.0,2.9,1.5,0.4,3.8,5.0,18.8,98.0,110.0,11.8,0.505,0.005,0.428,10.5,14.0,12.2,9.0,1.5,0.6,16.8,19.1,,0.0,0.8,0.8,0.031,,-2.2,-0.7,-2.9,-0.3,0.0,0.0,21.4,3.3,6.8,0.0,0.0,3.3,6.8,0.48200000000000004,1.6,2.9,2.1,2.7,4.8,1.3,0.7,0.2,1.6,2.2,8.2,5.5,11.4,0.0,0.1,5.5,11.4,2.7,4.9,3.5,4.5,8.0,2.1,1.1,0.3,2.7,3.6,13.7
David Wingate,SG,30,CHH,50.0,1005.0,6.7,13.9,0.48100000000000004,0.2,0.6,0.33299999999999996,6.5,13.3,0.48700000000000004,1.7,2.5,0.667,1.5,5.1,6.6,5.1,2.1,0.3,2.6,4.2,15.2,101.0,110.0,10.8,0.507,0.042,0.18,3.4,11.1,7.4,14.4,2.1,0.4,14.8,15.2,,0.3,0.6,1.0,0.046,,-1.8,-0.1,-1.9,0.0,0.0,0.0,20.1,2.7,5.7,0.1,0.2,2.6,5.4,0.488,0.7,1.0,0.6,2.1,2.7,2.1,0.8,0.1,1.1,1.7,6.2,4.9,10.1,0.1,0.4,4.7,9.7,1.2,1.8,1.1,3.7,4.8,3.7,1.5,0.2,1.9,3.0,11.1
David Wood,PF,29,DET,78.0,1182.0,5.1,11.2,0.45899999999999996,0.9,2.1,0.449,4.2,9.1,0.462,2.7,3.5,0.7559999999999999,4.5,5.8,10.3,2.2,1.7,0.8,1.5,8.7,13.9,117.0,111.0,11.1,0.546,0.18899999999999997,0.317,9.6,12.8,11.2,6.1,1.7,1.0,10.6,12.2,,1.7,0.6,2.3,0.095,,-0.6,0.0,-0.7,0.4,0.0,0.0,15.2,1.5,3.3,0.3,0.6,1.2,2.7,0.502,0.8,1.1,1.3,1.7,3.1,0.7,0.5,0.2,0.4,2.6,4.1,3.6,7.9,0.7,1.5,3.0,6.4,1.9,2.5,3.2,4.1,7.3,1.6,1.2,0.6,1.1,6.1,9.8
Orlando Woolridge,SF,34,PHI,74.0,1955.0,9.3,19.8,0.47100000000000003,0.0,0.4,0.071,9.3,19.5,0.478,5.3,7.8,0.6890000000000001,2.6,5.0,7.6,3.6,1.1,1.4,3.6,4.8,24.0,100.0,112.0,13.9,0.517,0.018000000000000002,0.391,5.8,11.0,8.4,11.9,1.1,1.7,13.6,23.3,,0.7,0.7,1.5,0.036000000000000004,,-1.7,-1.5,-3.2,-0.6,0.0,0.0,26.4,4.9,10.4,0.0,0.2,4.9,10.3,0.47200000000000003,2.8,4.1,1.4,2.6,4.0,1.9,0.6,0.8,1.9,2.5,12.7,6.7,14.2,0.0,0.3,6.7,14.0,3.8,5.6,1.9,3.6,5.5,2.6,0.8,1.0,2.6,3.4,17.3
Haywoode Workman,PG,28,IND,65.0,1714.0,5.9,13.8,0.424,0.5,1.7,0.321,5.3,12.1,0.43799999999999994,2.8,3.5,0.802,1.0,5.2,6.1,12.1,2.6,0.1,4.5,4.6,15.0,101.0,104.0,12.9,0.49,0.122,0.252,2.2,11.2,6.9,34.3,2.6,0.2,22.8,16.9,,0.7,2.2,2.8,0.08,,-1.0,0.1,-0.9,0.5,0.0,0.0,26.4,3.0,7.1,0.3,0.9,2.7,6.2,0.44299999999999995,1.4,1.8,0.5,2.6,3.1,6.2,1.3,0.1,2.3,2.3,7.7,4.1,9.7,0.4,1.2,3.7,8.5,2.0,2.4,0.7,3.6,4.3,8.5,1.8,0.1,3.2,3.2,10.5
James Worthy,SF,32,LAL,80.0,1597.0,10.7,26.4,0.406,1.0,3.5,0.28800000000000003,9.7,22.9,0.424,3.1,4.3,0.741,1.5,4.2,5.7,4.8,1.4,0.6,3.1,2.5,25.6,96.0,112.0,12.8,0.452,0.132,0.161,3.1,9.4,6.2,15.6,1.4,0.7,9.8,26.2,,-0.5,0.5,0.1,0.002,,-2.1,-3.1,-5.2,-1.3,0.0,0.0,20.0,4.3,10.5,0.4,1.4,3.9,9.1,0.425,1.3,1.7,0.6,1.7,2.3,1.9,0.6,0.2,1.2,1.0,10.2,7.7,18.9,0.7,2.5,6.9,16.4,2.3,3.0,1.1,3.0,4.1,3.5,1.0,0.4,2.2,1.8,18.3
