pos,age,team_id,g,gs,mp,fg_per_mp,fga_per_mp,fg_pct,fg3_per_mp,fg3a_per_mp,fg3_pct,fg2_per_mp,fg2a_per_mp,fg2_pct,ft_per_mp,fta_per_mp,ft_pct,orb_per_mp,drb_per_mp,trb_per_mp,ast_per_mp,stl_per_mp,blk_per_mp,tov_per_mp,pf_per_mp,pts_per_mp
PF,24,TOT,75,52,1311,6.7,13.0,.518,0.0,0.0,.000,6.7,13.0,.519,2.4,3.2,.759,3.5,5.8,9.3,0.7,0.7,0.7,2.7,5.2,15.9
PF,24,MIL,12,0,159,5.9,12.7,.464,0.0,0.2,.000,5.9,12.5,.473,2.7,3.6,.750,2.7,5.7,8.4,2.3,1.4,0.9,2.9,5.4,14.5
PF,24,BOS,63,52,1152,6.8,13.0,.525,0.0,0.0,,6.8,13.0,.525,2.4,3.1,.760,3.6,5.8,9.4,0.5,0.6,0.7,2.6,5.2,16.1
PG,23,DEN,81,81,2710,8.4,18.7,.450,0.9,2.6,.355,7.5,16.1,.465,2.9,3.1,.935,0.7,2.3,3.0,4.6,1.1,0.1,2.5,2.4,20.6
C,30,TOT,18,7,269,3.5,6.6,.531,0.1,0.3,.500,3.3,6.3,.532,1.5,2.1,.688,3.5,5.5,9.0,0.7,0.4,0.8,1.7,4.6,8.6
C,30,HOU,6,0,23,3.1,14.1,.222,1.6,3.1,.500,1.6,11.0,.143,1.6,3.1,.500,3.1,6.3,9.4,0.0,0.0,0.0,3.1,3.1,9.4
C,30,WSB,12,7,246,3.5,5.9,.600,0.0,0.0,,3.5,5.9,.600,1.5,2.0,.714,3.5,5.4,8.9,0.7,0.4,0.9,1.6,4.7,8.5
PG,30,WSB,70,70,2499,5.3,12.0,.439,1.0,3.1,.321,4.3,8.9,.480,3.4,4.0,.856,0.7,2.7,3.5,7.6,1.4,0.1,2.5,2.1,14.9
SF,28,NJN,68,15,1164,5.6,12.7,.443,0.2,1.1,.206,5.4,11.7,.464,1.8,2.2,.814,1.4,2.7,4.1,1.6,0.7,0.3,2.0,3.9,13.2
SF,33,DET,51,15,1056,6.4,14.4,.443,1.0,2.8,.361,5.4,11.6,.463,3.4,4.4,.767,1.5,3.7,5.2,3.6,0.5,0.2,2.3,3.4,17.1
SG,33,PHO,80,0,2163,5.6,12.1,.462,2.5,6.2,.403,3.1,6.0,.522,2.0,2.4,.848,0.8,2.7,3.6,4.3,1.1,0.1,1.9,2.9,15.8
C,23,GSW,72,59,1753,7.1,13.7,.516,0.2,0.5,.455,6.9,13.2,.518,2.3,3.3,.685,2.7,5.9,8.6,1.9,0.7,1.1,2.5,4.5,16.6
PF,22,NYK,16,0,44,4.1,14.7,.278,0.0,0.0,,4.1,14.7,.278,9.0,10.6,.846,4.9,6.5,11.5,2.5,2.5,0.8,4.1,11.5,17.2
PG,22,NJN,55,55,2010,6.6,15.2,.435,0.1,0.4,.280,6.5,14.8,.440,3.2,4.2,.776,0.9,3.1,4.0,8.0,1.7,0.2,2.7,2.5,16.6
SG,25,ORL,79,76,2920,7.3,16.3,.449,1.1,3.1,.353,6.2,13.3,.471,3.7,5.0,.741,1.5,4.4,5.9,3.3,1.6,0.7,2.0,2.5,19.4
SF,34,PHI,69,0,1263,6.4,15.5,.414,1.1,3.4,.325,5.3,12.1,.439,2.1,2.5,.809,1.8,3.5,5.2,2.7,0.9,0.1,1.8,2.1,16.0
SG,26,SAS,38,7,560,5.1,12.0,.430,0.1,0.5,.125,5.1,11.4,.444,1.4,1.8,.786,0.5,3.2,3.7,5.1,0.9,0.4,2.8,3.3,11.8
PG,25,NYK,70,35,1699,3.7,8.9,.415,0.1,0.6,.133,3.6,8.2,.437,2.3,3.4,.673,0.9,2.7,3.6,8.4,2.4,0.3,2.2,3.0,9.7
PG,25,CHI,82,74,2492,5.9,11.8,.499,0.9,2.0,.453,5.0,9.8,.508,1.9,2.2,.861,0.4,1.8,2.2,4.8,1.0,0.1,1.2,2.4,14.6
SG,26,TOT,73,4,1129,4.8,9.9,.492,0.1,0.2,.333,4.8,9.7,.495,3.3,4.8,.705,2.0,3.2,5.1,3.9,1.3,0.6,2.2,4.3,13.1
SG,26,SAC,9,0,76,3.8,8.1,.471,0.0,0.0,,3.8,8.1,.471,5.2,7.1,.733,3.3,1.9,5.2,2.4,0.9,0.5,3.8,5.2,12.8
SG,26,SEA,64,4,1053,4.9,10.0,.493,0.1,0.2,.333,4.9,9.8,.497,3.2,4.6,.701,1.9,3.2,5.1,4.0,1.3,0.6,2.1,4.2,13.1
SF,25,MIA,69,1,935,3.4,8.2,.413,0.8,2.5,.338,2.5,5.7,.446,1.1,1.5,.725,2.8,4.8,7.6,1.2,1.2,1.1,1.4,5.4,8.7
SG,24,ATL,73,66,2112,6.8,13.5,.501,0.0,0.1,.000,6.8,13.4,.504,3.9,5.2,.739,2.4,2.5,4.9,2.9,1.6,0.3,2.7,2.4,17.4
C,23,UTA,46,3,306,5.9,13.2,.446,0.0,0.1,.000,5.9,13.1,.450,3.4,5.2,.659,4.5,4.8,9.3,0.7,0.9,1.6,2.7,7.1,15.2
PF,23,MIL,82,78,2285,5.5,12.6,.433,0.0,0.0,.000,5.5,12.6,.434,1.8,2.7,.651,2.8,5.2,8.1,1.4,0.9,1.2,2.2,3.7,12.7
PG,32,BOS,10,0,97,3.3,9.3,.360,0.0,0.4,.000,3.3,8.9,.375,1.9,2.2,.833,0.4,2.2,2.6,7.4,0.7,0.0,6.3,4.1,8.5
PF,31,MIN,70,3,1276,5.7,12.6,.455,0.0,0.0,,5.7,12.6,.455,3.4,4.0,.838,1.5,4.6,6.1,1.7,0.6,1.3,1.7,2.5,14.8
SG,24,DAL,23,0,175,3.9,12.8,.306,0.2,1.2,.167,3.7,11.5,.321,2.5,3.5,.706,2.1,5.6,7.6,6.0,1.6,0.6,3.5,5.8,10.5
PF,29,PHO,76,76,2859,9.0,17.3,.520,0.8,2.8,.305,8.2,14.6,.561,5.6,7.3,.765,3.0,8.7,11.7,4.8,1.5,0.9,2.9,2.5,24.5
PG,25,SEA,69,2,1243,6.2,13.7,.451,1.9,4.9,.379,4.3,8.8,.492,1.4,1.7,.831,0.5,2.6,3.1,4.4,1.8,0.1,1.7,2.3,15.7
SG,23,MIL,47,0,552,5.0,13.4,.369,1.4,4.1,.333,3.6,9.3,.385,2.2,3.2,.673,0.7,2.2,2.8,4.4,2.3,0.2,2.7,3.7,13.4
SG,30,CLE,41,0,497,6.0,14.5,.415,0.1,0.4,.167,5.9,14.1,.423,4.1,5.2,.778,0.3,1.8,2.1,3.9,0.7,0.4,1.6,2.8,16.2
SG,28,BOS,3,1,29,7.4,16.1,.462,0.0,1.2,.000,7.4,14.9,.500,2.5,2.5,1.000,8.7,5.0,13.7,2.5,1.2,0.0,2.5,2.5,17.4
C,29,SAS,16,0,66,4.9,14.7,.333,0.5,0.5,1.000,4.4,14.2,.308,3.3,6.5,.500,0.5,4.9,5.5,0.0,0.0,0.5,0.5,8.2,13.6
C,28,TOT,59,6,754,6.4,12.9,.491,0.0,0.0,,6.4,12.9,.491,3.3,5.0,.663,2.4,7.5,10.0,1.1,1.5,2.3,3.7,6.4,16.0
C,28,SEA,31,6,448,6.5,13.1,.497,0.0,0.0,,6.5,13.1,.497,3.8,5.4,.701,2.2,6.9,9.1,1.0,1.4,2.8,3.4,5.9,16.8
C,28,LAL,28,0,306,6.1,12.7,.481,0.0,0.0,,6.1,12.7,.481,2.6,4.4,.595,2.8,8.5,11.3,1.2,1.6,1.5,4.2,7.2,14.8
PG,23,CHH,75,2,857,4.6,10.9,.423,1.1,3.4,.325,3.5,7.6,.467,1.3,1.7,.732,0.5,2.1,2.6,5.7,1.3,0.0,2.1,4.6,11.6
SF,24,UTA,82,27,1712,5.4,12.4,.436,0.7,2.1,.347,4.7,10.4,.453,2.4,3.2,.750,2.4,5.8,8.2,0.9,0.9,0.9,1.9,4.2,14.0
SG,33,NYK,60,33,1434,6.0,13.5,.443,0.8,1.8,.425,5.2,11.7,.446,1.8,2.3,.789,0.6,2.0,2.6,3.9,0.6,0.3,1.6,3.2,14.6
SF,22,LAL,27,0,109,4.6,13.9,.333,0.0,1.0,.000,4.6,12.9,.359,2.0,2.6,.750,3.3,4.3,7.6,2.3,1.3,0.7,1.7,4.6,11.2
SG,26,MIN,61,2,642,3.6,8.4,.433,0.6,2.4,.256,3.0,6.0,.505,1.1,1.8,.625,1.0,2.8,3.8,4.0,0.9,0.3,1.7,3.4,9.0
SF,26,CHI,2,0,13,8.3,19.4,.429,0.0,0.0,,8.3,19.4,.429,0.0,0.0,,5.5,2.8,8.3,2.8,5.5,0.0,2.8,2.8,16.6
PG,25,ATL,80,78,2820,5.3,12.3,.429,1.5,4.0,.375,3.8,8.3,.456,1.6,2.2,.728,1.1,2.4,3.6,8.6,2.6,0.3,2.4,2.0,13.6
PG,28,CHH,81,80,2833,4.2,9.3,.453,0.1,0.3,.231,4.1,8.9,.462,1.8,2.1,.833,0.6,3.1,3.8,9.0,2.0,0.1,2.0,2.3,10.3
C,30,PHI,58,23,855,2.2,5.3,.409,0.4,1.3,.313,1.8,4.0,.442,0.5,0.8,.632,1.9,6.3,8.1,0.8,0.6,5.0,2.1,3.7,5.3
SG,23,DAL,74,38,1578,5.2,12.9,.402,0.2,1.0,.167,5.0,11.9,.421,2.9,3.8,.772,1.2,3.3,4.5,2.8,1.7,0.4,2.6,5.1,13.5
PF,24,SAC,70,35,1764,4.7,10.1,.461,0.0,0.1,.000,4.7,10.0,.467,2.9,4.9,.593,3.8,5.4,9.3,2.0,1.8,0.3,2.1,3.7,12.3
SG,29,ORL,77,45,1761,5.5,11.6,.471,0.3,1.0,.313,5.2,10.7,.486,1.4,1.7,.798,0.7,3.2,4.0,3.6,1.1,0.3,1.7,2.7,12.6
C,31,NJN,79,65,2092,4.9,11.0,.450,0.0,0.1,.333,4.9,10.9,.451,2.4,3.1,.779,2.7,6.8,9.6,2.2,0.6,2.2,2.1,3.9,12.3
PG,22,CLE,82,8,1622,6.6,13.8,.478,0.3,0.9,.310,6.3,12.9,.491,2.6,3.2,.825,0.8,3.2,4.0,6.7,1.8,0.6,2.4,2.7,16.1
C,32,ATL,12,0,107,5.0,10.4,.484,0.0,0.0,,5.0,10.4,.484,0.7,1.7,.400,3.4,6.1,9.4,2.0,0.7,1.0,1.7,4.0,10.8
C,33,MIL,66,64,2075,7.9,14.5,.545,0.1,0.5,.308,7.8,14.1,.553,3.4,4.6,.728,2.1,4.9,7.0,3.4,1.4,0.8,3.5,4.1,19.3
SF,23,DEN,55,2,571,5.9,14.7,.399,0.4,1.6,.231,5.5,13.1,.420,2.2,2.5,.875,1.4,3.7,5.1,2.1,0.6,0.1,2.5,2.9,14.3
PG,27,HOU,82,0,1516,4.3,9.1,.475,1.0,2.4,.414,3.4,6.8,.497,2.7,3.2,.830,0.5,1.8,2.4,5.8,1.9,0.1,1.7,3.2,12.3
SF,24,NJN,77,20,1186,4.9,10.0,.483,0.0,0.2,.000,4.9,9.9,.491,2.2,3.0,.724,2.7,4.4,7.0,1.5,0.6,0.7,1.7,3.4,11.9
PG,24,BOS,80,48,2254,5.2,11.2,.468,0.4,1.3,.317,4.8,9.9,.488,3.1,3.9,.793,0.7,3.2,3.9,7.4,2.2,0.5,2.2,3.2,14.0
C,29,UTA,82,21,1551,4.1,9.5,.430,0.0,0.0,.000,4.1,9.5,.431,2.6,3.8,.689,3.4,5.7,9.1,1.5,0.7,0.5,2.2,4.4,10.8
PG,24,SAC,75,34,1726,4.7,10.1,.463,0.0,0.1,.333,4.7,10.0,.465,2.4,3.3,.732,1.6,2.9,4.4,4.1,2.3,0.7,2.5,4.3,11.8
C,27,POR,80,24,1396,4.8,9.5,.503,0.0,0.0,.000,4.8,9.5,.504,2.7,3.8,.703,3.4,5.0,8.4,1.1,1.0,0.6,1.7,5.8,12.3
SF,24,GSW,70,9,1287,4.9,11.3,.437,0.6,1.7,.339,4.4,9.6,.453,1.8,2.4,.747,2.3,3.2,5.5,2.6,1.3,0.5,1.5,2.7,12.2
PF,25,HOU,79,4,1356,5.7,13.1,.431,2.4,6.5,.374,3.2,6.7,.486,1.5,2.0,.784,1.8,4.1,5.9,2.9,0.8,0.3,1.5,3.4,15.3
SF,24,MIA,26,8,451,4.3,11.3,.383,0.4,1.2,.333,3.9,10.1,.389,7.3,10.1,.717,1.8,3.8,5.6,1.3,1.0,1.3,4.0,4.6,16.3
SG,30,WSB,4,0,35,10.3,26.7,.385,1.0,3.1,.333,9.3,23.7,.391,8.2,10.3,.800,2.1,1.0,3.1,6.2,2.1,0.0,4.1,5.1,29.8
C,31,SEA,82,66,2156,3.7,6.9,.526,0.0,0.0,.000,3.7,6.9,.528,1.0,2.2,.469,4.5,6.5,11.0,1.2,1.3,0.8,1.0,3.1,8.3
SF,23,DAL,53,13,885,6.1,12.7,.484,0.0,0.2,.000,6.1,12.5,.490,2.8,4.0,.687,3.6,3.2,6.8,2.4,1.0,0.2,2.6,5.2,15.1
PF,24,LAL,79,13,1551,5.5,12.1,.458,0.0,0.1,.000,5.5,12.0,.460,3.0,4.7,.637,2.9,4.8,7.7,1.1,1.4,2.3,1.6,3.8,14.1
SF,30,NYK,58,13,1062,6.6,13.4,.490,0.1,0.2,.400,6.5,13.3,.491,2.0,2.9,.678,2.0,3.3,5.3,2.1,1.2,0.2,1.7,5.1,15.2
PF,31,SAS,71,46,1947,7.0,13.0,.538,0.0,0.1,.000,7.0,12.9,.541,3.2,4.1,.777,2.0,5.2,7.2,1.8,0.6,1.6,1.8,4.9,17.2
C,35,CHI,63,63,1253,4.1,9.9,.411,0.0,0.0,,4.1,9.9,.411,2.1,2.8,.735,2.4,4.3,6.7,2.4,0.6,0.3,1.8,4.4,10.2
PF,29,ORL,21,1,262,4.9,10.0,.493,0.0,0.0,,4.9,10.0,.493,3.7,4.7,.794,2.5,3.8,6.3,0.7,0.5,0.1,3.4,4.3,13.6
C,24,SAC,55,45,1211,5.2,9.5,.545,0.0,0.0,.000,5.2,9.5,.547,3.1,4.9,.624,3.3,5.7,9.0,1.0,1.0,2.6,1.7,5.7,13.5
SF,23,PHO,74,46,1607,8.5,14.8,.576,0.0,0.0,.000,8.5,14.8,.577,4.2,5.8,.725,3.9,5.3,9.1,1.7,1.2,0.6,2.4,2.3,21.3
PF,33,PHO,73,0,1723,6.7,15.0,.447,0.2,0.6,.393,6.5,14.4,.449,5.0,6.0,.837,2.0,5.2,7.2,2.1,0.9,0.5,1.9,4.4,18.6
SG,25,WSB,60,23,1300,7.9,16.7,.477,1.2,3.2,.371,6.8,13.5,.502,3.7,4.5,.810,0.5,1.9,2.4,3.2,1.1,0.3,2.2,3.3,20.7
PG,36,NJN,35,0,510,3.6,6.6,.548,0.0,0.1,.000,3.6,6.4,.560,1.7,1.9,.889,0.4,2.6,3.0,7.6,2.3,0.1,2.3,2.5,8.9
PF,24,SAC,59,9,834,7.1,14.7,.485,0.0,0.0,,7.1,14.7,.485,1.4,2.0,.696,3.5,4.9,8.4,2.8,0.9,0.9,2.3,4.4,15.6
SG,22,LAL,23,0,332,4.9,11.5,.425,0.2,1.3,.167,4.7,10.2,.457,5.4,7.2,.758,2.6,2.9,5.5,5.7,2.4,0.5,5.4,5.7,15.4
PF,25,NJN,76,73,2759,7.4,16.0,.460,0.3,1.3,.232,7.1,14.7,.480,5.5,6.8,.808,3.2,7.9,11.1,3.6,1.2,1.6,3.2,2.7,20.5
PG,24,MIA,81,37,2232,5.1,11.1,.464,0.7,2.2,.307,4.5,8.9,.503,2.9,3.5,.805,0.9,1.7,2.7,6.0,1.3,0.2,1.7,3.2,13.8
C,25,SAC,46,0,467,6.2,13.2,.474,0.0,0.3,.000,6.2,12.9,.485,4.4,6.2,.704,3.7,5.8,9.5,2.9,1.0,0.4,2.2,3.3,16.9
PG,33,LAC,31,0,422,2.4,5.3,.452,0.0,0.0,,2.4,5.3,.452,1.5,1.6,.947,1.4,2.8,4.2,5.5,2.9,0.3,1.8,3.3,6.3
PG,23,LAL,65,0,645,3.5,8.8,.392,0.4,1.7,.233,3.1,7.1,.430,1.4,2.0,.714,0.7,2.1,2.8,8.4,1.0,0.1,3.9,3.7,8.7
SF,30,UTA,82,58,2555,5.4,10.8,.503,0.0,0.1,.000,5.4,10.7,.506,2.5,3.1,.826,2.7,4.6,7.3,2.4,1.5,0.5,1.5,3.6,13.4
PG,24,TOT,10,0,105,4.8,8.2,.583,0.0,1.0,.000,4.8,7.2,.667,5.5,7.2,.762,0.3,2.1,2.4,5.5,2.1,0.0,2.7,6.2,15.1
PG,24,ORL,9,0,102,4.6,8.1,.565,0.0,1.1,.000,4.6,7.1,.650,5.6,7.4,.762,0.4,2.1,2.5,5.6,2.1,0.0,2.8,6.0,14.8
PG,24,WSB,1,0,3,12.0,12.0,1.000,0.0,0.0,,12.0,12.0,1.000,0.0,0.0,,0.0,0.0,0.0,0.0,0.0,0.0,0.0,12.0,24.0
PF,23,TOT,12,0,104,4.5,11.1,.406,0.0,0.0,,4.5,11.1,.406,2.4,3.1,.778,1.4,5.2,6.6,1.0,1.7,1.7,2.1,5.9,11.4
PF,23,CHI,5,0,34,4.2,9.5,.444,0.0,0.0,,4.2,9.5,.444,3.2,4.2,.750,2.1,0.0,2.1,1.1,2.1,1.1,3.2,9.5,11.6
PF,23,GSW,7,0,70,4.6,11.8,.391,0.0,0.0,,4.6,11.8,.391,2.1,2.6,.800,1.0,7.7,8.7,1.0,1.5,2.1,1.5,4.1,11.3
PG,23,UTA,40,0,243,5.5,10.7,.514,0.3,2.1,.143,5.2,8.6,.603,3.9,5.6,.684,0.6,1.9,2.5,8.1,1.6,0.0,4.4,4.3,15.1
PF,31,SAS,8,0,76,5.2,13.7,.379,0.0,0.0,,5.2,13.7,.379,2.4,4.7,.500,2.8,6.2,9.0,1.9,0.5,0.5,0.9,8.1,12.8
C,27,DAL,20,0,166,3.5,8.9,.390,0.0,0.0,,3.5,8.9,.390,5.6,7.8,.722,3.7,6.9,10.6,2.6,1.5,0.4,1.7,6.5,12.6
SG,28,CHH,80,0,2094,8.6,18.9,.452,1.6,4.1,.401,6.9,14.9,.466,2.3,2.7,.866,0.9,4.0,4.9,3.1,1.5,0.4,2.2,2.6,21.1
SG,25,SAS,77,10,1573,6.5,14.7,.443,1.4,4.1,.333,5.2,10.7,.484,1.6,2.3,.727,2.0,3.0,4.9,3.4,0.9,0.7,2.3,3.3,16.0
C,27,CLE,71,71,2691,7.0,12.2,.571,0.0,0.0,.500,6.9,12.2,.571,5.2,6.6,.795,2.2,7.5,9.7,4.2,0.7,0.7,2.0,2.3,19.2
PF,23,IND,82,82,2264,4.8,8.5,.568,0.0,0.0,,4.8,8.5,.568,1.9,3.6,.529,4.6,6.9,11.5,1.1,1.0,2.4,1.3,4.4,11.6
SG,22,NYK,50,2,815,4.9,11.1,.438,0.3,0.8,.316,4.6,10.2,.448,1.9,2.4,.796,0.6,1.9,2.5,3.7,1.0,0.2,2.0,3.1,11.9
PF,25,DAL,75,74,2462,5.7,12.6,.455,0.0,0.1,.250,5.7,12.5,.457,2.4,4.1,.594,3.8,6.5,10.3,1.0,0.5,0.4,2.3,2.9,14.0
PG,29,PHI,74,10,1598,5.8,13.3,.437,0.6,1.9,.310,5.2,11.4,.458,2.5,3.2,.796,0.7,2.3,3.1,7.6,1.8,0.1,2.7,2.1,14.8
SG,23,MIL,71,37,1931,6.7,15.4,.432,1.0,3.4,.293,5.7,12.0,.472,4.0,5.5,.717,2.7,2.7,5.4,2.2,1.4,0.9,2.2,4.1,18.3
PG,26,SAS,73,31,1526,5.1,10.1,.507,0.1,0.6,.250,5.0,9.6,.522,2.4,2.8,.863,0.4,3.4,3.8,6.9,1.0,0.0,2.2,3.4,12.8
PF,23,ORL,21,0,240,6.0,11.7,.513,0.0,0.1,.000,6.0,11.5,.519,2.4,3.0,.800,3.6,4.8,8.4,0.7,2.1,2.5,3.7,7.2,14.4
C,24,LAL,82,69,2525,5.7,11.7,.485,0.3,1.1,.280,5.4,10.6,.505,3.4,4.9,.689,3.1,7.3,10.4,3.3,1.8,2.0,3.1,4.4,15.0
C,35,UTA,6,1,94,3.1,5.4,.571,0.0,0.0,,3.1,5.4,.571,1.9,3.4,.556,2.3,8.8,11.1,0.4,0.4,2.7,1.5,5.0,8.0
PG,26,BOS,79,36,1932,4.9,9.9,.498,0.1,0.5,.207,4.8,9.3,.515,1.6,2.8,.560,1.2,1.8,3.0,9.5,0.9,0.2,3.0,3.1,11.5
C,30,IND,43,0,239,2.9,8.7,.328,0.0,0.6,.000,2.9,8.1,.352,1.2,2.3,.533,3.9,6.0,9.9,1.2,0.8,1.2,1.4,9.0,6.9
SG,30,POR,49,49,1671,7.5,17.6,.429,0.7,2.9,.233,6.9,14.7,.467,5.3,6.3,.839,2.7,3.9,6.7,6.0,2.0,0.8,2.5,3.4,21.0
C,28,POR,74,55,1762,6.1,14.1,.438,0.0,0.0,.000,6.1,14.0,.439,2.6,3.6,.730,2.4,5.5,7.9,1.4,0.9,0.8,1.8,4.5,14.9
C,27,NJN,71,16,1398,2.4,6.8,.353,0.0,0.0,,2.4,6.8,.353,1.5,2.8,.518,5.5,7.7,13.2,0.4,0.4,2.7,1.4,5.0,6.3
SG,29,DET,77,77,3094,7.9,16.9,.466,1.3,3.5,.375,6.6,13.4,.489,4.0,4.6,.864,0.7,1.0,1.7,3.6,0.9,0.1,1.6,1.6,21.0
SF,23,PHO,48,32,1320,8.2,15.7,.524,0.0,0.1,.333,8.2,15.6,.525,4.1,5.9,.707,2.7,3.4,6.1,1.6,2.3,1.1,2.5,3.5,20.6
SF,25,GSW,5,1,78,2.8,11.5,.240,0.0,0.0,,2.8,11.5,.240,4.2,5.5,.750,2.3,4.2,6.5,1.8,0.5,0.5,3.2,2.8,9.7
C,36,UTA,64,57,1104,2.3,4.2,.546,0.0,0.0,,2.3,4.2,.546,1.1,1.6,.700,2.4,6.2,8.6,0.6,0.6,2.6,1.4,4.7,5.8
SF,27,MIL,82,81,2729,7.3,14.3,.512,0.5,1.4,.349,6.8,12.9,.529,3.1,4.0,.790,1.6,3.4,5.0,2.8,1.7,0.6,2.3,3.2,18.2
C,37,LAL,52,0,617,7.1,15.8,.452,0.0,0.0,,7.1,15.8,.452,4.9,6.9,.712,1.8,4.1,5.8,2.4,0.6,0.4,3.0,7.1,19.1
SG,27,MIA,40,30,1134,6.9,14.7,.468,0.2,0.5,.294,6.7,14.1,.474,3.8,4.5,.844,1.5,2.3,3.8,3.8,2.2,0.4,2.4,2.2,17.7
SG,31,CLE,82,73,2559,5.4,11.0,.490,1.3,3.4,.381,4.1,7.6,.540,1.2,1.7,.717,1.6,4.1,5.7,3.6,1.5,0.3,1.7,2.4,13.4
SF,29,POR,82,7,1757,4.9,10.7,.458,0.9,2.6,.349,4.0,8.1,.494,3.7,4.4,.855,1.2,3.2,4.4,3.6,1.5,0.4,1.8,3.0,14.5
SF,24,SAS,70,70,2604,6.2,12.7,.491,0.5,1.4,.356,5.7,11.3,.509,3.7,4.7,.795,1.2,3.3,4.5,3.7,0.9,0.4,2.1,1.8,16.7
SG,32,SAS,82,76,2731,7.2,14.4,.499,1.6,3.9,.401,5.6,10.5,.536,2.1,2.6,.797,1.1,3.0,4.1,1.4,1.0,0.2,1.5,2.4,18.0
PF,22,DEN,82,82,2749,6.3,12.5,.504,0.0,0.2,.154,6.3,12.4,.509,3.1,4.2,.748,3.6,6.2,9.7,2.0,0.9,1.5,2.0,3.8,15.8
C,25,WSB,49,48,1701,7.2,13.9,.521,0.0,0.1,.000,7.2,13.8,.524,3.6,5.1,.702,2.9,6.2,9.2,2.5,1.0,2.3,2.3,3.3,18.0
SG,22,CHI,6,0,31,3.5,11.6,.300,0.0,3.5,.000,3.5,8.1,.429,0.0,2.3,.000,2.3,4.6,7.0,1.2,3.5,2.3,4.6,5.8,7.0
C,30,NYK,81,81,3003,9.3,18.6,.503,0.0,0.1,.143,9.3,18.5,.504,4.8,6.7,.719,2.3,9.5,11.7,1.8,0.9,1.9,3.2,3.4,23.5
SF,27,ATL,82,15,1736,6.8,14.4,.470,0.2,0.7,.250,6.6,13.7,.482,3.6,4.7,.779,2.0,1.9,4.0,2.7,1.2,0.4,2.1,3.3,17.4
PF,26,CLE,76,1,1461,5.4,11.3,.479,0.8,2.0,.415,4.6,9.3,.493,2.4,2.8,.876,2.0,4.9,6.9,3.4,0.7,1.2,2.0,4.2,14.1
PG,30,IND,75,8,1503,6.7,13.3,.505,0.2,0.9,.194,6.5,12.4,.527,3.4,4.7,.726,1.5,2.5,4.0,5.4,1.5,0.2,2.9,3.0,17.0
PG,32,HOU,52,10,867,5.1,12.7,.407,0.7,2.3,.286,4.5,10.3,.434,3.4,4.2,.794,0.6,3.0,3.6,5.5,1.3,0.2,2.8,2.4,14.3
PF,24,TOT,43,0,298,6.6,14.5,.458,0.0,0.5,.000,6.6,14.0,.474,1.8,2.5,.714,3.9,6.2,10.0,2.5,0.4,1.7,3.0,7.0,15.1
PF,24,WSB,10,0,93,4.3,9.7,.440,0.0,0.0,,4.3,9.7,.440,0.8,1.2,.667,3.1,7.4,10.5,4.3,0.0,1.9,3.5,6.6,9.3
PF,24,ATL,33,0,205,7.7,16.7,.463,0.0,0.7,.000,7.7,16.0,.484,2.3,3.2,.722,4.2,5.6,9.8,1.8,0.5,1.6,2.8,7.2,17.7
SF,23,BOS,71,14,1082,6.1,12.6,.484,0.1,0.8,.174,6.0,11.9,.504,2.7,3.4,.802,1.8,3.5,5.3,3.8,2.0,0.7,2.6,4.4,15.1
SF,27,BOS,82,58,2541,6.5,12.8,.507,0.7,2.0,.374,5.8,10.9,.531,1.7,2.1,.826,0.7,2.8,3.5,3.2,1.2,0.5,1.1,2.6,15.5
PG,28,HOU,66,4,1004,5.5,12.3,.443,0.2,0.5,.462,5.2,11.8,.442,2.9,3.2,.910,1.1,2.7,3.9,4.9,1.4,0.1,2.4,4.2,14.0
PF,25,GSW,70,11,1248,7.2,13.3,.539,0.0,0.2,.000,7.2,13.2,.546,4.3,6.0,.725,3.7,5.5,9.2,1.2,1.3,1.5,2.9,5.7,18.7
PF,28,CHH,75,5,1475,5.0,9.4,.529,0.0,0.1,.000,5.0,9.3,.533,2.5,4.1,.604,2.6,6.0,8.6,1.7,1.2,1.3,1.6,5.8,12.4
C,23,MIA,48,2,554,4.9,9.4,.524,0.0,0.3,.000,4.9,9.2,.539,4.0,6.0,.674,3.0,4.8,7.8,0.9,1.0,1.2,2.3,8.0,13.9
PG,24,NJN,48,1,380,4.8,12.8,.378,0.0,0.5,.000,4.8,12.3,.392,1.9,2.3,.833,0.9,1.7,2.6,5.6,0.9,0.3,2.9,2.4,11.6
SG,24,CHH,69,67,2430,6.9,15.3,.449,0.3,0.9,.274,6.6,14.4,.460,3.3,4.3,.772,1.8,3.3,5.0,4.0,1.5,0.5,2.6,2.8,17.3
PF,28,PHI,80,26,1742,7.4,16.0,.464,0.0,0.0,.000,7.4,16.0,.464,5.7,6.7,.843,2.8,6.9,9.8,2.4,0.8,1.1,3.2,2.5,20.5
SF,25,TOT,60,5,848,6.0,14.4,.419,0.3,1.4,.212,5.7,13.0,.441,1.1,1.7,.641,2.6,3.4,6.0,3.3,1.4,0.8,1.5,4.4,13.4
SF,25,MIN,4,0,71,4.1,13.7,.296,0.0,1.0,.000,4.1,12.7,.320,2.0,3.0,.667,0.5,1.0,1.5,4.6,1.5,0.0,2.5,3.0,10.1
SF,25,DET,56,5,777,6.2,14.5,.429,0.3,1.4,.226,5.9,13.0,.452,1.0,1.5,.636,2.8,3.7,6.4,3.2,1.4,0.8,1.4,4.5,13.7
C,33,CHH,34,0,251,6.0,11.9,.506,0.0,0.0,,6.0,11.9,.506,1.3,1.4,.900,4.9,7.3,12.2,1.0,0.1,1.3,1.6,4.0,13.3
SG,25,ATL,80,11,1508,6.1,13.4,.457,1.0,3.4,.298,5.1,10.0,.511,2.3,3.1,.733,1.5,3.1,4.5,3.9,2.1,0.1,2.9,4.4,15.5
PG,27,LAC,74,8,1624,4.7,10.6,.441,0.2,0.9,.262,4.4,9.6,.459,1.2,1.6,.743,0.6,2.5,3.1,7.8,2.3,0.2,2.9,3.7,10.8
PG,26,PHI,72,0,996,2.8,8.0,.350,0.7,2.5,.294,2.1,5.5,.375,0.7,1.1,.645,0.9,1.6,2.4,7.4,1.6,0.0,2.0,2.6,7.0
SF,27,WSB,72,72,2667,7.6,15.5,.487,0.0,0.1,.100,7.5,15.4,.491,2.9,4.0,.727,1.8,3.8,5.6,2.8,1.0,0.6,1.2,2.3,18.1
PF,27,CHI,77,77,2745,5.5,10.9,.508,0.0,0.1,.200,5.5,10.8,.510,2.3,3.7,.619,4.5,5.1,9.6,2.6,1.2,1.3,1.4,2.9,13.3
SG,27,GSW,48,12,1025,5.8,12.4,.467,0.1,0.5,.143,5.7,11.9,.481,3.2,4.8,.669,2.5,3.0,5.5,2.5,1.1,0.3,1.9,4.2,14.9
PF,29,LAL,82,55,2819,4.8,9.0,.537,0.2,0.6,.348,4.6,8.4,.550,3.5,4.8,.739,3.7,5.4,9.1,1.5,1.1,0.5,1.5,1.9,13.4
PG,22,ORL,52,4,626,5.0,11.4,.439,0.1,0.6,.100,4.9,10.8,.457,3.5,5.5,.625,0.6,1.3,2.0,6.7,1.3,0.2,2.4,4.0,13.5
SG,22,IND,13,0,81,12.4,24.4,.509,1.3,4.4,.300,11.1,20.0,.556,1.3,1.8,.750,1.8,2.2,4.0,3.1,0.9,0.4,4.0,4.9,27.6
PF,32,TOT,39,0,329,3.7,9.7,.382,0.0,0.2,.000,3.7,9.5,.391,2.7,3.4,.806,3.5,9.4,12.9,2.6,0.7,0.5,2.2,4.0,10.2
PF,32,SAS,15,0,202,3.6,8.7,.408,0.0,0.0,,3.6,8.7,.408,2.3,2.7,.867,3.2,9.4,12.7,3.4,0.9,0.5,2.1,3.7,9.4
PF,32,CHH,24,0,127,4.0,11.3,.350,0.0,0.6,.000,4.0,10.8,.368,3.4,4.5,.750,4.0,9.4,13.3,1.4,0.3,0.6,2.3,4.5,11.3
PF,23,WSB,81,81,2795,6.2,14.6,.426,0.5,1.7,.281,5.7,12.9,.446,2.3,3.6,.644,2.8,7.2,10.1,3.9,1.7,0.5,3.0,2.5,15.3
C,23,CLE,32,5,215,3.2,9.2,.345,0.0,0.0,,3.2,9.2,.345,2.2,4.2,.520,4.4,6.4,10.7,2.8,1.5,1.7,1.7,8.0,8.5
PF,25,TOT,54,5,713,5.3,11.2,.475,0.0,0.1,.000,5.3,11.1,.477,1.9,3.1,.613,1.9,4.5,6.4,1.2,0.9,0.6,1.7,3.9,12.5
PF,25,CHH,19,5,142,4.8,11.4,.422,0.0,0.0,,4.8,11.4,.422,1.3,2.0,.625,1.3,6.6,7.9,2.0,0.0,1.0,0.8,5.1,10.9
PF,25,DEN,35,0,571,5.4,11.1,.489,0.0,0.1,.000,5.4,11.0,.491,2.1,3.4,.611,2.1,4.0,6.1,1.0,1.1,0.5,2.0,3.6,12.9
PG,26,GSW,66,66,2609,7.2,16.1,.447,1.4,4.3,.330,5.8,11.9,.489,3.8,5.1,.744,0.8,2.8,3.6,9.6,1.6,0.2,3.0,2.1,19.6
SG,31,DAL,62,60,2108,6.7,16.0,.419,1.7,4.4,.393,5.0,11.6,.428,4.1,5.4,.756,0.7,1.4,2.1,5.7,1.4,0.3,2.3,2.5,19.2
SG,29,LAC,80,77,2970,6.6,14.6,.451,0.6,2.3,.280,5.9,12.3,.482,3.7,4.8,.769,1.4,3.7,5.2,4.4,2.1,0.9,2.7,2.6,17.5
C,32,DEN,76,0,670,3.1,6.0,.509,0.1,0.4,.250,3.0,5.6,.529,2.1,3.0,.727,2.4,5.0,7.4,1.8,0.6,0.4,1.6,6.2,8.4
SG,26,PHI,81,81,2977,6.7,14.2,.470,1.5,3.7,.397,5.2,10.5,.496,5.1,5.9,.860,1.1,3.1,4.2,3.8,1.7,0.4,2.2,2.3,19.9
PG,24,ATL,53,2,719,3.6,9.1,.390,1.9,4.0,.463,1.7,5.1,.333,1.7,2.0,.850,0.6,2.2,2.8,7.8,1.5,0.1,2.6,4.3,10.7
PF,26,HOU,81,12,1800,4.8,8.9,.541,0.0,0.0,.000,4.8,8.8,.543,2.5,3.5,.710,3.0,6.1,9.1,1.2,0.9,0.7,1.8,3.8,12.1
SF,33,SAC,69,4,1425,5.0,12.2,.412,1.1,3.4,.323,3.9,8.8,.446,3.3,3.8,.861,1.7,3.2,4.9,3.0,1.3,0.7,1.6,3.6,14.4
SF,24,GSW,29,4,591,5.8,13.1,.447,0.8,2.3,.351,5.1,10.8,.466,2.1,2.9,.745,1.4,2.7,4.1,4.0,0.8,0.3,3.9,3.3,14.6
C,24,GSW,74,66,2070,4.4,8.6,.508,0.0,0.1,.000,4.4,8.5,.512,2.4,3.8,.624,4.4,8.7,13.1,1.2,0.7,0.7,1.6,5.6,11.1
C,23,DAL,79,8,1267,4.6,11.4,.403,0.0,0.0,,4.6,11.4,.403,2.0,3.0,.683,2.6,5.7,8.4,2.1,0.9,1.1,2.6,5.8,11.2
C,28,NJN,2,0,10,3.6,3.6,1.000,0.0,0.0,,3.6,3.6,1.000,0.0,7.2,.000,3.6,10.8,14.4,0.0,0.0,0.0,0.0,7.2,7.2
PG,29,PHI,79,78,2860,7.3,15.6,.470,1.2,3.1,.390,6.1,12.5,.490,3.1,3.6,.865,1.1,3.2,4.3,6.9,1.6,0.3,2.8,2.6,19.0
SF,22,HOU,79,79,2330,5.0,10.5,.474,0.2,0.7,.255,4.8,9.8,.490,2.2,3.1,.715,1.7,4.3,6.1,3.0,1.2,1.3,2.4,3.2,12.4
PF,23,GSW,79,8,1274,4.1,9.2,.446,0.1,0.2,.286,4.0,9.0,.450,3.6,5.5,.665,3.4,5.5,8.9,1.9,1.2,1.2,2.5,7.1,11.9
SF,25,DAL,68,22,1295,5.1,11.5,.442,0.0,0.2,.143,5.1,11.3,.447,2.0,2.6,.766,1.8,4.1,5.9,1.9,1.5,0.9,1.9,6.0,12.2
SF,22,UTA,49,0,260,4.8,12.9,.376,0.0,0.0,,4.8,12.9,.376,4.7,7.3,.642,3.6,4.7,8.3,1.4,2.1,1.7,3.2,8.0,14.4
SG,30,UTA,78,20,2034,5.1,11.7,.436,0.3,1.3,.200,4.8,10.3,.466,1.8,2.3,.777,0.7,1.8,2.5,5.6,1.8,0.2,2.3,4.2,12.2
SG,26,WSB,4,2,45,7.2,14.4,.500,0.8,0.8,1.000,6.4,13.6,.471,2.4,4.8,.500,1.6,1.6,3.2,1.6,0.8,0.0,3.2,4.0,17.6
PG,25,DAL,70,23,1769,4.5,9.7,.462,1.1,2.9,.375,3.4,6.8,.500,2.3,3.0,.765,0.6,2.2,2.8,6.7,1.0,0.1,2.6,2.1,12.4
SG,25,LAC,34,0,350,5.5,13.2,.414,0.2,0.5,.400,5.2,12.7,.415,2.4,2.8,.852,2.0,2.1,4.0,3.6,2.0,0.5,1.7,4.6,13.5
SF,22,DAL,28,28,938,7.1,17.9,.395,0.8,2.8,.288,6.3,15.1,.415,2.6,3.5,.739,1.6,3.1,4.7,5.0,1.5,0.4,4.4,3.1,17.5
PG,27,LAC,82,81,3117,5.3,10.9,.486,0.3,0.9,.268,5.0,10.0,.506,2.8,3.5,.803,1.5,3.0,4.5,8.4,1.6,0.1,2.5,1.8,13.6
PF,27,TOT,10,0,88,8.6,20.9,.412,1.2,5.3,.231,7.4,15.5,.474,9.0,10.6,.846,2.9,1.6,4.5,0.4,1.2,0.0,2.9,3.7,27.4
PF,27,SAC,8,0,79,9.1,20.5,.444,1.4,4.6,.300,7.7,15.9,.486,7.7,9.1,.850,2.7,1.8,4.6,0.5,1.4,0.0,3.2,4.1,27.3
PF,27,UTA,2,0,9,4.0,24.0,.167,0.0,12.0,.000,4.0,12.0,.333,20.0,24.0,.833,4.0,0.0,4.0,0.0,0.0,0.0,0.0,0.0,28.0
PG,24,GSW,8,0,136,6.6,11.1,.595,1.3,2.4,.556,5.3,8.7,.606,3.7,4.8,.778,0.5,2.4,2.9,6.1,1.1,0.0,1.9,4.8,18.3
PG,27,SAS,75,49,2030,4.5,9.0,.502,0.0,0.1,.000,4.5,8.9,.510,2.6,3.2,.791,0.4,2.2,2.6,9.9,1.5,0.3,2.6,2.5,11.6
SF,29,WSB,73,19,1287,5.4,11.3,.479,0.0,0.1,.000,5.4,11.2,.483,2.6,3.5,.730,2.2,3.3,5.5,2.5,1.0,0.5,2.0,5.2,13.4
SG,22,POR,42,0,356,5.8,15.1,.383,0.3,1.4,.214,5.5,13.7,.400,4.0,6.0,.678,1.8,3.0,4.9,1.3,0.8,0.1,2.8,2.3,15.9
SF,33,SEA,82,0,1869,8.9,19.1,.467,0.3,1.1,.304,8.6,18.0,.477,4.5,5.0,.911,2.4,2.9,5.2,2.6,0.7,0.1,2.6,3.3,22.7
PG,34,PHO,77,0,1122,4.4,10.0,.436,0.0,0.4,.083,4.3,9.6,.450,1.9,2.4,.776,1.3,2.3,3.6,6.0,1.9,0.3,2.6,3.6,10.7
PG,26,PHO,49,47,1643,6.2,12.4,.499,0.0,0.2,.125,6.2,12.2,.504,5.0,6.0,.819,0.7,1.6,2.3,8.4,1.9,0.4,3.3,2.2,17.3
PF,23,CHH,82,82,3323,7.9,15.0,.526,0.2,0.8,.254,7.7,14.2,.540,3.6,4.7,.767,3.0,6.3,9.4,3.8,0.6,0.3,2.5,2.0,19.6
C,35,WSB,67,21,1206,1.0,1.9,.524,0.0,0.0,.000,1.0,1.9,.532,0.7,1.1,.579,2.6,5.7,8.3,1.3,1.1,2.3,1.1,4.3,2.6
SG,29,CHI,78,78,3067,11.6,23.5,.495,1.0,2.7,.352,10.7,20.8,.514,5.6,6.7,.837,1.6,4.5,6.1,5.0,2.6,0.7,2.4,2.2,29.8
PF,24,PHI,4,0,106,6.1,13.9,.439,0.0,0.0,,6.1,13.9,.439,2.7,5.8,.471,1.7,4.8,6.5,1.0,1.0,1.7,4.1,4.8,14.9
PF,22,ATL,82,6,1549,4.4,8.7,.500,0.0,0.0,.000,4.4,8.7,.501,3.9,5.5,.700,4.0,6.1,10.0,1.9,1.3,0.4,2.3,4.5,12.6
PF,23,SEA,78,68,2582,7.2,14.6,.492,0.0,0.1,.000,7.2,14.5,.494,5.0,7.0,.712,4.0,7.6,11.6,2.2,1.7,2.0,3.0,4.6,19.4
PF,29,PHO,30,0,167,4.1,10.3,.396,0.0,0.0,,4.1,10.3,.396,3.9,6.7,.581,2.6,5.8,8.4,4.1,0.9,0.9,3.4,6.5,12.1
SG-PG,27,TOT,52,0,481,4.0,9.1,.434,0.4,1.9,.231,3.5,7.2,.490,1.6,1.8,.917,0.4,3.0,3.4,5.2,0.7,0.1,2.0,2.7,10.0
PG,27,CLE,5,0,41,4.4,8.8,.500,0.0,1.8,.000,4.4,7.0,.625,1.8,1.8,1.000,0.0,6.1,6.1,9.7,1.8,0.0,1.8,1.8,10.5
SG,27,ORL,47,0,440,3.9,9.2,.429,0.5,2.0,.250,3.4,7.2,.477,1.6,1.8,.909,0.4,2.7,3.1,4.8,0.7,0.1,2.0,2.8,10.0
SF,30,POR,65,50,1719,5.9,13.4,.438,0.2,0.6,.286,5.7,12.9,.445,2.4,3.8,.634,2.6,5.9,8.5,2.5,1.7,0.9,1.8,3.8,14.4
PF,26,MIA,40,2,415,4.9,10.6,.467,0.4,1.0,.455,4.5,9.6,.468,3.1,4.1,.766,2.2,5.7,7.9,1.2,0.3,1.0,1.8,5.5,13.4
SG,26,NYK,9,0,55,9.2,21.6,.424,1.3,5.2,.250,7.9,16.4,.480,2.0,5.2,.375,2.0,5.2,7.2,3.3,0.7,0.0,3.9,6.5,21.6
PG,26,SAC,3,0,15,4.8,14.4,.333,2.4,4.8,.500,2.4,9.6,.250,0.0,0.0,,0.0,0.0,0.0,2.4,2.4,0.0,0.0,2.4,12.0
SF,36,NJN,32,2,430,7.6,14.8,.514,0.2,0.6,.286,7.5,14.2,.524,3.3,4.8,.684,2.9,3.4,6.4,1.5,0.9,0.3,1.8,4.4,18.7
C,23,SEA,3,0,12,6.0,15.0,.400,0.0,0.0,,6.0,15.0,.400,6.0,6.0,1.000,3.0,12.0,15.0,3.0,0.0,0.0,9.0,3.0,18.0
C,26,CHI,76,3,1059,5.4,11.6,.471,0.1,0.2,.333,5.4,11.4,.473,2.9,4.1,.705,3.6,3.5,7.0,2.4,0.9,0.7,2.4,4.4,13.9
C,31,ORL,64,1,640,2.1,4.7,.452,0.0,0.1,.000,2.1,4.7,.458,0.7,1.4,.542,3.7,7.1,10.9,0.6,0.7,0.7,2.0,7.5,5.0
C,31,BOS,78,3,1129,3.4,8.5,.404,0.0,0.2,.000,3.4,8.3,.414,1.3,1.8,.707,3.6,7.4,11.0,1.2,0.5,0.5,1.2,3.9,8.2
PG,25,PHO,52,35,888,5.0,12.9,.391,0.0,0.3,.000,5.0,12.6,.400,2.7,3.5,.779,1.1,1.5,2.6,5.9,0.9,0.2,3.0,2.7,12.8
SG,28,BOS,7,0,41,2.6,11.4,.231,0.0,0.9,.000,2.6,10.5,.250,9.7,12.3,.786,0.0,0.9,0.9,8.8,1.8,0.9,2.6,0.9,14.9
C,29,ATL,78,65,1975,2.3,4.9,.464,0.1,0.1,.375,2.2,4.7,.467,0.4,0.9,.480,1.8,6.0,7.8,2.6,1.4,1.8,0.9,4.8,5.0
PF,28,UTA,71,0,1362,5.2,11.2,.466,0.0,0.0,.000,5.2,11.2,.467,3.1,3.9,.796,2.0,5.4,7.4,1.8,1.1,0.3,1.6,4.8,13.6
PF,23,MIN,81,81,2823,6.4,13.5,.474,0.1,0.5,.100,6.4,13.0,.489,5.9,7.1,.835,2.2,6.8,9.0,2.8,1.3,1.1,3.5,3.7,18.8
C,35,DET,79,41,1933,5.4,10.7,.509,0.2,0.5,.370,5.3,10.2,.516,1.7,1.9,.894,2.0,5.8,7.8,2.4,0.9,0.7,1.1,3.9,12.8
PF,26,CLE,21,2,149,6.5,13.0,.500,0.0,0.0,,6.5,13.0,.500,1.2,4.8,.250,5.8,7.0,12.8,4.1,2.9,0.7,1.7,7.7,14.3
C,26,PHI,73,59,1861,2.9,6.8,.425,0.0,0.1,.200,2.9,6.7,.428,1.7,2.2,.763,2.6,5.8,8.4,1.5,0.9,2.7,1.7,5.0,7.5
SG,28,NJN,5,0,33,2.2,7.6,.286,1.1,3.3,.333,1.1,4.4,.250,0.0,0.0,,0.0,2.2,2.2,5.5,0.0,1.1,3.3,7.6,5.5
SG,26,TOT,33,0,635,6.0,13.7,.436,1.2,3.7,.338,4.7,10.0,.472,3.2,4.0,.803,1.4,1.9,3.3,2.6,1.4,0.3,1.6,3.6,16.4
SG,26,UTA,3,0,5,7.2,21.6,.333,0.0,0.0,,7.2,21.6,.333,0.0,0.0,,0.0,7.2,7.2,0.0,0.0,0.0,0.0,0.0,14.4
SG,26,DAL,30,0,630,5.9,13.6,.437,1.3,3.7,.338,4.7,9.9,.474,3.3,4.1,.803,1.4,1.9,3.3,2.6,1.4,0.3,1.6,3.6,16.4
PG,29,SAC,73,0,881,4.5,10.6,.425,2.7,6.3,.429,1.8,4.3,.419,1.7,2.0,.840,0.8,2.8,3.6,6.9,1.6,0.3,2.0,3.3,13.4
SG,27,BOS,80,80,3144,7.6,16.1,.470,0.2,0.7,.233,7.4,15.5,.481,3.7,4.3,.867,1.0,3.0,4.0,3.4,1.4,0.9,1.5,2.8,19.1
SF,24,DEN,78,32,1585,5.7,14.1,.406,0.5,1.3,.373,5.2,12.7,.410,2.3,3.5,.654,3.0,4.6,7.6,2.4,1.5,0.5,1.8,3.2,14.3
SG,26,DEN,48,12,752,5.9,13.2,.449,0.1,0.3,.333,5.8,12.9,.452,3.9,4.9,.794,1.7,3.2,4.9,2.5,1.3,0.5,2.3,2.9,15.8
C,34,GSW,20,9,174,3.9,8.7,.452,0.0,0.0,,3.9,8.7,.452,1.4,2.7,.538,3.1,6.0,9.1,1.0,0.0,1.9,3.7,8.3,9.3
PF,28,MIL,80,24,1766,5.8,12.5,.461,1.7,4.7,.370,4.0,7.8,.516,1.5,2.1,.723,1.2,4.4,5.6,2.6,1.0,1.5,1.9,3.6,14.8
PF,26,MIA,76,62,2728,5.2,11.2,.469,0.1,0.3,.231,5.2,10.8,.476,3.4,4.5,.765,2.6,4.9,7.5,2.4,1.4,0.4,1.8,3.5,14.0
C,24,MIN,55,25,1045,4.6,10.1,.455,0.0,0.0,,4.6,10.1,.455,1.8,2.5,.716,2.4,5.8,8.3,1.8,1.6,2.7,3.0,5.8,11.0
SG,24,CHH,40,8,324,3.3,6.6,.508,0.0,0.1,.000,3.3,6.4,.517,2.9,4.2,.684,1.3,2.6,3.9,2.8,1.2,0.7,2.7,4.9,9.6
SF,22,SAS,40,0,267,6.3,15.9,.398,0.4,3.0,.136,5.9,12.9,.458,6.1,7.8,.776,2.4,4.0,6.5,2.0,1.9,0.7,3.0,5.9,19.1
PF,23,WSB,62,4,674,8.4,19.3,.435,0.2,0.3,.500,8.2,19.0,.434,4.8,5.9,.811,1.8,4.8,6.5,2.1,0.6,0.2,2.2,4.4,21.7
PG,23,DEN,48,27,1141,5.0,12.0,.415,0.0,0.2,.000,5.0,11.8,.421,1.3,1.9,.700,1.0,2.2,3.2,4.0,2.2,0.1,2.3,4.3,11.3
PF,34,NJN,74,9,1077,3.4,7.2,.472,0.0,0.1,.333,3.3,7.1,.474,2.9,3.7,.800,3.1,6.2,9.3,1.1,0.6,1.0,1.9,5.2,9.7
SG,27,PHO,82,82,3199,5.7,12.3,.464,1.9,4.9,.381,3.8,7.4,.520,2.3,2.9,.778,1.4,3.0,4.3,3.5,1.6,0.4,1.5,2.0,15.6
SG,31,UTA,79,59,2558,8.4,17.0,.494,0.0,0.1,.333,8.3,16.8,.495,3.3,3.9,.852,0.4,2.0,2.4,1.8,0.6,0.1,1.8,1.6,20.1
PF,29,UTA,82,82,3099,9.3,16.8,.552,0.0,0.2,.200,9.2,16.5,.557,7.2,9.7,.740,2.6,8.0,10.7,3.6,1.4,1.0,2.8,3.0,25.8
C,37,MIL,11,0,104,4.5,14.5,.310,0.0,0.0,,4.5,14.5,.310,8.3,10.7,.774,7.6,8.3,15.9,2.4,0.3,2.8,3.5,2.1,17.3
PF,26,LAC,79,77,2761,9.2,18.0,.509,0.1,0.4,.267,9.0,17.6,.514,5.1,6.3,.802,2.6,4.2,6.8,2.7,1.4,1.3,3.0,4.2,23.5
SF,28,GSW,30,8,836,7.7,14.1,.543,0.1,0.6,.200,7.5,13.5,.559,7.0,9.2,.761,1.7,2.5,4.2,4.5,2.2,0.1,3.3,4.0,22.4
PF,26,NYK,81,0,2482,4.6,9.1,.502,0.0,0.0,,4.6,9.1,.502,2.9,4.2,.682,3.4,5.9,9.3,2.5,0.6,0.3,2.0,3.5,12.1
PF,23,MIN,43,3,520,6.4,11.7,.550,0.0,0.1,.000,6.4,11.6,.554,3.1,4.8,.643,4.6,6.8,11.4,0.8,0.8,1.2,2.6,5.2,16.0
SG,27,HOU,71,68,2251,5.6,13.7,.407,1.9,5.8,.332,3.7,7.9,.461,2.6,3.6,.719,0.5,3.1,3.5,4.7,1.4,0.1,2.2,2.0,15.7
PG,22,MIL,82,4,1503,4.1,9.0,.456,1.0,2.6,.391,3.1,6.3,.483,0.9,1.6,.574,0.6,2.2,2.8,6.5,1.4,0.2,2.0,3.5,10.2
PG,24,ATL,49,9,787,5.9,14.1,.417,1.3,3.8,.345,4.6,10.3,.444,2.5,3.8,.659,0.9,1.5,2.4,3.3,1.0,0.1,2.3,2.7,15.6
SF,28,MIN,79,7,1536,4.7,9.6,.488,0.0,0.0,.000,4.7,9.6,.490,2.2,3.6,.625,2.2,4.5,6.6,1.6,1.2,1.4,1.9,4.7,11.6
SF,25,IND,78,21,1500,5.2,12.6,.411,1.4,4.3,.320,3.8,8.3,.459,1.8,2.4,.735,1.4,3.5,4.9,4.6,1.3,0.3,2.6,4.0,13.6
SF,31,CHI,64,5,1019,3.3,7.2,.451,0.1,0.2,.400,3.2,7.0,.452,1.3,1.8,.692,1.9,3.7,5.6,2.9,0.4,0.5,1.9,3.5,7.8
PF,29,BOS,82,27,2215,7.4,15.0,.495,0.1,0.4,.273,7.3,14.7,.500,3.1,3.9,.793,2.7,5.2,7.9,2.6,1.2,0.8,2.8,4.0,18.1
PF,35,BOS,71,0,1656,6.5,14.1,.459,0.0,0.4,.111,6.4,13.7,.469,3.6,4.2,.841,2.1,5.7,7.8,1.6,0.3,1.3,2.0,2.7,16.6
SF,26,SEA,77,68,2439,5.7,11.5,.496,0.6,1.7,.357,5.1,9.9,.519,3.2,4.4,.741,1.8,3.0,4.8,2.9,1.5,0.9,2.2,3.1,15.3
PG,28,SEA,73,25,1977,3.9,8.4,.464,0.5,1.2,.385,3.4,7.2,.477,1.7,2.4,.709,1.5,4.0,5.6,7.0,3.2,0.6,2.5,4.4,9.9
C,22,PHO,56,1,1069,4.1,8.6,.475,0.0,0.1,.000,4.1,8.5,.480,2.4,3.4,.710,2.4,6.9,9.3,4.0,1.3,3.4,3.6,4.9,10.5
SG,27,IND,82,82,2954,7.0,14.5,.479,2.0,5.1,.399,4.9,9.4,.522,5.2,5.9,.880,0.8,2.3,3.1,3.2,1.5,0.3,1.8,2.2,21.2
PF,25,DET,81,46,2183,8.1,17.7,.461,0.2,0.6,.278,8.0,17.1,.467,3.3,4.2,.791,2.9,4.9,7.8,1.8,0.7,0.8,2.3,4.7,19.8
SG,21,MIA,73,0,1383,7.6,16.0,.475,0.1,0.2,.333,7.5,15.8,.477,4.2,5.6,.762,1.9,1.9,3.8,1.9,0.9,0.2,2.4,3.4,19.5
SF,29,IND,81,1,1402,5.5,12.4,.445,0.1,0.6,.174,5.4,11.8,.459,3.9,4.8,.811,2.4,4.0,6.4,2.0,0.6,0.3,1.3,5.3,15.0
SG,27,DAL,39,1,510,7.3,17.6,.414,1.6,4.7,.343,5.6,12.8,.440,3.7,4.3,.869,1.6,2.0,3.7,3.3,1.5,0.3,2.3,3.8,19.9
SF,27,NJN,77,57,2302,6.8,14.2,.481,0.3,1.2,.224,6.6,13.0,.504,3.1,3.9,.794,3.5,3.5,7.1,1.7,2.3,0.8,1.9,2.7,17.0
SF,23,DET,25,0,102,9.2,20.1,.456,0.0,0.0,,9.2,20.1,.456,1.1,1.4,.750,2.1,2.1,4.2,1.4,1.1,0.4,2.8,4.9,19.4
C,22,CHH,78,78,2644,7.8,15.2,.511,0.0,0.0,.000,7.8,15.2,.513,6.7,8.6,.781,3.6,7.4,11.0,1.0,0.4,3.7,3.2,3.9,22.3
SF,29,GSW,46,46,1902,9.0,17.6,.510,1.1,2.5,.451,7.8,15.1,.519,3.5,4.3,.810,0.8,3.6,4.4,3.1,1.3,0.8,2.6,1.4,22.5
PG,24,MIL,79,78,2437,6.5,13.8,.468,0.5,1.8,.261,6.0,12.1,.498,3.4,4.4,.780,1.4,2.8,4.2,8.9,2.6,0.1,3.1,2.6,16.8
SF,21,POR,48,14,495,7.9,18.9,.415,1.5,5.1,.300,6.3,13.8,.458,2.5,2.9,.875,2.9,3.1,6.0,0.8,0.6,0.4,2.3,4.3,19.8
PF,23,PHO,32,9,336,6.1,13.9,.438,0.0,0.1,.000,6.1,13.8,.442,3.5,5.7,.623,3.1,5.8,8.9,1.1,1.5,1.2,2.4,4.3,15.8
C,26,DEN,82,82,3029,4.7,9.3,.510,0.0,0.0,,4.7,9.3,.510,4.0,5.8,.681,4.1,8.6,12.7,1.7,0.5,3.4,2.6,3.4,13.4
PF,33,CLE,77,77,2753,7.0,12.7,.549,0.0,0.1,.000,7.0,12.6,.551,2.6,3.2,.818,2.4,6.3,8.7,2.9,0.7,2.6,1.4,2.9,16.6
PF,32,TOT,41,4,308,3.0,8.1,.377,0.9,3.2,.296,2.1,4.9,.429,1.1,1.4,.750,1.4,6.1,7.5,1.8,1.4,0.2,0.8,4.8,8.1
PF,32,GSW,30,4,229,2.5,7.2,.348,1.1,3.5,.318,1.4,3.8,.375,1.1,1.6,.700,1.3,6.3,7.5,2.0,1.4,0.2,0.8,5.5,7.2
PF,32,CHI,11,0,79,4.6,10.5,.435,0.5,2.3,.200,4.1,8.2,.500,0.9,0.9,1.000,1.8,5.5,7.3,0.9,1.4,0.5,0.9,2.7,10.5
SG,25,DET,33,1,311,4.9,13.1,.372,0.1,0.9,.125,4.7,12.2,.390,3.9,6.9,.567,2.2,2.1,4.3,6.6,2.7,0.1,3.7,4.9,13.8
SF,29,CHH,64,27,1471,6.8,13.1,.522,0.3,1.1,.267,6.5,12.0,.546,4.7,5.9,.808,1.8,1.7,3.5,2.9,1.1,0.5,2.2,3.8,18.7
SF,28,LAC,76,71,2477,7.2,14.2,.511,0.1,0.6,.263,7.1,13.6,.521,1.9,3.2,.595,3.0,5.3,8.3,2.4,0.9,0.8,1.8,2.3,16.5
C,20,ORL,81,81,3071,8.6,15.3,.562,0.0,0.0,.000,8.6,15.3,.563,5.0,8.5,.592,4.0,9.1,13.2,1.8,0.7,3.4,3.6,3.8,22.2
C,24,TOT,6,0,17,6.4,10.6,.600,0.0,0.0,,6.4,10.6,.600,6.4,8.5,.750,4.2,8.5,12.7,2.1,2.1,0.0,0.0,8.5,19.1
C,24,NJN,3,0,10,7.2,10.8,.667,0.0,0.0,,7.2,10.8,.667,0.0,0.0,,7.2,7.2,14.4,0.0,0.0,0.0,0.0,3.6,14.4
C,24,MIL,3,0,7,5.1,10.3,.500,0.0,0.0,,5.1,10.3,.500,15.4,20.6,.750,0.0,10.3,10.3,5.1,5.1,0.0,0.0,15.4,25.7
PF,29,NYK,82,82,2230,3.5,7.0,.508,0.0,0.0,.000,3.5,6.9,.509,2.1,2.8,.722,4.6,6.8,11.4,2.0,1.4,0.2,2.0,4.7,9.1
C,25,TOT,6,0,29,6.2,16.1,.385,0.0,0.0,,6.2,16.1,.385,3.7,5.0,.750,3.7,8.7,12.4,5.0,1.2,3.7,3.7,7.4,16.1
C,25,MIL,3,0,26,4.2,12.5,.333,0.0,0.0,,4.2,12.5,.333,2.8,2.8,1.000,1.4,6.9,8.3,5.5,1.4,4.2,4.2,8.3,11.1
C,25,WSB,3,0,3,24.0,48.0,.500,0.0,0.0,,24.0,48.0,.500,12.0,24.0,.500,24.0,24.0,48.0,0.0,0.0,0.0,0.0,0.0,60.0
C,30,HOU,82,82,3242,9.4,17.8,.529,0.0,0.1,.000,9.4,17.7,.532,4.9,6.3,.779,3.1,8.7,11.9,3.2,1.7,3.8,2.9,3.4,23.8
PG,23,SAS,4,0,39,2.8,4.6,.600,1.8,3.7,.500,0.9,0.9,1.000,0.0,1.8,.000,0.9,0.9,1.8,6.5,0.9,0.0,3.7,6.5,7.4
PG,23,WSB,45,13,990,5.5,11.7,.471,0.1,0.5,.231,5.4,11.3,.481,2.1,2.9,.728,0.9,2.9,3.9,5.7,1.1,0.2,2.6,2.9,13.3
PF,23,GSW,37,37,1201,7.4,14.8,.501,0.0,0.3,.091,7.4,14.4,.510,3.5,5.5,.639,3.2,4.7,7.9,4.3,1.0,0.8,3.2,3.1,18.3
PG,23,DEN,77,1,1579,6.5,13.8,.470,0.0,0.2,.125,6.5,13.6,.475,5.4,7.1,.768,1.2,2.5,3.6,7.6,1.8,0.2,4.2,4.1,18.5
SF,27,SEA,41,3,307,8.3,18.6,.447,0.2,0.9,.250,8.1,17.7,.457,1.6,2.5,.667,2.0,3.9,5.9,3.9,1.6,0.7,1.9,2.8,18.5
C,24,DAL,20,0,124,7.8,16.5,.474,0.0,0.0,,7.8,16.5,.474,1.7,2.6,.667,3.5,9.3,12.8,1.5,0.3,1.5,2.9,8.4,17.4
C,39,BOS,79,79,2146,7.0,13.0,.535,0.0,0.0,,7.0,13.0,.535,2.7,3.9,.689,4.1,8.3,12.4,1.0,1.0,1.8,2.0,3.4,16.7
PG,32,CHI,59,8,1030,3.7,8.1,.451,0.7,1.4,.463,3.0,6.7,.448,0.6,0.7,.850,0.3,1.4,1.7,4.8,1.3,0.1,1.1,3.5,8.6
SF,26,PHI,13,0,154,8.9,21.0,.422,0.9,4.2,.222,7.9,16.8,.472,0.9,0.9,1.000,0.9,4.7,5.6,4.2,1.2,0.5,1.6,3.5,19.6
PG,24,SEA,82,78,2548,6.7,13.6,.494,0.1,0.5,.206,6.6,13.1,.505,2.1,2.8,.770,1.3,2.6,4.0,5.6,2.5,0.3,2.1,3.5,15.7
SG,23,LAL,77,11,1656,6.5,13.8,.468,1.0,2.6,.390,5.5,11.2,.486,3.5,4.5,.786,1.4,2.5,3.9,3.6,1.3,0.3,2.7,4.2,17.4
C,27,CHI,72,16,998,4.9,8.9,.557,0.0,0.0,.000,4.9,8.8,.559,2.4,4.0,.604,3.7,6.6,10.4,2.7,0.8,1.7,2.7,5.0,12.3
PF,31,TOT,79,62,2351,5.8,12.2,.477,0.4,1.1,.338,5.5,11.1,.490,3.8,4.7,.820,2.5,5.5,8.0,2.4,0.9,1.3,1.7,3.4,15.9
PF,31,LAL,49,49,1589,5.5,11.9,.459,0.1,0.7,.172,5.4,11.3,.476,4.2,5.0,.829,2.5,6.1,8.6,2.9,0.9,1.2,1.7,3.1,15.2
PF,31,SEA,30,13,762,6.6,12.9,.511,0.9,2.0,.452,5.7,10.9,.522,3.1,3.9,.795,2.5,4.4,6.9,1.3,0.9,1.5,1.5,4.1,17.1
PF,27,PHI,81,51,2104,4.9,10.5,.468,0.2,0.8,.204,4.7,9.7,.491,2.5,3.5,.710,2.6,4.4,7.0,2.2,0.7,1.6,2.1,2.7,12.5
SF,28,MIN,78,75,2985,6.5,15.1,.433,1.4,4.0,.355,5.1,11.0,.462,1.3,2.0,.649,1.2,4.0,5.2,4.1,0.8,0.4,2.6,2.4,15.8
SG,28,NJN,70,67,2660,7.9,15.3,.518,1.0,2.3,.449,6.9,13.1,.529,4.3,4.9,.870,0.6,2.0,2.6,3.3,1.3,0.2,2.8,3.2,21.2
SG,23,CLE,31,0,139,9.8,21.2,.463,0.5,1.3,.400,9.3,19.9,.468,3.9,6.5,.600,1.6,2.8,4.4,2.6,2.6,0.5,4.7,4.9,24.1
SG,33,SEA,77,72,2218,8.5,17.4,.489,0.7,1.8,.372,7.8,15.5,.503,5.1,5.7,.889,0.9,2.2,3.1,3.6,1.6,0.1,2.6,2.7,22.8
PF,29,BOS,7,5,151,2.4,5.7,.417,0.0,0.0,,2.4,5.7,.417,2.9,3.1,.923,3.3,6.9,10.3,0.2,1.0,1.7,1.9,3.1,7.6
SF,27,CHI,81,81,3123,7.2,15.3,.473,0.3,1.1,.237,7.0,14.2,.491,2.7,4.0,.663,2.3,4.8,7.2,5.8,2.0,0.8,2.8,2.5,17.4
PF,30,DEN,60,0,737,5.2,11.1,.465,0.0,0.1,.000,5.2,11.0,.471,3.4,4.6,.726,2.6,5.9,8.5,2.0,0.7,0.5,3.8,6.9,13.7
C,28,DET,67,18,1299,5.8,11.9,.490,0.0,0.0,.000,5.8,11.9,.491,1.8,3.9,.465,5.0,6.6,11.6,0.8,0.9,0.6,1.5,3.5,13.5
PG,29,POR,81,81,2883,6.3,13.8,.454,1.8,4.3,.414,4.5,9.5,.472,4.1,4.8,.843,0.7,3.2,3.9,5.2,1.3,0.1,2.5,1.5,18.4
SG,34,GSW,18,0,268,3.9,8.9,.439,0.0,0.5,.000,3.9,8.3,.468,2.8,3.6,.778,1.1,3.1,4.2,4.0,1.5,0.7,3.1,4.8,10.6
PG,24,WSB,68,9,859,4.2,11.7,.358,0.3,2.0,.167,3.9,9.7,.398,2.3,2.8,.794,1.2,3.1,4.3,6.5,2.3,0.1,3.6,3.8,11.0
PG,28,CLE,75,74,2380,7.2,14.9,.484,1.8,4.4,.416,5.4,10.5,.512,4.4,4.6,.948,0.6,2.5,3.0,9.1,1.3,0.2,3.0,1.6,20.6
PF,26,MIL,8,0,37,7.8,17.5,.444,0.0,0.0,,7.8,17.5,.444,1.0,2.9,.333,1.9,5.8,7.8,1.9,1.9,1.9,4.9,4.9,16.5
PF,34,TOT,72,1,822,2.9,5.6,.519,0.0,0.1,.000,2.9,5.6,.528,1.9,2.8,.662,3.4,6.6,9.9,2.3,1.9,0.8,1.8,5.3,7.8
PF,34,PHO,5,0,41,3.5,6.1,.571,0.0,0.0,,3.5,6.1,.571,0.9,1.8,.500,1.8,3.5,5.3,0.9,2.6,0.0,5.3,2.6,7.9
PF,34,SAC,67,1,781,2.9,5.6,.516,0.0,0.1,.000,2.9,5.5,.525,1.9,2.9,.667,3.5,6.7,10.2,2.4,1.8,0.8,1.7,5.5,7.7
PF,25,TOT,37,0,248,5.8,11.6,.500,0.1,1.2,.125,5.7,10.5,.542,2.3,3.8,.615,3.9,4.1,8.0,1.6,0.6,0.3,2.5,4.8,14.1
PF,25,MIN,2,0,8,0.0,4.5,.000,0.0,4.5,.000,0.0,0.0,,0.0,0.0,,0.0,0.0,0.0,4.5,0.0,0.0,4.5,4.5,0.0
PF,25,DET,35,0,240,6.0,11.8,.506,0.1,1.0,.143,5.9,10.8,.542,2.4,3.9,.615,4.1,4.2,8.2,1.5,0.6,0.3,2.4,4.8,14.5
C,30,ATL,22,6,283,3.8,10.2,.375,0.3,0.8,.333,3.6,9.4,.378,1.1,1.7,.692,2.5,4.5,7.0,0.6,0.6,1.3,1.5,7.8,9.0
PF,24,TOT,83,25,1887,5.4,11.4,.476,0.0,0.1,.000,5.4,11.3,.480,4.1,5.3,.764,2.3,6.4,8.7,1.5,0.9,0.6,2.4,5.1,14.9
PF,24,CHH,17,1,295,5.1,12.0,.429,0.0,0.1,.000,5.1,11.8,.433,5.2,7.1,.741,2.4,6.1,8.5,2.9,1.3,0.6,2.9,6.0,15.5
PF,24,SAS,66,24,1592,5.4,11.2,.485,0.0,0.1,.000,5.4,11.1,.489,3.9,5.0,.770,2.3,6.5,8.7,1.3,0.8,0.6,2.3,4.9,14.8
SF,25,MIA,82,82,3082,6.8,15.5,.440,1.7,4.5,.383,5.1,11.0,.463,2.8,3.4,.820,1.1,3.9,5.0,2.1,1.1,0.3,1.8,2.3,18.2
PG,26,IND,74,73,2396,5.1,10.6,.479,0.0,0.4,.103,5.0,10.1,.496,1.4,1.9,.742,0.9,3.1,4.0,8.6,1.4,0.2,2.5,2.0,11.6
SG,27,SAC,45,45,1728,7.7,16.3,.474,1.0,2.7,.369,6.7,13.6,.495,4.1,4.9,.845,0.4,2.8,3.2,4.6,1.1,0.2,2.7,2.9,20.6
PG,31,NYK,77,45,1886,4.1,9.4,.437,0.7,2.3,.317,3.4,7.1,.477,2.5,3.1,.821,0.5,3.2,3.7,7.7,2.3,0.2,2.2,4.1,11.5
C,32,MIL,79,5,1488,5.5,10.4,.528,0.3,0.7,.414,5.2,9.7,.536,3.3,4.1,.799,2.2,3.5,5.7,2.9,1.4,0.7,1.6,3.3,14.5
C,22,LAC,77,76,1816,7.4,14.1,.527,0.0,0.0,,7.4,14.1,.527,2.4,4.9,.488,3.6,5.9,9.5,1.2,0.7,2.8,2.4,6.6,17.2
SG,30,TOT,69,54,2006,4.4,9.7,.458,0.7,2.2,.328,3.7,7.5,.496,1.5,2.3,.656,1.9,2.9,4.8,4.7,2.8,0.3,2.4,3.9,11.1
SG,30,MIL,39,32,1065,4.7,9.8,.479,0.6,1.9,.309,4.1,7.9,.519,1.5,2.4,.629,1.6,3.0,4.6,5.3,3.0,0.3,2.6,4.1,11.5
SG,30,DET,30,22,941,4.1,9.5,.434,0.9,2.6,.343,3.3,7.0,.467,1.5,2.2,.690,2.3,2.8,5.0,4.1,2.5,0.3,2.1,3.7,10.7
PF,26,POR,82,12,2575,8.8,18.7,.473,0.3,1.1,.247,8.6,17.6,.487,4.0,5.8,.690,2.3,5.3,7.6,2.5,1.4,2.3,2.4,4.0,21.9
C,27,SAS,82,82,3211,7.6,15.1,.501,0.0,0.2,.176,7.5,14.9,.506,6.3,8.6,.732,2.6,8.2,10.7,3.4,1.4,3.0,2.7,2.7,21.5
SG,25,WSB,4,0,33,6.5,17.5,.375,0.0,1.1,.000,6.5,16.4,.400,3.3,5.5,.600,1.1,2.2,3.3,3.3,1.1,1.1,1.1,0.0,16.4
PG,26,NJN,80,28,1585,6.1,14.5,.423,0.5,1.3,.357,5.7,13.2,.430,2.5,4.4,.574,1.1,2.5,3.6,7.3,2.2,0.3,3.2,3.8,15.3
PF,31,DET,62,55,2410,2.7,6.4,.427,0.2,1.1,.205,2.5,5.3,.472,1.3,2.4,.534,5.5,11.4,16.9,1.5,0.7,0.7,1.5,3.0,7.0
C,37,HOU,42,0,247,1.6,6.0,.268,0.0,0.3,.000,1.6,5.7,.282,1.3,1.7,.750,1.7,7.0,8.7,1.5,0.9,2.2,1.3,6.3,4.5
C,23,DAL,72,68,2087,6.3,12.9,.493,0.0,0.0,.000,6.3,12.9,.494,4.0,6.7,.602,3.4,5.9,9.2,1.6,0.7,1.4,2.8,3.5,16.7
SF,26,ORL,77,0,1636,4.3,8.6,.496,0.0,0.1,.000,4.3,8.5,.500,7.0,8.6,.815,2.6,3.9,6.5,1.8,0.8,0.6,2.5,3.9,15.5
PG,30,POR,15,1,95,2.7,13.6,.194,0.4,4.2,.091,2.3,9.5,.240,4.2,5.3,.786,1.5,1.9,3.4,6.4,0.4,0.0,4.2,2.7,9.9
C,34,DET,11,0,55,3.3,7.2,.455,0.0,0.0,,3.3,7.2,.455,1.3,2.6,.500,5.9,5.9,11.8,1.3,1.3,0.0,3.9,10.5,7.9
PF,28,MIA,51,34,1422,3.9,7.8,.502,0.0,0.0,,3.9,7.8,.502,2.9,3.6,.799,2.9,5.1,7.9,2.1,0.8,1.8,2.6,4.9,10.7
PF,27,ATL,9,0,120,3.0,7.5,.400,0.0,0.0,,3.0,7.5,.400,1.2,2.4,.500,3.6,5.1,8.7,1.8,2.4,0.3,3.3,4.8,7.2
SF,32,CLE,53,51,1189,6.0,12.0,.497,0.0,0.1,.250,5.9,11.9,.500,1.8,2.4,.756,1.6,3.6,5.1,2.3,1.2,0.9,1.7,4.5,13.7
C,33,MIL,70,7,1124,3.4,8.4,.399,0.0,0.1,.000,3.4,8.3,.404,3.6,4.4,.818,2.3,5.7,8.0,2.5,1.2,1.2,2.1,4.7,10.3
C,25,SEA,29,5,166,5.4,10.4,.521,0.0,0.0,,5.4,10.4,.521,3.5,5.2,.667,3.3,4.6,7.8,1.1,1.3,0.2,1.1,8.0,14.3
C,24,NJN,5,0,35,2.1,7.2,.286,0.0,0.0,,2.1,7.2,.286,3.1,3.1,1.000,2.1,6.2,8.2,2.1,2.1,2.1,0.0,4.1,7.2
PF,30,IND,82,60,3098,6.0,12.6,.476,0.1,0.6,.154,5.9,12.0,.493,6.1,7.6,.804,2.4,6.6,9.1,5.7,0.9,0.3,2.8,3.5,18.2
SG,31,LAL,58,53,1677,6.4,14.1,.449,0.9,2.9,.326,5.4,11.2,.481,3.3,3.9,.848,0.6,2.3,2.9,3.4,1.2,0.3,1.5,2.1,17.0
SF,24,ORL,54,43,1759,6.7,15.6,.431,2.2,5.5,.403,4.5,10.1,.446,1.9,2.4,.786,0.8,3.0,3.8,2.8,1.2,0.4,2.1,2.7,17.6
SF,22,IND,58,2,672,7.3,17.1,.426,0.4,1.7,.226,6.9,15.4,.448,2.7,4.0,.689,3.2,2.8,6.0,2.5,1.9,0.4,3.1,4.0,17.7
C,27,MIA,72,64,2456,6.1,12.7,.480,0.0,0.1,.125,6.1,12.6,.484,5.8,7.9,.735,3.8,8.6,12.4,1.5,0.6,1.2,3.0,3.8,18.1
PF,30,MIN,54,4,533,3.3,8.8,.377,0.0,0.1,.000,3.3,8.7,.380,2.5,2.6,.949,1.8,3.8,5.6,3.1,0.4,0.7,1.8,2.7,9.1
C,26,PHI,48,0,568,5.1,10.4,.488,0.0,0.1,.000,5.1,10.3,.494,2.0,3.1,.633,4.1,8.9,13.0,1.6,0.8,1.6,2.3,5.8,12.1
PG,26,MIA,68,45,1603,4.4,11.3,.393,1.0,2.9,.331,3.5,8.3,.415,1.4,1.8,.782,1.6,4.2,5.8,5.3,1.1,0.4,2.2,3.7,11.2
SF,24,SAC,69,68,2502,6.7,15.2,.444,0.0,0.2,.091,6.7,15.0,.447,4.3,5.2,.819,2.2,4.9,7.1,4.5,1.4,0.5,2.8,2.8,17.8
PG,28,ORL,78,78,3086,4.9,10.4,.467,0.9,2.7,.340,3.9,7.7,.512,3.4,3.8,.892,0.6,2.8,3.4,8.6,1.0,0.0,3.1,2.8,14.0
SF,27,NYK,81,68,2172,5.9,12.7,.469,0.0,0.0,.000,5.9,12.6,.470,4.8,6.1,.782,2.8,4.3,7.2,2.4,0.8,1.6,2.6,4.2,16.6
SG,22,MIN,80,6,1266,3.6,8.2,.433,0.1,0.4,.143,3.5,7.8,.447,2.7,3.4,.792,0.9,1.8,2.7,5.6,1.4,0.5,1.9,2.7,9.9
PF,23,DAL,61,42,1524,6.8,15.7,.434,0.0,0.1,.000,6.8,15.6,.437,1.3,1.7,.757,2.3,5.5,7.7,2.5,1.1,1.2,2.7,6.6,15.0
PG,27,HOU,82,82,2422,5.8,11.1,.520,1.4,3.3,.438,4.3,7.8,.554,2.9,3.3,.878,0.4,2.0,2.4,6.6,1.2,0.1,2.4,1.6,15.8
SG,23,WSB,69,33,1546,6.1,13.3,.458,0.2,0.5,.348,5.9,12.7,.463,2.5,3.0,.858,0.6,1.9,2.5,4.3,1.4,0.2,2.4,4.1,14.9
PF,35,SAS,66,13,833,1.6,3.8,.437,0.0,0.0,,1.6,3.8,.437,0.4,1.0,.409,4.5,7.1,11.6,1.2,1.0,0.7,1.7,5.7,3.7
C,22,POR,23,0,68,5.3,14.3,.370,0.0,0.5,.000,5.3,13.8,.385,1.6,7.4,.214,7.9,3.2,11.1,0.5,2.1,0.5,2.1,8.5,12.2
SG,23,MIA,48,43,1610,6.2,13.8,.451,1.2,3.0,.402,5.1,10.9,.464,3.5,4.4,.787,1.3,3.2,4.4,6.0,1.1,0.4,2.9,3.3,17.1
SG,24,LAL,55,9,752,6.4,13.2,.484,0.1,0.5,.182,6.3,12.6,.496,3.0,3.9,.756,2.2,2.0,4.2,3.0,2.4,0.3,1.9,3.4,15.8
C,26,IND,81,81,2072,8.6,17.7,.486,0.0,0.0,,8.6,17.7,.486,2.9,4.0,.732,2.2,5.3,7.5,2.1,0.5,1.3,2.6,5.0,20.1
SF,28,TOT,20,1,422,6.2,13.9,.448,0.0,0.2,.000,6.2,13.7,.453,3.5,4.6,.759,3.2,3.7,6.9,2.0,1.5,0.6,2.2,5.5,16.0
SF,28,ATL,3,0,15,0.0,7.2,.000,0.0,0.0,,0.0,7.2,.000,0.0,0.0,,0.0,2.4,2.4,0.0,4.8,0.0,4.8,7.2,0.0
SF,28,GSW,17,1,407,6.5,14.2,.456,0.0,0.2,.000,6.5,14.0,.462,3.6,4.8,.759,3.4,3.7,7.1,2.1,1.3,0.6,2.1,5.4,16.5
C,23,LAC,44,4,280,5.7,10.5,.537,0.0,0.0,,5.7,10.5,.537,2.1,4.1,.500,2.2,5.8,8.0,1.0,1.0,2.3,3.3,6.9,13.4
C,25,MIN,71,48,1296,2.9,6.3,.465,0.0,0.0,,2.9,6.3,.465,2.3,3.5,.654,3.7,5.3,9.0,0.5,0.6,1.8,1.9,6.8,8.1
SG,22,GSW,77,69,2741,5.9,12.7,.464,1.0,2.6,.369,4.9,10.1,.488,2.8,3.7,.746,1.0,2.5,3.6,3.9,1.7,0.7,2.7,2.2,15.5
SG,27,NYK,80,51,2477,7.5,17.4,.428,1.6,4.9,.321,5.9,12.5,.469,3.8,4.8,.795,0.8,2.2,3.0,5.9,1.3,0.2,2.5,3.4,20.3
SF,30,GSW,2,0,6,6.0,12.0,.500,0.0,0.0,,6.0,12.0,.500,0.0,0.0,,12.0,0.0,12.0,0.0,0.0,0.0,0.0,6.0,12.0
SF,24,WSB,81,8,1823,6.0,11.1,.543,0.0,0.0,.000,6.0,11.1,.544,3.6,5.0,.727,3.0,4.5,7.6,2.9,0.9,0.6,3.0,3.8,15.7
SG,22,DEN,39,12,865,5.2,11.6,.446,0.0,0.2,.000,5.2,11.4,.453,4.1,5.0,.832,1.6,3.5,5.2,2.0,1.0,0.2,1.8,3.4,14.4
PF-SF,30,TOT,19,0,76,9.0,18.5,.487,0.0,0.9,.000,9.0,17.5,.514,1.4,1.9,.750,3.3,5.7,9.0,1.4,0.9,0.9,3.3,5.2,19.4
PF,30,PHO,10,0,35,11.3,18.5,.611,0.0,1.0,.000,11.3,17.5,.647,0.0,0.0,,2.1,6.2,8.2,1.0,1.0,1.0,5.1,7.2,22.6
SF,30,LAC,1,0,1,0.0,36.0,.000,0.0,0.0,,0.0,36.0,.000,0.0,0.0,,0.0,0.0,0.0,0.0,0.0,0.0,0.0,0.0,0.0
SF,30,MIL,3,0,25,5.8,15.8,.364,0.0,0.0,,5.8,15.8,.364,4.3,5.8,.750,4.3,4.3,8.6,2.9,1.4,0.0,2.9,5.8,15.8
PF,30,ATL,5,0,15,9.6,21.6,.444,0.0,2.4,.000,9.6,19.2,.500,0.0,0.0,,4.8,7.2,12.0,0.0,0.0,2.4,0.0,0.0,19.2
PG,30,UTA,82,82,2863,5.5,11.3,.486,0.9,2.4,.385,4.6,9.0,.513,3.7,4.6,.798,0.8,2.2,3.0,12.4,2.5,0.3,3.3,2.8,15.6
SG,26,POR,78,35,2474,5.8,11.9,.485,0.1,0.4,.133,5.7,11.4,.499,4.0,5.5,.717,1.7,3.2,4.9,8.1,1.9,0.3,2.9,2.2,15.6
PF,24,MIL,23,0,339,4.5,9.8,.457,0.4,0.8,.500,4.0,8.9,.452,7.2,9.0,.800,4.2,8.0,12.2,1.5,1.2,0.1,1.4,2.1,16.6
SG,24,DAL,9,0,138,5.2,15.9,.328,0.5,3.4,.154,4.7,12.5,.375,2.1,2.6,.800,2.1,1.6,3.7,3.4,2.1,0.0,3.9,3.4,13.0
SG,32,HOU,2,0,25,2.9,10.1,.286,0.0,0.0,,2.9,10.1,.286,1.4,2.9,.500,0.0,4.3,4.3,2.9,0.0,0.0,1.4,1.4,7.2
PG,31,DET,79,79,2922,6.5,15.5,.418,0.8,2.4,.308,5.7,13.1,.439,3.4,4.6,.737,0.9,2.0,2.9,8.3,1.5,0.2,3.5,2.7,17.1
C,31,IND,63,0,730,5.1,10.5,.488,0.0,0.0,.000,5.1,10.5,.491,1.4,1.9,.744,2.7,6.1,8.8,1.7,1.4,1.2,2.3,6.8,11.7
PF,30,HOU,72,69,2357,5.9,10.5,.558,0.0,0.0,.000,5.9,10.5,.560,2.3,3.9,.598,3.3,5.7,9.0,2.8,0.7,0.3,2.3,3.6,14.1
PG,31,LAL,82,82,2893,6.5,12.8,.508,0.2,0.7,.264,6.3,12.1,.521,2.2,2.7,.823,0.6,2.8,3.4,7.0,1.8,0.1,2.2,3.1,15.4
PF,28,SAC,76,75,2283,8.6,16.8,.509,0.0,0.0,.000,8.6,16.8,.510,2.8,3.6,.758,2.0,5.9,7.9,1.7,0.8,0.7,1.8,4.4,19.9
PF,27,ORL,72,61,1838,4.4,8.9,.498,0.2,0.5,.321,4.3,8.3,.509,2.4,3.3,.726,2.6,5.5,8.1,1.8,0.6,0.4,2.4,3.8,11.4
SG,33,CHI,69,0,909,5.7,11.7,.485,2.1,5.2,.397,3.6,6.5,.555,0.7,0.9,.818,0.6,2.2,2.8,3.2,1.0,0.2,0.7,2.6,14.1
PF,30,ORL,75,20,1479,5.6,10.6,.529,0.2,0.4,.588,5.4,10.2,.526,1.4,1.7,.800,1.8,4.3,6.1,2.6,0.5,0.2,1.6,4.7,12.9
SF,34,LAC,41,3,494,6.7,14.8,.453,0.9,2.7,.324,5.8,12.1,.482,4.2,4.8,.879,0.9,2.6,3.5,1.8,0.9,0.5,1.5,3.3,18.5
PF,24,LAC,79,4,1653,6.8,13.4,.508,0.0,0.1,.250,6.8,13.3,.510,2.5,3.4,.748,3.6,7.1,10.7,1.2,1.2,0.8,1.8,3.7,16.2
SF,25,MIN,13,0,89,7.7,16.2,.475,1.2,1.2,1.000,6.5,15.0,.432,1.6,2.4,.667,1.6,1.6,3.2,2.4,0.8,0.0,0.8,4.9,18.2
PG-SG,31,TOT,37,2,511,2.4,6.8,.354,0.0,0.1,.000,2.4,6.7,.358,0.8,1.8,.462,1.5,2.5,4.1,3.7,2.3,0.1,1.8,4.4,5.6
SG,31,DET,9,2,144,0.7,4.7,.158,0.0,0.2,.000,0.7,4.5,.167,0.5,1.5,.333,1.0,3.7,4.7,2.3,2.5,0.0,3.2,3.0,2.0
PG,31,CHI,28,0,367,3.0,7.6,.403,0.0,0.0,,3.0,7.6,.403,1.0,2.0,.500,1.8,2.1,3.8,4.3,2.3,0.2,1.2,5.0,7.1
SG,28,LAC,4,0,28,0.0,6.4,.000,0.0,0.0,,0.0,6.4,.000,0.0,0.0,,0.0,2.6,2.6,6.4,1.3,0.0,2.6,2.6,0.0
SF,22,PHI,82,82,2654,6.7,14.3,.469,0.0,0.1,.250,6.7,14.2,.470,3.9,5.5,.713,2.4,5.6,8.0,2.0,1.2,0.9,2.4,2.6,17.4
PF,22,BOS,9,0,51,9.2,17.6,.520,0.0,0.7,.000,9.2,16.9,.542,9.2,14.8,.619,3.5,3.5,7.1,1.4,0.7,1.4,3.5,7.8,27.5
PG,29,SAC,69,68,2335,5.3,12.2,.433,0.6,2.1,.274,4.7,10.1,.466,4.3,5.1,.851,0.7,2.3,3.0,7.4,1.6,0.1,3.0,2.7,15.4
C,22,DEN,28,0,149,4.3,14.3,.305,0.0,0.2,.000,4.3,14.0,.310,4.1,7.5,.548,5.6,7.0,12.6,1.7,1.4,1.0,2.9,9.2,12.8
SG,25,MIN,80,80,3104,7.5,14.5,.517,0.0,0.3,.087,7.5,14.2,.525,2.9,3.4,.841,1.0,1.8,2.9,2.7,1.0,0.2,1.9,3.2,17.9
C,32,PHO,82,82,1558,4.0,6.6,.614,0.0,0.0,,4.0,6.6,.614,2.0,3.8,.518,3.5,7.0,10.6,0.7,0.4,2.4,2.1,5.6,10.1
PF,25,DAL,64,20,1433,5.9,13.6,.435,0.3,1.1,.238,5.7,12.5,.452,3.5,4.6,.750,3.9,5.4,9.3,1.2,1.6,1.1,2.7,5.7,15.5
PG,26,TOT,58,15,995,3.5,9.2,.378,2.0,5.6,.351,1.5,3.6,.420,0.6,0.9,.654,1.0,2.2,3.3,6.5,2.4,0.1,2.9,4.6,9.5
PG,26,ATL,25,2,354,2.6,8.2,.321,1.5,5.2,.294,1.1,3.1,.367,0.5,0.8,.625,0.9,2.6,3.6,8.2,2.6,0.2,2.9,5.0,7.3
PG,26,DAL,33,13,641,3.9,9.7,.405,2.2,5.8,.379,1.7,3.9,.443,0.7,1.0,.667,1.1,2.0,3.1,5.6,2.2,0.1,2.9,4.4,10.7
SF,33,ATL,71,70,2647,10.1,21.5,.468,1.6,4.3,.380,8.4,17.2,.490,7.1,8.5,.828,2.5,4.0,6.6,3.1,1.0,0.4,2.5,1.6,28.8
PF,30,PHI,26,0,192,10.3,18.2,.567,0.0,0.4,.000,10.3,17.8,.579,9.0,14.6,.615,2.6,4.9,7.5,0.4,1.3,0.2,3.2,6.4,29.6
SF,29,CLE,80,35,2079,6.3,13.8,.453,0.3,1.0,.276,6.0,12.8,.467,2.6,3.1,.840,1.3,2.4,3.7,3.2,1.4,0.3,1.6,2.7,15.4
PF,32,POR,82,82,2498,3.9,7.6,.511,0.0,0.0,.000,3.9,7.6,.512,2.0,3.1,.645,3.3,6.6,9.9,1.1,1.2,0.9,1.5,3.9,9.8
PG,22,CHI,35,0,242,4.6,12.6,.365,0.1,0.4,.333,4.5,12.2,.366,2.7,3.3,.818,2.8,1.8,4.6,3.4,0.6,0.3,1.6,3.6,12.0
C,34,NYK,55,0,571,4.5,11.0,.411,0.0,0.0,,4.5,11.0,.411,0.9,1.3,.667,2.8,6.4,9.2,1.2,1.3,1.8,1.4,4.9,10.0
C,30,CLE,67,13,2055,4.6,9.8,.470,0.0,0.0,,4.6,9.8,.470,3.7,5.2,.716,2.2,5.0,7.3,2.7,0.8,1.8,2.0,3.0,12.9
PF,24,NJN,12,2,139,5.4,11.9,.457,0.0,0.0,,5.4,11.9,.457,1.8,4.7,.389,5.7,4.9,10.6,0.0,1.0,1.0,2.1,6.2,12.7
SF,26,LAC,74,8,1638,4.5,10.5,.430,0.3,1.2,.226,4.2,9.3,.455,1.5,2.8,.543,1.9,5.0,6.9,3.1,1.8,0.5,1.7,4.1,10.8
SF,23,IND,57,0,844,6.4,12.0,.532,0.0,0.1,.000,6.4,11.9,.538,2.0,2.9,.706,4.4,5.4,9.7,1.6,0.9,1.9,1.2,3.7,14.8
PF-C,23,TOT,27,7,179,3.4,7.2,.472,0.0,0.0,,3.4,7.2,.472,0.4,1.4,.286,3.4,7.6,11.1,1.0,1.0,3.4,1.6,5.8,7.2
C,23,CHH,2,0,18,2.0,6.0,.333,0.0,0.0,,2.0,6.0,.333,0.0,0.0,,6.0,12.0,18.0,0.0,0.0,4.0,4.0,8.0,4.0
PF,23,ORL,3,0,10,0.0,7.2,.000,0.0,0.0,,0.0,7.2,.000,0.0,0.0,,3.6,3.6,7.2,0.0,3.6,3.6,0.0,7.2,0.0
PF,23,BOS,22,7,151,3.8,7.4,.516,0.0,0.0,,3.8,7.4,.516,0.5,1.7,.286,3.1,7.4,10.5,1.2,1.0,3.3,1.4,5.5,8.1
PG,26,MIN,76,76,2661,4.8,10.7,.446,0.4,1.4,.243,4.4,9.3,.478,5.7,6.3,.907,1.1,2.6,3.7,8.9,2.2,0.3,3.1,3.6,15.6
SF,28,DEN,79,79,2722,7.1,15.4,.458,0.4,1.6,.270,6.6,13.8,.480,3.1,3.9,.804,1.7,3.9,5.7,3.9,1.7,1.0,2.6,3.8,17.7
PF,24,CHI,71,5,1369,4.4,9.4,.466,0.0,0.2,.000,4.4,9.2,.476,2.4,3.3,.714,4.4,7.4,11.9,1.8,1.4,1.7,1.9,6.0,11.1
SF,22,SAC,59,26,1673,7.7,17.7,.435,1.3,4.1,.319,6.4,13.6,.470,4.8,6.5,.742,2.5,3.2,5.7,3.8,1.4,0.6,3.9,4.5,21.5
PF,30,ATL,80,80,2878,7.7,15.2,.506,0.1,0.4,.241,7.6,14.9,.512,2.5,3.8,.653,4.2,8.7,12.9,2.1,0.9,0.5,2.7,3.3,17.9
SG,26,HOU,39,0,340,6.5,14.7,.439,0.4,2.0,.211,6.0,12.7,.475,1.8,2.3,.773,1.8,3.4,5.2,1.4,1.1,1.1,1.6,4.2,15.1
SF,29,CHH,72,55,1471,4.4,8.2,.536,0.0,0.1,.167,4.4,8.1,.542,1.9,2.6,.738,1.2,3.1,4.3,4.5,1.6,0.2,2.2,3.3,10.8
C,28,TOT,23,0,165,4.4,9.6,.455,0.0,0.2,.000,4.4,9.4,.465,2.8,3.5,.813,3.1,7.4,10.5,1.1,1.5,0.2,1.5,5.2,11.6
C,28,BOS,2,0,9,0.0,4.0,.000,0.0,0.0,,0.0,4.0,.000,4.0,8.0,.500,4.0,8.0,12.0,0.0,0.0,4.0,8.0,8.0,4.0
C,28,POR,21,0,156,4.6,9.9,.465,0.0,0.2,.000,4.6,9.7,.476,2.8,3.2,.857,3.0,7.4,10.4,1.2,1.6,0.0,1.2,5.1,12.0
PF,28,SAS,64,2,598,3.1,7.0,.444,0.3,1.3,.238,2.8,5.8,.490,2.8,3.3,.836,2.3,3.6,5.8,2.0,0.8,0.7,1.7,5.6,9.3
PG,22,LAC,41,1,174,4.8,13.7,.348,0.6,2.9,.214,4.1,10.8,.385,3.9,5.4,.731,1.2,1.7,2.9,8.3,2.9,0.2,3.3,5.4,14.1
SF,33,TOT,58,47,1555,6.7,13.9,.482,0.0,0.2,.000,6.7,13.7,.490,2.8,4.1,.678,2.0,2.3,4.3,2.7,0.6,0.6,1.8,2.8,16.2
SF,33,DET,50,47,1477,6.6,13.8,.479,0.0,0.2,.000,6.6,13.6,.487,2.8,4.1,.673,2.0,2.2,4.3,2.7,0.6,0.6,1.8,2.8,16.0
SF,33,MIL,8,0,78,8.3,15.2,.545,0.0,0.0,,8.3,15.2,.545,3.2,4.2,.778,1.4,2.8,4.2,1.4,0.5,0.9,2.8,3.7,19.8
SF,31,LAL,82,69,2359,7.8,17.4,.447,0.5,1.7,.270,7.3,15.7,.466,2.6,3.2,.810,1.1,2.7,3.8,4.2,1.4,0.4,2.1,1.3,18.6
PF,25,ORL,4,0,10,14.4,18.0,.800,0.0,0.0,,14.4,18.0,.800,0.0,7.2,.000,3.6,3.6,7.2,0.0,0.0,0.0,0.0,0.0,28.8
PG,30,DET,65,2,836,3.0,7.2,.413,0.9,2.9,.324,2.0,4.3,.475,1.2,1.4,.875,0.6,1.5,2.0,5.1,1.3,0.2,1.3,1.6,8.1
